market,sku,week,pallets
MK-NYC,STILL15,1,66.82738095238095
MK-NYC,STILL15,2,51.06845238095238
MK-NYC,STILL15,3,69.94940476190476
MK-NYC,STILL15,4,60.98660714285714
MK-NYC,STILL15,5,34.541666666666664
MK-NYC,STILL15,6,76.7172619047619
MK-NYC,STILL15,7,58.69047619047619
MK-NYC,STILL15,8,70.45684523809524
MK-NYC,STILL15,9,90.40922619047619
MK-NYC,STILL15,10,64.69642857142857
MK-NYC,STILL15,11,42.680059523809526
MK-NYC,STILL15,12,49.13095238095238
MK-NYC,STILL15,13,76.96577380952381
MK-NYC,STILL15,14,36.41220238095238
MK-NYC,STILL15,15,64.61755952380952
MK-NYC,STILL15,16,66.44791666666667
MK-NYC,STILL15,17,41.4375
MK-NYC,STILL15,18,63.069940476190474
MK-NYC,STILL15,19,69.41517857142857
MK-NYC,STILL15,20,47.626488095238095
MK-NYC,STILL15,21,52.41815476190476
MK-NYC,STILL15,22,69.21130952380952
MK-NYC,STILL15,23,39.001488095238095
MK-NYC,STILL15,24,45.86607142857143
MK-NYC,STILL15,25,75.93452380952381
MK-NYC,STILL15,26,61.69940476190476
MK-NYC,STILL15,27,37.07886904761905
MK-NYC,STILL15,28,60.48214285714286
MK-NYC,STILL15,29,92.12202380952381
MK-NYC,STILL15,30,35.48809523809524
MK-NYC,STILL15,31,73.67261904761905
MK-NYC,STILL15,32,72.73511904761904
MK-NYC,STILL15,33,57.39732142857143
MK-NYC,STILL15,34,70.21875
MK-NYC,STILL15,35,49.24404761904762
MK-NYC,STILL15,36,85.62053571428571
MK-NYC,STILL15,37,88.49702380952381
MK-NYC,STILL15,38,45.867559523809526
MK-NYC,STILL15,39,56.79315476190476
MK-NYC,STILL15,40,62.458333333333336
MK-NYC,STILL15,41,50.043154761904766
MK-NYC,STILL15,42,66.07738095238096
MK-NYC,STILL15,43,43.28422619047619
MK-NYC,STILL15,44,69.76190476190476
MK-NYC,STILL15,45,55.36607142857143
MK-NYC,STILL15,46,59.495535714285715
MK-NYC,STILL15,47,68.01934523809524
MK-NYC,STILL15,48,75.48065476190476
MK-NYC,STILL15,49,44.16815476190476
MK-NYC,STILL15,50,73.23660714285714
MK-NYC,STILL15,51,74.70833333333333
MK-NYC,STILL15,52,58.407738095238095
MK-NYC,SPARK10,1,42.86071428571429
MK-NYC,SPARK10,2,34.18333333333333
MK-NYC,SPARK10,3,41.08809523809524
MK-NYC,SPARK10,4,34.65595238095238
MK-NYC,SPARK10,5,44.00238095238095
MK-NYC,SPARK10,6,36.94166666666667
MK-NYC,SPARK10,7,49.786904761904765
MK-NYC,SPARK10,8,43.49047619047619
MK-NYC,SPARK10,9,44.028571428571425
MK-NYC,SPARK10,10,31.99404761904762
MK-NYC,SPARK10,11,27.13809523809524
MK-NYC,SPARK10,12,35.44642857142857
MK-NYC,SPARK10,13,52.26190476190476
MK-NYC,SPARK10,14,34.53452380952381
MK-NYC,SPARK10,15,48.477380952380955
MK-NYC,SPARK10,16,48.70357142857143
MK-NYC,SPARK10,17,36.845238095238095
MK-NYC,SPARK10,18,39.24761904761905
MK-NYC,SPARK10,19,49.04047619047619
MK-NYC,SPARK10,20,38.963095238095235
MK-NYC,SPARK10,21,37.99404761904762
MK-NYC,SPARK10,22,36.90238095238095
MK-NYC,SPARK10,23,41.083333333333336
MK-NYC,SPARK10,24,39.91071428571429
MK-NYC,SPARK10,25,48.57738095238095
MK-NYC,SPARK10,26,42.147619047619045
MK-NYC,SPARK10,27,48.225
MK-NYC,SPARK10,28,39.93571428571428
MK-NYC,SPARK10,29,56.760714285714286
MK-NYC,SPARK10,30,39.878571428571426
MK-NYC,SPARK10,31,39.69166666666666
MK-NYC,SPARK10,32,35.48690476190476
MK-NYC,SPARK10,33,29.75
MK-NYC,SPARK10,34,35.05
MK-NYC,SPARK10,35,42.00595238095239
MK-NYC,SPARK10,36,34.253571428571426
MK-NYC,SPARK10,37,45.976190476190474
MK-NYC,SPARK10,38,30.1547619047619
MK-NYC,SPARK10,39,29.867857142857144
MK-NYC,SPARK10,40,42.60595238095238
MK-NYC,SPARK10,41,43.10357142857143
MK-NYC,SPARK10,42,33.375
MK-NYC,SPARK10,43,47.61071428571429
MK-NYC,SPARK10,44,49.56666666666667
MK-NYC,SPARK10,45,42.983333333333334
MK-NYC,SPARK10,46,32.39047619047619
MK-NYC,SPARK10,47,48.680952380952384
MK-NYC,SPARK10,48,38.82380952380952
MK-NYC,SPARK10,49,39.53928571428571
MK-NYC,SPARK10,50,43.78214285714286
MK-NYC,SPARK10,51,36.2
MK-NYC,SPARK10,52,50.39642857142857
MK-NYC,COLA33,1,40.78727272727273
MK-NYC,COLA33,2,95.9659090909091
MK-NYC,COLA33,3,48.91863636363637
MK-NYC,COLA33,4,94.505
MK-NYC,COLA33,5,54.55954545454546
MK-NYC,COLA33,6,94.98863636363636
MK-NYC,COLA33,7,102.59454545454545
MK-NYC,COLA33,8,62.44954545454546
MK-NYC,COLA33,9,72.01
MK-NYC,COLA33,10,50.831818181818186
MK-NYC,COLA33,11,91.53818181818181
MK-NYC,COLA33,12,65.48681818181818
MK-NYC,COLA33,13,51.63
MK-NYC,COLA33,14,81.85590909090908
MK-NYC,COLA33,15,80.28681818181818
MK-NYC,COLA33,16,71.17318181818182
MK-NYC,COLA33,17,62.75681818181818
MK-NYC,COLA33,18,93.09727272727272
MK-NYC,COLA33,19,57.82045454545455
MK-NYC,COLA33,20,53.25272727272727
MK-NYC,COLA33,21,66.6740909090909
MK-NYC,COLA33,22,83.38318181818182
MK-NYC,COLA33,23,63.51681818181818
MK-NYC,COLA33,24,58.16863636363637
MK-NYC,COLA33,25,49.54863636363636
MK-NYC,COLA33,26,54.42727272727273
MK-NYC,COLA33,27,57.261818181818185
MK-NYC,COLA33,28,115.32318181818182
MK-NYC,COLA33,29,32.74909090909091
MK-NYC,COLA33,30,61.711363636363636
MK-NYC,COLA33,31,73.14954545454546
MK-NYC,COLA33,32,52.36636363636364
MK-NYC,COLA33,33,45.636818181818185
MK-NYC,COLA33,34,83.87818181818182
MK-NYC,COLA33,35,101.93909090909091
MK-NYC,COLA33,36,95.87954545454545
MK-NYC,COLA33,37,72.11045454545454
MK-NYC,COLA33,38,62.04681818181818
MK-NYC,COLA33,39,86.22181818181818
MK-NYC,COLA33,40,35.60636363636364
MK-NYC,COLA33,41,53.32136363636364
MK-NYC,COLA33,42,103.90136363636364
MK-NYC,COLA33,43,81.17318181818182
MK-NYC,COLA33,44,75.325
MK-NYC,COLA33,45,67.66272727272727
MK-NYC,COLA33,46,63.417272727272724
MK-NYC,COLA33,47,53.27363636363637
MK-NYC,COLA33,48,84.49636363636364
MK-NYC,COLA33,49,82.94363636363637
MK-NYC,COLA33,50,83.25954545454545
MK-NYC,COLA33,51,18.290454545454544
MK-NYC,COLA33,52,100.02772727272728
MK-NYC,TEA50,1,24.117272727272727
MK-NYC,TEA50,2,26.78181818181818
MK-NYC,TEA50,3,38.736363636363635
MK-NYC,TEA50,4,29.76909090909091
MK-NYC,TEA50,5,26.90909090909091
MK-NYC,TEA50,6,30.526363636363637
MK-NYC,TEA50,7,42.08090909090909
MK-NYC,TEA50,8,39.82090909090909
MK-NYC,TEA50,9,38.71454545454546
MK-NYC,TEA50,10,39.77
MK-NYC,TEA50,11,38.42909090909091
MK-NYC,TEA50,12,30.542727272727273
MK-NYC,TEA50,13,25.950000000000003
MK-NYC,TEA50,14,41.49
MK-NYC,TEA50,15,32.46181818181818
MK-NYC,TEA50,16,34.125454545454545
MK-NYC,TEA50,17,30.193636363636365
MK-NYC,TEA50,18,36.663636363636364
MK-NYC,TEA50,19,42.25090909090909
MK-NYC,TEA50,20,30.60818181818182
MK-NYC,TEA50,21,34.333636363636366
MK-NYC,TEA50,22,33.74363636363636
MK-NYC,TEA50,23,37.74272727272727
MK-NYC,TEA50,24,33.28454545454545
MK-NYC,TEA50,25,33.63636363636364
MK-NYC,TEA50,26,29.402727272727272
MK-NYC,TEA50,27,33.621818181818185
MK-NYC,TEA50,28,28.59090909090909
MK-NYC,TEA50,29,38.29272727272728
MK-NYC,TEA50,30,32.519090909090906
MK-NYC,TEA50,31,44.345454545454544
MK-NYC,TEA50,32,28.904545454545453
MK-NYC,TEA50,33,26.585454545454546
MK-NYC,TEA50,34,39.483636363636364
MK-NYC,TEA50,35,37.627272727272725
MK-NYC,TEA50,36,24.31818181818182
MK-NYC,TEA50,37,50.70636363636363
MK-NYC,TEA50,38,32.28454545454545
MK-NYC,TEA50,39,40.834545454545456
MK-NYC,TEA50,40,30.81181818181818
MK-NYC,TEA50,41,38.0
MK-NYC,TEA50,42,40.78636363636364
MK-NYC,TEA50,43,30.226363636363637
MK-NYC,TEA50,44,35.78090909090909
MK-NYC,TEA50,45,39.24454545454545
MK-NYC,TEA50,46,47.07454545454545
MK-NYC,TEA50,47,40.04727272727273
MK-NYC,TEA50,48,42.85
MK-NYC,TEA50,49,37.47
MK-NYC,TEA50,50,38.24
MK-NYC,TEA50,51,37.38272727272727
MK-NYC,TEA50,52,32.28454545454545
MK-NYC,JUICE10,1,30.862857142857145
MK-NYC,JUICE10,2,25.982857142857142
MK-NYC,JUICE10,3,40.90714285714286
MK-NYC,JUICE10,4,37.73571428571428
MK-NYC,JUICE10,5,26.902857142857144
MK-NYC,JUICE10,6,38.61571428571429
MK-NYC,JUICE10,7,27.571428571428573
MK-NYC,JUICE10,8,28.642857142857142
MK-NYC,JUICE10,9,25.104285714285712
MK-NYC,JUICE10,10,39.879999999999995
MK-NYC,JUICE10,11,31.935714285714287
MK-NYC,JUICE10,12,37.77
MK-NYC,JUICE10,13,22.565714285714286
MK-NYC,JUICE10,14,29.52857142857143
MK-NYC,JUICE10,15,19.411428571428573
MK-NYC,JUICE10,16,27.625714285714288
MK-NYC,JUICE10,17,29.535714285714285
MK-NYC,JUICE10,18,31.14857142857143
MK-NYC,JUICE10,19,20.340000000000003
MK-NYC,JUICE10,20,41.08857142857143
MK-NYC,JUICE10,21,19.464285714285715
MK-NYC,JUICE10,22,42.112857142857145
MK-NYC,JUICE10,23,31.54714285714286
MK-NYC,JUICE10,24,41.01428571428572
MK-NYC,JUICE10,25,24.37
MK-NYC,JUICE10,26,33.50714285714286
MK-NYC,JUICE10,27,37.20285714285714
MK-NYC,JUICE10,28,50.135714285714286
MK-NYC,JUICE10,29,36.09857142857143
MK-NYC,JUICE10,30,47.0
MK-NYC,JUICE10,31,35.82142857142858
MK-NYC,JUICE10,32,44.49857142857143
MK-NYC,JUICE10,33,33.32142857142857
MK-NYC,JUICE10,34,34.245714285714286
MK-NYC,JUICE10,35,41.21
MK-NYC,JUICE10,36,23.71857142857143
MK-NYC,JUICE10,37,20.874285714285712
MK-NYC,JUICE10,38,35.38285714285714
MK-NYC,JUICE10,39,51.121428571428574
MK-NYC,JUICE10,40,45.80714285714286
MK-NYC,JUICE10,41,34.919999999999995
MK-NYC,JUICE10,42,39.20142857142857
MK-NYC,JUICE10,43,36.02571428571429
MK-NYC,JUICE10,44,37.494285714285716
MK-NYC,JUICE10,45,45.81285714285714
MK-NYC,JUICE10,46,25.169999999999998
MK-NYC,JUICE10,47,24.825714285714284
MK-NYC,JUICE10,48,18.83142857142857
MK-NYC,JUICE10,49,27.365714285714287
MK-NYC,JUICE10,50,42.651428571428575
MK-NYC,JUICE10,51,33.82142857142857
MK-NYC,JUICE10,52,23.87
MK-NYC,ENER25,1,20.128214285714286
MK-NYC,ENER25,2,10.959285714285715
MK-NYC,ENER25,3,19.185357142857143
MK-NYC,ENER25,4,16.9075
MK-NYC,ENER25,5,17.857857142857142
MK-NYC,ENER25,6,20.783571428571427
MK-NYC,ENER25,7,13.932857142857143
MK-NYC,ENER25,8,15.555
MK-NYC,ENER25,9,19.893214285714286
MK-NYC,ENER25,10,19.419642857142854
MK-NYC,ENER25,11,22.972857142857144
MK-NYC,ENER25,12,20.583928571428572
MK-NYC,ENER25,13,12.478928571428572
MK-NYC,ENER25,14,20.857857142857142
MK-NYC,ENER25,15,18.515357142857145
MK-NYC,ENER25,16,19.725357142857142
MK-NYC,ENER25,17,23.3275
MK-NYC,ENER25,18,19.6
MK-NYC,ENER25,19,18.327857142857145
MK-NYC,ENER25,20,12.493214285714286
MK-NYC,ENER25,21,17.3325
MK-NYC,ENER25,22,22.546785714285715
MK-NYC,ENER25,23,21.347142857142856
MK-NYC,ENER25,24,14.086785714285714
MK-NYC,ENER25,25,13.41357142857143
MK-NYC,ENER25,26,17.527857142857144
MK-NYC,ENER25,27,21.028214285714284
MK-NYC,ENER25,28,16.059285714285714
MK-NYC,ENER25,29,24.75785714285714
MK-NYC,ENER25,30,27.974285714285713
MK-NYC,ENER25,31,14.465
MK-NYC,ENER25,32,27.572499999999998
MK-NYC,ENER25,33,27.201785714285712
MK-NYC,ENER25,34,10.637857142857143
MK-NYC,ENER25,35,12.249285714285715
MK-NYC,ENER25,36,18.405714285714286
MK-NYC,ENER25,37,19.055714285714288
MK-NYC,ENER25,38,15.467142857142857
MK-NYC,ENER25,39,19.022142857142857
MK-NYC,ENER25,40,22.28607142857143
MK-NYC,ENER25,41,15.311428571428571
MK-NYC,ENER25,42,9.61
MK-NYC,ENER25,43,17.66071428571429
MK-NYC,ENER25,44,22.28107142857143
MK-NYC,ENER25,45,25.131071428571428
MK-NYC,ENER25,46,23.432142857142857
MK-NYC,ENER25,47,7.435357142857143
MK-NYC,ENER25,48,13.98392857142857
MK-NYC,ENER25,49,18.50464285714286
MK-NYC,ENER25,50,15.38642857142857
MK-NYC,ENER25,51,21.25464285714286
MK-NYC,ENER25,52,20.865357142857142
MK-LAX,STILL15,1,52.242559523809526
MK-LAX,STILL15,2,71.08333333333334
MK-LAX,STILL15,3,67.50892857142857
MK-LAX,STILL15,4,65.25595238095238
MK-LAX,STILL15,5,70.05803571428572
MK-LAX,STILL15,6,75.28869047619048
MK-LAX,STILL15,7,60.828869047619044
MK-LAX,STILL15,8,52.67261904761905
MK-LAX,STILL15,9,53.66517857142857
MK-LAX,STILL15,10,79.60416666666667
MK-LAX,STILL15,11,64.83184523809524
MK-LAX,STILL15,12,47.916666666666664
MK-LAX,STILL15,13,48.535714285714285
MK-LAX,STILL15,14,74.25446428571428
MK-LAX,STILL15,15,57.580357142857146
MK-LAX,STILL15,16,80.21130952380952
MK-LAX,STILL15,17,77.80505952380952
MK-LAX,STILL15,18,57.410714285714285
MK-LAX,STILL15,19,56.87202380952381
MK-LAX,STILL15,20,49.48214285714286
MK-LAX,STILL15,21,68.72470238095238
MK-LAX,STILL15,22,44.01041666666667
MK-LAX,STILL15,23,64.69940476190476
MK-LAX,STILL15,24,55.226190476190474
MK-LAX,STILL15,25,76.85714285714286
MK-LAX,STILL15,26,55.260416666666664
MK-LAX,STILL15,27,50.388392857142854
MK-LAX,STILL15,28,65.94345238095238
MK-LAX,STILL15,29,47.34672619047619
MK-LAX,STILL15,30,66.71130952380952
MK-LAX,STILL15,31,55.28125
MK-LAX,STILL15,32,51.91964285714286
MK-LAX,STILL15,33,54.918154761904766
MK-LAX,STILL15,34,55.711309523809526
MK-LAX,STILL15,35,44.23660714285714
MK-LAX,STILL15,36,65.22321428571429
MK-LAX,STILL15,37,57.736607142857146
MK-LAX,STILL15,38,51.55654761904762
MK-LAX,STILL15,39,73.4375
MK-LAX,STILL15,40,61.43154761904762
MK-LAX,STILL15,41,77.49404761904762
MK-LAX,STILL15,42,38.45089285714286
MK-LAX,STILL15,43,74.49107142857143
MK-LAX,STILL15,44,60.79613095238095
MK-LAX,STILL15,45,78.55357142857143
MK-LAX,STILL15,46,60.473214285714285
MK-LAX,STILL15,47,54.046130952380956
MK-LAX,STILL15,48,52.37797619047619
MK-LAX,STILL15,49,64.15922619047619
MK-LAX,STILL15,50,41.66517857142857
MK-LAX,STILL15,51,55.35863095238095
MK-LAX,STILL15,52,48.001488095238095
MK-LAX,SPARK10,1,45.82857142857143
MK-LAX,SPARK10,2,35.510714285714286
MK-LAX,SPARK10,3,46.12619047619047
MK-LAX,SPARK10,4,62.017857142857146
MK-LAX,SPARK10,5,40.583333333333336
MK-LAX,SPARK10,6,43.44285714285714
MK-LAX,SPARK10,7,34.214285714285715
MK-LAX,SPARK10,8,39.5
MK-LAX,SPARK10,9,32.46547619047619
MK-LAX,SPARK10,10,52.983333333333334
MK-LAX,SPARK10,11,32.34285714285714
MK-LAX,SPARK10,12,43.89880952380952
MK-LAX,SPARK10,13,32.647619047619045
MK-LAX,SPARK10,14,39.07142857142857
MK-LAX,SPARK10,15,29.766666666666666
MK-LAX,SPARK10,16,28.51904761904762
MK-LAX,SPARK10,17,49.78809523809524
MK-LAX,SPARK10,18,47.16904761904762
MK-LAX,SPARK10,19,39.726190476190474
MK-LAX,SPARK10,20,34.575
MK-LAX,SPARK10,21,36.298809523809524
MK-LAX,SPARK10,22,27.353571428571428
MK-LAX,SPARK10,23,39.016666666666666
MK-LAX,SPARK10,24,50.18452380952381
MK-LAX,SPARK10,25,30.17857142857143
MK-LAX,SPARK10,26,58.75833333333334
MK-LAX,SPARK10,27,39.773809523809526
MK-LAX,SPARK10,28,51.541666666666664
MK-LAX,SPARK10,29,42.52023809523809
MK-LAX,SPARK10,30,27.561904761904763
MK-LAX,SPARK10,31,25.754761904761907
MK-LAX,SPARK10,32,50.53928571428571
MK-LAX,SPARK10,33,48.339285714285715
MK-LAX,SPARK10,34,28.99047619047619
MK-LAX,SPARK10,35,56.24642857142857
MK-LAX,SPARK10,36,36.06428571428572
MK-LAX,SPARK10,37,67.45952380952382
MK-LAX,SPARK10,38,33.53333333333333
MK-LAX,SPARK10,39,46.27142857142857
MK-LAX,SPARK10,40,37.93214285714286
MK-LAX,SPARK10,41,30.094047619047615
MK-LAX,SPARK10,42,43.38928571428571
MK-LAX,SPARK10,43,28.988095238095237
MK-LAX,SPARK10,44,27.1
MK-LAX,SPARK10,45,35.12380952380953
MK-LAX,SPARK10,46,22.404761904761905
MK-LAX,SPARK10,47,23.207142857142856
MK-LAX,SPARK10,48,32.71071428571428
MK-LAX,SPARK10,49,38.13690476190476
MK-LAX,SPARK10,50,44.35952380952381
MK-LAX,SPARK10,51,48.51190476190476
MK-LAX,SPARK10,52,35.475
MK-LAX,COLA33,1,77.29636363636364
MK-LAX,COLA33,2,69.34136363636364
MK-LAX,COLA33,3,39.82909090909091
MK-LAX,COLA33,4,64.42954545454546
MK-LAX,COLA33,5,68.35136363636364
MK-LAX,COLA33,6,62.253181818181815
MK-LAX,COLA33,7,70.91954545454546
MK-LAX,COLA33,8,70.96909090909091
MK-LAX,COLA33,9,62.79636363636364
MK-LAX,COLA33,10,65.325
MK-LAX,COLA33,11,59.46545454545455
MK-LAX,COLA33,12,74.94954545454546
MK-LAX,COLA33,13,45.09
MK-LAX,COLA33,14,43.98863636363637
MK-LAX,COLA33,15,70.44
MK-LAX,COLA33,16,41.17227272727273
MK-LAX,COLA33,17,64.49681818181818
MK-LAX,COLA33,18,60.511818181818185
MK-LAX,COLA33,19,73.65727272727273
MK-LAX,COLA33,20,49.053636363636365
MK-LAX,COLA33,21,48.621818181818185
MK-LAX,COLA33,22,58.11954545454546
MK-LAX,COLA33,23,57.72272727272727
MK-LAX,COLA33,24,50.37045454545454
MK-LAX,COLA33,25,48.90681818181818
MK-LAX,COLA33,26,58.96818181818182
MK-LAX,COLA33,27,67.56863636363636
MK-LAX,COLA33,28,35.233636363636364
MK-LAX,COLA33,29,69.14090909090909
MK-LAX,COLA33,30,64.32227272727273
MK-LAX,COLA33,31,53.54227272727273
MK-LAX,COLA33,32,47.36636363636364
MK-LAX,COLA33,33,51.08318181818182
MK-LAX,COLA33,34,35.85363636363636
MK-LAX,COLA33,35,58.71590909090909
MK-LAX,COLA33,36,57.72090909090909
MK-LAX,COLA33,37,57.028636363636366
MK-LAX,COLA33,38,61.19090909090909
MK-LAX,COLA33,39,43.74045454545454
MK-LAX,COLA33,40,67.27636363636364
MK-LAX,COLA33,41,55.557272727272725
MK-LAX,COLA33,42,58.168181818181814
MK-LAX,COLA33,43,60.512727272727275
MK-LAX,COLA33,44,60.518181818181816
MK-LAX,COLA33,45,66.13727272727273
MK-LAX,COLA33,46,59.96590909090909
MK-LAX,COLA33,47,59.795
MK-LAX,COLA33,48,48.04545454545455
MK-LAX,COLA33,49,51.66
MK-LAX,COLA33,50,40.305
MK-LAX,COLA33,51,59.31636363636364
MK-LAX,COLA33,52,53.58909090909091
MK-LAX,TEA50,1,26.715454545454545
MK-LAX,TEA50,2,38.42727272727273
MK-LAX,TEA50,3,34.586363636363636
MK-LAX,TEA50,4,26.42909090909091
MK-LAX,TEA50,5,37.74090909090909
MK-LAX,TEA50,6,43.416363636363634
MK-LAX,TEA50,7,50.68545454545455
MK-LAX,TEA50,8,30.794545454545457
MK-LAX,TEA50,9,48.59090909090909
MK-LAX,TEA50,10,32.224545454545456
MK-LAX,TEA50,11,39.86181818181818
MK-LAX,TEA50,12,48.89090909090909
MK-LAX,TEA50,13,38.084545454545456
MK-LAX,TEA50,14,35.098181818181814
MK-LAX,TEA50,15,29.491818181818182
MK-LAX,TEA50,16,47.084545454545456
MK-LAX,TEA50,17,30.712727272727275
MK-LAX,TEA50,18,39.47090909090909
MK-LAX,TEA50,19,37.12909090909091
MK-LAX,TEA50,20,41.43545454545455
MK-LAX,TEA50,21,49.77
MK-LAX,TEA50,22,42.28272727272727
MK-LAX,TEA50,23,55.406363636363636
MK-LAX,TEA50,24,52.78363636363636
MK-LAX,TEA50,25,36.92363636363636
MK-LAX,TEA50,26,27.445454545454545
MK-LAX,TEA50,27,35.59
MK-LAX,TEA50,28,35.13636363636364
MK-LAX,TEA50,29,49.52
MK-LAX,TEA50,30,37.67545454545454
MK-LAX,TEA50,31,42.77181818181818
MK-LAX,TEA50,32,25.104545454545455
MK-LAX,TEA50,33,42.42909090909091
MK-LAX,TEA50,34,51.28181818181818
MK-LAX,TEA50,35,38.488181818181815
MK-LAX,TEA50,36,30.51818181818182
MK-LAX,TEA50,37,36.00636363636364
MK-LAX,TEA50,38,39.18000000000001
MK-LAX,TEA50,39,38.480000000000004
MK-LAX,TEA50,40,38.124545454545455
MK-LAX,TEA50,41,40.45181818181818
MK-LAX,TEA50,42,30.92909090909091
MK-LAX,TEA50,43,35.67363636363636
MK-LAX,TEA50,44,34.74818181818182
MK-LAX,TEA50,45,34.845454545454544
MK-LAX,TEA50,46,22.35818181818182
MK-LAX,TEA50,47,38.13909090909091
MK-LAX,TEA50,48,40.444545454545455
MK-LAX,TEA50,49,26.474545454545456
MK-LAX,TEA50,50,50.07818181818182
MK-LAX,TEA50,51,34.77818181818182
MK-LAX,TEA50,52,35.69
MK-LAX,JUICE10,1,31.49142857142857
MK-LAX,JUICE10,2,33.14714285714286
MK-LAX,JUICE10,3,24.01
MK-LAX,JUICE10,4,24.33142857142857
MK-LAX,JUICE10,5,17.654285714285713
MK-LAX,JUICE10,6,29.332857142857144
MK-LAX,JUICE10,7,29.15
MK-LAX,JUICE10,8,33.35
MK-LAX,JUICE10,9,22.347142857142856
MK-LAX,JUICE10,10,17.637142857142855
MK-LAX,JUICE10,11,32.24857142857143
MK-LAX,JUICE10,12,11.727142857142857
MK-LAX,JUICE10,13,20.711428571428574
MK-LAX,JUICE10,14,32.207142857142856
MK-LAX,JUICE10,15,26.135714285714286
MK-LAX,JUICE10,16,19.087142857142858
MK-LAX,JUICE10,17,25.39
MK-LAX,JUICE10,18,34.86571428571429
MK-LAX,JUICE10,19,26.02857142857143
MK-LAX,JUICE10,20,24.762857142857143
MK-LAX,JUICE10,21,33.637142857142855
MK-LAX,JUICE10,22,23.490000000000002
MK-LAX,JUICE10,23,27.985714285714288
MK-LAX,JUICE10,24,34.597142857142856
MK-LAX,JUICE10,25,17.347142857142856
MK-LAX,JUICE10,26,22.66
MK-LAX,JUICE10,27,31.457142857142856
MK-LAX,JUICE10,28,26.6
MK-LAX,JUICE10,29,37.62714285714286
MK-LAX,JUICE10,30,26.46714285714286
MK-LAX,JUICE10,31,27.654285714285713
MK-LAX,JUICE10,32,18.72142857142857
MK-LAX,JUICE10,33,20.658571428571427
MK-LAX,JUICE10,34,35.95428571428572
MK-LAX,JUICE10,35,22.782857142857143
MK-LAX,JUICE10,36,28.402857142857144
MK-LAX,JUICE10,37,25.228571428571428
MK-LAX,JUICE10,38,40.88142857142857
MK-LAX,JUICE10,39,17.252857142857142
MK-LAX,JUICE10,40,30.25
MK-LAX,JUICE10,41,26.915714285714287
MK-LAX,JUICE10,42,20.75142857142857
MK-LAX,JUICE10,43,25.124285714285715
MK-LAX,JUICE10,44,30.632857142857144
MK-LAX,JUICE10,45,43.89
MK-LAX,JUICE10,46,34.96285714285714
MK-LAX,JUICE10,47,30.869999999999997
MK-LAX,JUICE10,48,28.518571428571427
MK-LAX,JUICE10,49,18.84
MK-LAX,JUICE10,50,19.044285714285714
MK-LAX,JUICE10,51,30.434285714285714
MK-LAX,JUICE10,52,18.344285714285714
MK-LAX,ENER25,1,14.918214285714285
MK-LAX,ENER25,2,15.841785714285715
MK-LAX,ENER25,3,19.040357142857143
MK-LAX,ENER25,4,18.207142857142856
MK-LAX,ENER25,5,21.39035714285714
MK-LAX,ENER25,6,23.443571428571428
MK-LAX,ENER25,7,18.041785714285716
MK-LAX,ENER25,8,21.473928571428573
MK-LAX,ENER25,9,19.653928571428573
MK-LAX,ENER25,10,16.119642857142857
MK-LAX,ENER25,11,17.025
MK-LAX,ENER25,12,15.757142857142856
MK-LAX,ENER25,13,12.862142857142857
MK-LAX,ENER25,14,21.043928571428573
MK-LAX,ENER25,15,21.506785714285712
MK-LAX,ENER25,16,20.27
MK-LAX,ENER25,17,17.759285714285713
MK-LAX,ENER25,18,19.005714285714287
MK-LAX,ENER25,19,19.626785714285713
MK-LAX,ENER25,20,18.990357142857142
MK-LAX,ENER25,21,17.341428571428573
MK-LAX,ENER25,22,18.284285714285716
MK-LAX,ENER25,23,18.4475
MK-LAX,ENER25,24,21.13714285714286
MK-LAX,ENER25,25,21.620357142857145
MK-LAX,ENER25,26,15.215714285714286
MK-LAX,ENER25,27,26.059642857142858
MK-LAX,ENER25,28,20.123214285714287
MK-LAX,ENER25,29,16.552142857142858
MK-LAX,ENER25,30,14.120000000000001
MK-LAX,ENER25,31,19.77642857142857
MK-LAX,ENER25,32,21.635714285714286
MK-LAX,ENER25,33,16.193214285714287
MK-LAX,ENER25,34,17.479285714285716
MK-LAX,ENER25,35,23.505714285714287
MK-LAX,ENER25,36,21.384999999999998
MK-LAX,ENER25,37,20.670714285714286
MK-LAX,ENER25,38,20.418214285714285
MK-LAX,ENER25,39,24.568214285714284
MK-LAX,ENER25,40,17.218214285714286
MK-LAX,ENER25,41,19.5775
MK-LAX,ENER25,42,17.11857142857143
MK-LAX,ENER25,43,15.353928571428572
MK-LAX,ENER25,44,14.048571428571428
MK-LAX,ENER25,45,16.771785714285713
MK-LAX,ENER25,46,16.272142857142857
MK-LAX,ENER25,47,16.802857142857142
MK-LAX,ENER25,48,20.26892857142857
MK-LAX,ENER25,49,17.132142857142856
MK-LAX,ENER25,50,16.00642857142857
MK-LAX,ENER25,51,17.305
MK-LAX,ENER25,52,16.81285714285714
MK-CHI,STILL15,1,36.25
MK-CHI,STILL15,2,41.989583333333336
MK-CHI,STILL15,3,29.444940476190474
MK-CHI,STILL15,4,36.32886904761905
MK-CHI,STILL15,5,36.69345238095238
MK-CHI,STILL15,6,38.08482142857143
MK-CHI,STILL15,7,48.482142857142854
MK-CHI,STILL15,8,34.589285714285715
MK-CHI,STILL15,9,33.39285714285714
MK-CHI,STILL15,10,41.36904761904762
MK-CHI,STILL15,11,39.779761904761905
MK-CHI,STILL15,12,48.5952380952381
MK-CHI,STILL15,13,62.854166666666664
MK-CHI,STILL15,14,43.660714285714285
MK-CHI,STILL15,15,35.941964285714285
MK-CHI,STILL15,16,34.71875
MK-CHI,STILL15,17,48.63392857142857
MK-CHI,STILL15,18,29.794642857142858
MK-CHI,STILL15,19,34.888392857142854
MK-CHI,STILL15,20,40.33184523809524
MK-CHI,STILL15,21,40.311011904761905
MK-CHI,STILL15,22,33.276785714285715
MK-CHI,STILL15,23,50.436011904761905
MK-CHI,STILL15,24,47.61309523809524
MK-CHI,STILL15,25,48.80654761904762
MK-CHI,STILL15,26,34.69047619047619
MK-CHI,STILL15,27,30.68452380952381
MK-CHI,STILL15,28,41.78720238095239
MK-CHI,STILL15,29,36.075892857142854
MK-CHI,STILL15,30,35.714285714285715
MK-CHI,STILL15,31,35.29761904761905
MK-CHI,STILL15,32,46.520833333333336
MK-CHI,STILL15,33,32.09375
MK-CHI,STILL15,34,61.99404761904762
MK-CHI,STILL15,35,19.949404761904763
MK-CHI,STILL15,36,34.17261904761905
MK-CHI,STILL15,37,35.73363095238095
MK-CHI,STILL15,38,32.09077380952381
MK-CHI,STILL15,39,36.63392857142857
MK-CHI,STILL15,40,34.464285714285715
MK-CHI,STILL15,41,25.001488095238095
MK-CHI,STILL15,42,39.447916666666664
MK-CHI,STILL15,43,53.03125
MK-CHI,STILL15,44,26.139880952380953
MK-CHI,STILL15,45,30.857142857142858
MK-CHI,STILL15,46,27.924107142857142
MK-CHI,STILL15,47,37.41666666666667
MK-CHI,STILL15,48,26.197916666666664
MK-CHI,STILL15,49,37.063988095238095
MK-CHI,STILL15,50,37.916666666666664
MK-CHI,STILL15,51,40.657738095238095
MK-CHI,STILL15,52,45.776785714285715
MK-CHI,SPARK10,1,33.6
MK-CHI,SPARK10,2,21.14761904761905
MK-CHI,SPARK10,3,23.33571428571429
MK-CHI,SPARK10,4,40.33690476190476
MK-CHI,SPARK10,5,26.297619047619047
MK-CHI,SPARK10,6,20.022619047619045
MK-CHI,SPARK10,7,28.55
MK-CHI,SPARK10,8,26.330952380952382
MK-CHI,SPARK10,9,31.983333333333334
MK-CHI,SPARK10,10,33.50952380952381
MK-CHI,SPARK10,11,21.034523809523808
MK-CHI,SPARK10,12,30.96904761904762
MK-CHI,SPARK10,13,36.19404761904762
MK-CHI,SPARK10,14,32.62738095238095
MK-CHI,SPARK10,15,26.53214285714286
MK-CHI,SPARK10,16,36.09642857142857
MK-CHI,SPARK10,17,31.778571428571425
MK-CHI,SPARK10,18,21.257142857142856
MK-CHI,SPARK10,19,21.011904761904763
MK-CHI,SPARK10,20,32.86190476190476
MK-CHI,SPARK10,21,21.514285714285716
MK-CHI,SPARK10,22,22.734523809523807
MK-CHI,SPARK10,23,32.89642857142857
MK-CHI,SPARK10,24,29.583333333333332
MK-CHI,SPARK10,25,24.117857142857144
MK-CHI,SPARK10,26,29.313095238095237
MK-CHI,SPARK10,27,25.077380952380953
MK-CHI,SPARK10,28,36.708333333333336
MK-CHI,SPARK10,29,28.52857142857143
MK-CHI,SPARK10,30,43.7952380952381
MK-CHI,SPARK10,31,40.63690476190476
MK-CHI,SPARK10,32,37.410714285714285
MK-CHI,SPARK10,33,33.57857142857143
MK-CHI,SPARK10,34,32.055952380952384
MK-CHI,SPARK10,35,26.47738095238095
MK-CHI,SPARK10,36,40.26904761904762
MK-CHI,SPARK10,37,47.594047619047615
MK-CHI,SPARK10,38,29.45952380952381
MK-CHI,SPARK10,39,30.59404761904762
MK-CHI,SPARK10,40,8.35952380952381
MK-CHI,SPARK10,41,28.65595238095238
MK-CHI,SPARK10,42,23.751190476190477
MK-CHI,SPARK10,43,45.23690476190476
MK-CHI,SPARK10,44,22.895238095238096
MK-CHI,SPARK10,45,31.442857142857143
MK-CHI,SPARK10,46,37.233333333333334
MK-CHI,SPARK10,47,34.74047619047619
MK-CHI,SPARK10,48,22.710714285714285
MK-CHI,SPARK10,49,32.67142857142857
MK-CHI,SPARK10,50,33.8547619047619
MK-CHI,SPARK10,51,30.88809523809524
MK-CHI,SPARK10,52,30.135714285714286
MK-CHI,COLA33,1,55.19590909090909
MK-CHI,COLA33,2,48.15136363636364
MK-CHI,COLA33,3,58.160909090909094
MK-CHI,COLA33,4,41.82227272727273
MK-CHI,COLA33,5,45.80363636363636
MK-CHI,COLA33,6,60.780454545454546
MK-CHI,COLA33,7,43.04
MK-CHI,COLA33,8,47.07181818181818
MK-CHI,COLA33,9,35.5
MK-CHI,COLA33,10,42.960454545454546
MK-CHI,COLA33,11,47.358636363636364
MK-CHI,COLA33,12,64.42863636363637
MK-CHI,COLA33,13,48.04772727272727
MK-CHI,COLA33,14,57.94136363636363
MK-CHI,COLA33,15,52.8890909090909
MK-CHI,COLA33,16,47.29727272727273
MK-CHI,COLA33,17,44.34863636363636
MK-CHI,COLA33,18,64.56136363636364
MK-CHI,COLA33,19,47.18
MK-CHI,COLA33,20,44.085
MK-CHI,COLA33,21,35.59045454545454
MK-CHI,COLA33,22,50.220454545454544
MK-CHI,COLA33,23,50.940909090909095
MK-CHI,COLA33,24,53.15227272727273
MK-CHI,COLA33,25,40.31909090909091
MK-CHI,COLA33,26,37.91909090909091
MK-CHI,COLA33,27,34.82727272727273
MK-CHI,COLA33,28,45.64681818181818
MK-CHI,COLA33,29,43.402727272727276
MK-CHI,COLA33,30,45.76954545454546
MK-CHI,COLA33,31,55.10045454545455
MK-CHI,COLA33,32,43.877272727272725
MK-CHI,COLA33,33,55.591818181818184
MK-CHI,COLA33,34,30.299545454545456
MK-CHI,COLA33,35,58.61454545454546
MK-CHI,COLA33,36,49.092727272727274
MK-CHI,COLA33,37,45.053636363636365
MK-CHI,COLA33,38,48.90727272727273
MK-CHI,COLA33,39,47.67772727272727
MK-CHI,COLA33,40,55.195454545454545
MK-CHI,COLA33,41,48.238181818181815
MK-CHI,COLA33,42,65.19863636363635
MK-CHI,COLA33,43,35.13227272727273
MK-CHI,COLA33,44,44.875454545454545
MK-CHI,COLA33,45,47.525909090909096
MK-CHI,COLA33,46,55.36318181818182
MK-CHI,COLA33,47,34.79772727272727
MK-CHI,COLA33,48,44.615
MK-CHI,COLA33,49,66.945
MK-CHI,COLA33,50,50.28
MK-CHI,COLA33,51,65.17636363636365
MK-CHI,COLA33,52,40.029545454545456
MK-CHI,TEA50,1,31.522727272727273
MK-CHI,TEA50,2,38.11909090909091
MK-CHI,TEA50,3,28.644545454545455
MK-CHI,TEA50,4,24.518181818181816
MK-CHI,TEA50,5,26.51090909090909
MK-CHI,TEA50,6,27.25
MK-CHI,TEA50,7,33.878181818181815
MK-CHI,TEA50,8,21.772727272727273
MK-CHI,TEA50,9,30.34090909090909
MK-CHI,TEA50,10,32.81909090909091
MK-CHI,TEA50,11,27.26818181818182
MK-CHI,TEA50,12,24.386363636363637
MK-CHI,TEA50,13,27.084545454545456
MK-CHI,TEA50,14,43.60363636363636
MK-CHI,TEA50,15,30.704545454545453
MK-CHI,TEA50,16,33.64363636363636
MK-CHI,TEA50,17,20.040000000000003
MK-CHI,TEA50,18,26.400909090909092
MK-CHI,TEA50,19,22.27
MK-CHI,TEA50,20,29.457272727272727
MK-CHI,TEA50,21,25.097272727272728
MK-CHI,TEA50,22,31.28636363636364
MK-CHI,TEA50,23,26.884545454545453
MK-CHI,TEA50,24,33.92272727272727
MK-CHI,TEA50,25,28.541818181818183
MK-CHI,TEA50,26,27.49909090909091
MK-CHI,TEA50,27,27.111818181818183
MK-CHI,TEA50,28,24.48090909090909
MK-CHI,TEA50,29,28.293636363636363
MK-CHI,TEA50,30,32.761818181818185
MK-CHI,TEA50,31,22.417272727272728
MK-CHI,TEA50,32,31.161818181818184
MK-CHI,TEA50,33,29.701818181818183
MK-CHI,TEA50,34,25.231818181818184
MK-CHI,TEA50,35,25.473636363636363
MK-CHI,TEA50,36,40.09090909090909
MK-CHI,TEA50,37,35.53636363636364
MK-CHI,TEA50,38,25.71
MK-CHI,TEA50,39,26.75181818181818
MK-CHI,TEA50,40,18.332727272727272
MK-CHI,TEA50,41,30.99
MK-CHI,TEA50,42,21.215454545454545
MK-CHI,TEA50,43,29.137272727272723
MK-CHI,TEA50,44,29.548181818181817
MK-CHI,TEA50,45,17.504545454545454
MK-CHI,TEA50,46,33.631818181818176
MK-CHI,TEA50,47,33.42454545454545
MK-CHI,TEA50,48,30.87727272727273
MK-CHI,TEA50,49,30.85909090909091
MK-CHI,TEA50,50,26.96909090909091
MK-CHI,TEA50,51,32.39454545454546
MK-CHI,TEA50,52,29.325454545454548
MK-CHI,JUICE10,1,26.045714285714286
MK-CHI,JUICE10,2,20.864285714285714
MK-CHI,JUICE10,3,22.591428571428573
MK-CHI,JUICE10,4,17.064285714285717
MK-CHI,JUICE10,5,29.93857142857143
MK-CHI,JUICE10,6,30.9
MK-CHI,JUICE10,7,21.724285714285713
MK-CHI,JUICE10,8,15.694285714285714
MK-CHI,JUICE10,9,25.574285714285715
MK-CHI,JUICE10,10,17.299999999999997
MK-CHI,JUICE10,11,26.464285714285715
MK-CHI,JUICE10,12,23.67142857142857
MK-CHI,JUICE10,13,19.997142857142858
MK-CHI,JUICE10,14,20.627142857142857
MK-CHI,JUICE10,15,25.31857142857143
MK-CHI,JUICE10,16,20.114285714285714
MK-CHI,JUICE10,17,15.201428571428572
MK-CHI,JUICE10,18,25.624285714285715
MK-CHI,JUICE10,19,31.25
MK-CHI,JUICE10,20,24.97142857142857
MK-CHI,JUICE10,21,23.55
MK-CHI,JUICE10,22,26.942857142857143
MK-CHI,JUICE10,23,30.944285714285712
MK-CHI,JUICE10,24,16.95285714285714
MK-CHI,JUICE10,25,19.437142857142856
MK-CHI,JUICE10,26,20.25857142857143
MK-CHI,JUICE10,27,24.65714285714286
MK-CHI,JUICE10,28,20.745714285714286
MK-CHI,JUICE10,29,22.274285714285714
MK-CHI,JUICE10,30,20.292857142857144
MK-CHI,JUICE10,31,18.09857142857143
MK-CHI,JUICE10,32,22.947142857142858
MK-CHI,JUICE10,33,22.60142857142857
MK-CHI,JUICE10,34,30.51
MK-CHI,JUICE10,35,27.02285714285714
MK-CHI,JUICE10,36,25.12
MK-CHI,JUICE10,37,14.239999999999998
MK-CHI,JUICE10,38,24.434285714285714
MK-CHI,JUICE10,39,14.505714285714285
MK-CHI,JUICE10,40,14.458571428571428
MK-CHI,JUICE10,41,9.648571428571428
MK-CHI,JUICE10,42,20.03857142857143
MK-CHI,JUICE10,43,24.091428571428573
MK-CHI,JUICE10,44,25.71428571428571
MK-CHI,JUICE10,45,26.175714285714285
MK-CHI,JUICE10,46,33.074285714285715
MK-CHI,JUICE10,47,26.358571428571427
MK-CHI,JUICE10,48,25.575714285714287
MK-CHI,JUICE10,49,23.41857142857143
MK-CHI,JUICE10,50,18.965714285714284
MK-CHI,JUICE10,51,31.248571428571427
MK-CHI,JUICE10,52,25.557142857142857
MK-CHI,ENER25,1,14.41
MK-CHI,ENER25,2,15.889642857142857
MK-CHI,ENER25,3,14.504999999999999
MK-CHI,ENER25,4,15.8425
MK-CHI,ENER25,5,13.895714285714286
MK-CHI,ENER25,6,15.372142857142856
MK-CHI,ENER25,7,20.1625
MK-CHI,ENER25,8,15.048214285714286
MK-CHI,ENER25,9,9.956071428571429
MK-CHI,ENER25,10,13.991785714285715
MK-CHI,ENER25,11,18.4225
MK-CHI,ENER25,12,10.069642857142856
MK-CHI,ENER25,13,15.415
MK-CHI,ENER25,14,18.941428571428574
MK-CHI,ENER25,15,16.0525
MK-CHI,ENER25,16,18.221785714285716
MK-CHI,ENER25,17,20.8225
MK-CHI,ENER25,18,16.170357142857142
MK-CHI,ENER25,19,12.338214285714287
MK-CHI,ENER25,20,10.287142857142857
MK-CHI,ENER25,21,20.153928571428573
MK-CHI,ENER25,22,14.18142857142857
MK-CHI,ENER25,23,15.750714285714286
MK-CHI,ENER25,24,19.232857142857142
MK-CHI,ENER25,25,11.764285714285714
MK-CHI,ENER25,26,14.821071428571429
MK-CHI,ENER25,27,12.382142857142856
MK-CHI,ENER25,28,16.79
MK-CHI,ENER25,29,19.862142857142857
MK-CHI,ENER25,30,11.121785714285714
MK-CHI,ENER25,31,10.870000000000001
MK-CHI,ENER25,32,20.22
MK-CHI,ENER25,33,15.502857142857144
MK-CHI,ENER25,34,16.633928571428573
MK-CHI,ENER25,35,20.253214285714286
MK-CHI,ENER25,36,15.946785714285715
MK-CHI,ENER25,37,13.893214285714286
MK-CHI,ENER25,38,16.565714285714286
MK-CHI,ENER25,39,13.010357142857142
MK-CHI,ENER25,40,16.373214285714287
MK-CHI,ENER25,41,13.365
MK-CHI,ENER25,42,16.0475
MK-CHI,ENER25,43,11.531785714285714
MK-CHI,ENER25,44,12.134642857142858
MK-CHI,ENER25,45,13.556785714285715
MK-CHI,ENER25,46,16.25357142857143
MK-CHI,ENER25,47,20.103928571428572
MK-CHI,ENER25,48,15.880357142857143
MK-CHI,ENER25,49,12.447142857142858
MK-CHI,ENER25,50,9.98392857142857
MK-CHI,ENER25,51,12.725357142857142
MK-CHI,ENER25,52,10.025714285714287
MK-HOU,STILL15,1,34.26934523809524
MK-HOU,STILL15,2,37.17857142857143
MK-HOU,STILL15,3,33.188988095238095
MK-HOU,STILL15,4,41.120535714285715
MK-HOU,STILL15,5,35.65029761904762
MK-HOU,STILL15,6,41.33779761904762
MK-HOU,STILL15,7,38.708333333333336
MK-HOU,STILL15,8,35.88988095238095
MK-HOU,STILL15,9,41.788690476190474
MK-HOU,STILL15,10,27.889880952380953
MK-HOU,STILL15,11,25.007440476190474
MK-HOU,STILL15,12,35.444940476190474
MK-HOU,STILL15,13,25.467261904761905
MK-HOU,STILL15,14,33.72172619047619
MK-HOU,STILL15,15,21.857142857142858
MK-HOU,STILL15,16,33.5625
MK-HOU,STILL15,17,26.21577380952381
MK-HOU,STILL15,18,47.35863095238095
MK-HOU,STILL15,19,34.677083333333336
MK-HOU,STILL15,20,33.729166666666664
MK-HOU,STILL15,21,43.595238095238095
MK-HOU,STILL15,22,35.65029761904762
MK-HOU,STILL15,23,41.032738095238095
MK-HOU,STILL15,24,25.36904761904762
MK-HOU,STILL15,25,36.944940476190474
MK-HOU,STILL15,26,36.69047619047619
MK-HOU,STILL15,27,24.71875
MK-HOU,STILL15,28,20.407738095238095
MK-HOU,STILL15,29,39.117559523809526
MK-HOU,STILL15,30,27.995535714285715
MK-HOU,STILL15,31,33.82142857142857
MK-HOU,STILL15,32,43.67410714285714
MK-HOU,STILL15,33,29.00595238095238
MK-HOU,STILL15,34,33.424107142857146
MK-HOU,STILL15,35,32.885416666666664
MK-HOU,STILL15,36,28.053571428571427
MK-HOU,STILL15,37,39.032738095238095
MK-HOU,STILL15,38,26.230654761904763
MK-HOU,STILL15,39,37.217261904761905
MK-HOU,STILL15,40,37.86607142857143
MK-HOU,STILL15,41,30.05952380952381
MK-HOU,STILL15,42,42.22767857142857
MK-HOU,STILL15,43,40.700892857142854
MK-HOU,STILL15,44,36.776785714285715
MK-HOU,STILL15,45,31.395833333333332
MK-HOU,STILL15,46,39.55952380952381
MK-HOU,STILL15,47,35.294642857142854
MK-HOU,STILL15,48,29.020833333333332
MK-HOU,STILL15,49,36.776785714285715
MK-HOU,STILL15,50,30.736607142857146
MK-HOU,STILL15,51,34.529761904761905
MK-HOU,STILL15,52,34.52232142857143
MK-HOU,SPARK10,1,25.38452380952381
MK-HOU,SPARK10,2,22.608333333333334
MK-HOU,SPARK10,3,26.320238095238096
MK-HOU,SPARK10,4,35.516666666666666
MK-HOU,SPARK10,5,32.31309523809524
MK-HOU,SPARK10,6,20.789285714285715
MK-HOU,SPARK10,7,28.833333333333332
MK-HOU,SPARK10,8,26.25357142857143
MK-HOU,SPARK10,9,20.705952380952382
MK-HOU,SPARK10,10,29.942857142857143
MK-HOU,SPARK10,11,18.390476190476193
MK-HOU,SPARK10,12,23.97380952380952
MK-HOU,SPARK10,13,24.107142857142858
MK-HOU,SPARK10,14,27.370238095238093
MK-HOU,SPARK10,15,21.158333333333335
MK-HOU,SPARK10,16,27.63452380952381
MK-HOU,SPARK10,17,21.19761904761905
MK-HOU,SPARK10,18,32.60952380952381
MK-HOU,SPARK10,19,33.16309523809524
MK-HOU,SPARK10,20,28.466666666666665
MK-HOU,SPARK10,21,12.236904761904762
MK-HOU,SPARK10,22,36.60952380952381
MK-HOU,SPARK10,23,19.057142857142857
MK-HOU,SPARK10,24,27.17857142857143
MK-HOU,SPARK10,25,35.22857142857143
MK-HOU,SPARK10,26,25.72738095238095
MK-HOU,SPARK10,27,23.754761904761907
MK-HOU,SPARK10,28,28.55595238095238
MK-HOU,SPARK10,29,21.136904761904763
MK-HOU,SPARK10,30,24.758333333333333
MK-HOU,SPARK10,31,25.45357142857143
MK-HOU,SPARK10,32,29.416666666666664
MK-HOU,SPARK10,33,24.178571428571427
MK-HOU,SPARK10,34,25.619047619047617
MK-HOU,SPARK10,35,20.829761904761906
MK-HOU,SPARK10,36,26.76904761904762
MK-HOU,SPARK10,37,30.76904761904762
MK-HOU,SPARK10,38,22.526190476190475
MK-HOU,SPARK10,39,31.325
MK-HOU,SPARK10,40,34.40357142857143
MK-HOU,SPARK10,41,30.375
MK-HOU,SPARK10,42,29.364285714285714
MK-HOU,SPARK10,43,35.18809523809524
MK-HOU,SPARK10,44,31.54285714285714
MK-HOU,SPARK10,45,26.50595238095238
MK-HOU,SPARK10,46,29.372619047619047
MK-HOU,SPARK10,47,28.972619047619048
MK-HOU,SPARK10,48,30.942857142857143
MK-HOU,SPARK10,49,21.8
MK-HOU,SPARK10,50,20.19404761904762
MK-HOU,SPARK10,51,23.51547619047619
MK-HOU,SPARK10,52,23.150000000000002
MK-HOU,COLA33,1,41.445
MK-HOU,COLA33,2,32.945454545454545
MK-HOU,COLA33,3,35.53
MK-HOU,COLA33,4,34.33045454545454
MK-HOU,COLA33,5,43.23227272727273
MK-HOU,COLA33,6,38.470454545454544
MK-HOU,COLA33,7,30.006363636363638
MK-HOU,COLA33,8,26.528181818181817
MK-HOU,COLA33,9,41.00909090909091
MK-HOU,COLA33,10,27.99909090909091
MK-HOU,COLA33,11,41.887727272727275
MK-HOU,COLA33,12,55.62318181818182
MK-HOU,COLA33,13,24.953181818181818
MK-HOU,COLA33,14,40.153636363636366
MK-HOU,COLA33,15,41.43545454545455
MK-HOU,COLA33,16,37.855909090909094
MK-HOU,COLA33,17,41.15090909090909
MK-HOU,COLA33,18,47.95090909090909
MK-HOU,COLA33,19,35.36863636363636
MK-HOU,COLA33,20,38.72863636363636
MK-HOU,COLA33,21,47.136818181818185
MK-HOU,COLA33,22,39.32227272727273
MK-HOU,COLA33,23,27.451818181818183
MK-HOU,COLA33,24,40.96
MK-HOU,COLA33,25,43.45227272727273
MK-HOU,COLA33,26,32.49909090909091
MK-HOU,COLA33,27,33.694545454545455
MK-HOU,COLA33,28,36.252272727272725
MK-HOU,COLA33,29,34.67818181818181
MK-HOU,COLA33,30,34.41
MK-HOU,COLA33,31,35.692727272727275
MK-HOU,COLA33,32,39.36181818181818
MK-HOU,COLA33,33,40.87318181818182
MK-HOU,COLA33,34,40.69590909090909
MK-HOU,COLA33,35,41.92863636363636
MK-HOU,COLA33,36,49.00772727272727
MK-HOU,COLA33,37,39.86954545454545
MK-HOU,COLA33,38,30.686818181818182
MK-HOU,COLA33,39,37.57227272727273
MK-HOU,COLA33,40,24.70909090909091
MK-HOU,COLA33,41,44.98136363636364
MK-HOU,COLA33,42,53.14272727272727
MK-HOU,COLA33,43,32.43181818181818
MK-HOU,COLA33,44,47.889545454545456
MK-HOU,COLA33,45,44.06772727272727
MK-HOU,COLA33,46,36.745
MK-HOU,COLA33,47,37.529545454545456
MK-HOU,COLA33,48,34.502272727272725
MK-HOU,COLA33,49,39.23863636363636
MK-HOU,COLA33,50,35.039545454545454
MK-HOU,COLA33,51,52.472272727272724
MK-HOU,COLA33,52,31.900454545454547
MK-HOU,TEA50,1,40.43272727272727
MK-HOU,TEA50,2,26.522727272727273
MK-HOU,TEA50,3,29.611818181818183
MK-HOU,TEA50,4,24.10181818181818
MK-HOU,TEA50,5,27.146363636363635
MK-HOU,TEA50,6,32.61181818181818
MK-HOU,TEA50,7,9.62
MK-HOU,TEA50,8,39.03272727272728
MK-HOU,TEA50,9,33.96090909090909
MK-HOU,TEA50,10,15.77
MK-HOU,TEA50,11,35.29454545454546
MK-HOU,TEA50,12,19.978181818181817
MK-HOU,TEA50,13,25.633636363636363
MK-HOU,TEA50,14,27.44181818181818
MK-HOU,TEA50,15,19.57090909090909
MK-HOU,TEA50,16,22.677272727272726
MK-HOU,TEA50,17,22.116363636363637
MK-HOU,TEA50,18,20.865454545454547
MK-HOU,TEA50,19,12.882727272727273
MK-HOU,TEA50,20,39.124545454545455
MK-HOU,TEA50,21,33.235454545454544
MK-HOU,TEA50,22,22.07090909090909
MK-HOU,TEA50,23,20.84272727272727
MK-HOU,TEA50,24,36.89727272727273
MK-HOU,TEA50,25,33.33090909090909
MK-HOU,TEA50,26,23.497272727272726
MK-HOU,TEA50,27,24.548181818181817
MK-HOU,TEA50,28,30.484545454545454
MK-HOU,TEA50,29,30.747272727272726
MK-HOU,TEA50,30,27.457272727272727
MK-HOU,TEA50,31,29.364545454545457
MK-HOU,TEA50,32,24.70909090909091
MK-HOU,TEA50,33,17.80727272727273
MK-HOU,TEA50,34,30.08909090909091
MK-HOU,TEA50,35,32.31727272727273
MK-HOU,TEA50,36,27.64272727272727
MK-HOU,TEA50,37,22.987272727272728
MK-HOU,TEA50,38,22.34
MK-HOU,TEA50,39,22.746363636363636
MK-HOU,TEA50,40,32.832727272727276
MK-HOU,TEA50,41,25.342727272727274
MK-HOU,TEA50,42,37.47727272727273
MK-HOU,TEA50,43,25.714545454545455
MK-HOU,TEA50,44,18.534545454545455
MK-HOU,TEA50,45,31.302727272727275
MK-HOU,TEA50,46,26.364545454545457
MK-HOU,TEA50,47,16.806363636363635
MK-HOU,TEA50,48,30.78272727272727
MK-HOU,TEA50,49,31.233636363636364
MK-HOU,TEA50,50,36.83272727272727
MK-HOU,TEA50,51,30.64818181818182
MK-HOU,TEA50,52,22.614545454545457
MK-HOU,JUICE10,1,21.755714285714284
MK-HOU,JUICE10,2,16.42
MK-HOU,JUICE10,3,13.661428571428571
MK-HOU,JUICE10,4,24.51142857142857
MK-HOU,JUICE10,5,20.2
MK-HOU,JUICE10,6,23.944285714285716
MK-HOU,JUICE10,7,28.422857142857143
MK-HOU,JUICE10,8,16.95714285714286
MK-HOU,JUICE10,9,18.832857142857144
MK-HOU,JUICE10,10,18.89857142857143
MK-HOU,JUICE10,11,14.165714285714285
MK-HOU,JUICE10,12,19.62
MK-HOU,JUICE10,13,14.164285714285715
MK-HOU,JUICE10,14,16.638571428571428
MK-HOU,JUICE10,15,17.02857142857143
MK-HOU,JUICE10,16,16.86
MK-HOU,JUICE10,17,20.1
MK-HOU,JUICE10,18,24.39
MK-HOU,JUICE10,19,21.35571428571429
MK-HOU,JUICE10,20,9.742857142857142
MK-HOU,JUICE10,21,24.47714285714286
MK-HOU,JUICE10,22,18.02285714285714
MK-HOU,JUICE10,23,17.06285714285714
MK-HOU,JUICE10,24,23.355714285714285
MK-HOU,JUICE10,25,15.018571428571427
MK-HOU,JUICE10,26,15.615714285714287
MK-HOU,JUICE10,27,18.841428571428573
MK-HOU,JUICE10,28,25.91
MK-HOU,JUICE10,29,19.994285714285713
MK-HOU,JUICE10,30,25.194285714285716
MK-HOU,JUICE10,31,20.86285714285714
MK-HOU,JUICE10,32,21.135714285714286
MK-HOU,JUICE10,33,16.21
MK-HOU,JUICE10,34,19.142857142857142
MK-HOU,JUICE10,35,16.86
MK-HOU,JUICE10,36,18.58
MK-HOU,JUICE10,37,24.204285714285714
MK-HOU,JUICE10,38,22.560000000000002
MK-HOU,JUICE10,39,20.63
MK-HOU,JUICE10,40,23.692857142857143
MK-HOU,JUICE10,41,16.38285714285714
MK-HOU,JUICE10,42,31.518571428571427
MK-HOU,JUICE10,43,26.615714285714287
MK-HOU,JUICE10,44,21.27857142857143
MK-HOU,JUICE10,45,19.275714285714287
MK-HOU,JUICE10,46,21.734285714285715
MK-HOU,JUICE10,47,17.925714285714285
MK-HOU,JUICE10,48,18.61857142857143
MK-HOU,JUICE10,49,15.525714285714287
MK-HOU,JUICE10,50,19.08
MK-HOU,JUICE10,51,19.285714285714285
MK-HOU,JUICE10,52,27.717142857142857
MK-HOU,ENER25,1,12.078214285714285
MK-HOU,ENER25,2,14.351785714285715
MK-HOU,ENER25,3,10.083214285714286
MK-HOU,ENER25,4,17.00392857142857
MK-HOU,ENER25,5,19.95285714285714
MK-HOU,ENER25,6,11.23857142857143
MK-HOU,ENER25,7,14.84607142857143
MK-HOU,ENER25,8,11.188928571428571
MK-HOU,ENER25,9,15.476785714285715
MK-HOU,ENER25,10,15.014285714285714
MK-HOU,ENER25,11,19.085714285714285
MK-HOU,ENER25,12,15.384285714285713
MK-HOU,ENER25,13,18.244642857142857
MK-HOU,ENER25,14,12.525
MK-HOU,ENER25,15,17.52
MK-HOU,ENER25,16,14.369642857142857
MK-HOU,ENER25,17,10.409642857142856
MK-HOU,ENER25,18,14.201428571428572
MK-HOU,ENER25,19,14.438928571428571
MK-HOU,ENER25,20,12.965
MK-HOU,ENER25,21,15.2575
MK-HOU,ENER25,22,12.355357142857143
MK-HOU,ENER25,23,15.952857142857143
MK-HOU,ENER25,24,10.815357142857142
MK-HOU,ENER25,25,18.872857142857143
MK-HOU,ENER25,26,14.883571428571429
MK-HOU,ENER25,27,13.631071428571428
MK-HOU,ENER25,28,13.626428571428573
MK-HOU,ENER25,29,15.106785714285714
MK-HOU,ENER25,30,13.190714285714286
MK-HOU,ENER25,31,14.62857142857143
MK-HOU,ENER25,32,13.4175
MK-HOU,ENER25,33,17.39107142857143
MK-HOU,ENER25,34,14.607142857142856
MK-HOU,ENER25,35,17.819285714285712
MK-HOU,ENER25,36,12.26
MK-HOU,ENER25,37,16.360714285714288
MK-HOU,ENER25,38,22.201785714285712
MK-HOU,ENER25,39,13.426428571428572
MK-HOU,ENER25,40,12.927142857142858
MK-HOU,ENER25,41,12.276071428571429
MK-HOU,ENER25,42,12.909285714285714
MK-HOU,ENER25,43,9.735
MK-HOU,ENER25,44,19.964285714285715
MK-HOU,ENER25,45,15.722857142857144
MK-HOU,ENER25,46,14.483214285714286
MK-HOU,ENER25,47,16.564642857142857
MK-HOU,ENER25,48,20.624642857142856
MK-HOU,ENER25,49,11.75607142857143
MK-HOU,ENER25,50,15.501785714285715
MK-HOU,ENER25,51,16.627857142857145
MK-HOU,ENER25,52,14.323571428571428
MK-PHX,STILL15,1,30.608630952380953
MK-PHX,STILL15,2,30.37053571428571
MK-PHX,STILL15,3,31.56547619047619
MK-PHX,STILL15,4,29.674107142857142
MK-PHX,STILL15,5,24.495535714285715
MK-PHX,STILL15,6,30.596726190476193
MK-PHX,STILL15,7,28.851190476190474
MK-PHX,STILL15,8,30.80654761904762
MK-PHX,STILL15,9,32.14732142857142
MK-PHX,STILL15,10,34.28422619047619
MK-PHX,STILL15,11,29.510416666666668
MK-PHX,STILL15,12,22.547619047619047
MK-PHX,STILL15,13,37.851190476190474
MK-PHX,STILL15,14,27.979166666666668
MK-PHX,STILL15,15,41.23511904761905
MK-PHX,STILL15,16,29.56547619047619
MK-PHX,STILL15,17,35.952380952380956
MK-PHX,STILL15,18,23.59077380952381
MK-PHX,STILL15,19,29.938988095238095
MK-PHX,STILL15,20,31.700892857142858
MK-PHX,STILL15,21,35.93452380952381
MK-PHX,STILL15,22,25.367559523809526
MK-PHX,STILL15,23,27.680059523809526
MK-PHX,STILL15,24,26.675595238095237
MK-PHX,STILL15,25,27.683035714285715
MK-PHX,STILL15,26,35.875
MK-PHX,STILL15,27,32.03720238095238
MK-PHX,STILL15,28,29.827380952380953
MK-PHX,STILL15,29,31.0625
MK-PHX,STILL15,30,26.680059523809526
MK-PHX,STILL15,31,39.26339285714286
MK-PHX,STILL15,32,32.07589285714286
MK-PHX,STILL15,33,26.950892857142858
MK-PHX,STILL15,34,33.930059523809526
MK-PHX,STILL15,35,30.675595238095237
MK-PHX,STILL15,36,38.41815476190476
MK-PHX,STILL15,37,31.285714285714285
MK-PHX,STILL15,38,35.973214285714285
MK-PHX,STILL15,39,38.29017857142857
MK-PHX,STILL15,40,34.03720238095238
MK-PHX,STILL15,41,29.178571428571427
MK-PHX,STILL15,42,35.482142857142854
MK-PHX,STILL15,43,28.779761904761905
MK-PHX,STILL15,44,25.022321428571427
MK-PHX,STILL15,45,44.875
MK-PHX,STILL15,46,34.336309523809526
MK-PHX,STILL15,47,33.57440476190476
MK-PHX,STILL15,48,31.22172619047619
MK-PHX,STILL15,49,23.398809523809526
MK-PHX,STILL15,50,29.889880952380953
MK-PHX,STILL15,51,27.959821428571427
MK-PHX,STILL15,52,25.691964285714285
MK-PHX,SPARK10,1,25.58571428571429
MK-PHX,SPARK10,2,21.414285714285715
MK-PHX,SPARK10,3,27.01904761904762
MK-PHX,SPARK10,4,22.166666666666668
MK-PHX,SPARK10,5,28.55357142857143
MK-PHX,SPARK10,6,33.90357142857143
MK-PHX,SPARK10,7,20.826190476190476
MK-PHX,SPARK10,8,17.604761904761904
MK-PHX,SPARK10,9,13.689285714285713
MK-PHX,SPARK10,10,15.421428571428573
MK-PHX,SPARK10,11,28.13809523809524
MK-PHX,SPARK10,12,27.439285714285713
MK-PHX,SPARK10,13,19.513095238095236
MK-PHX,SPARK10,14,31.916666666666664
MK-PHX,SPARK10,15,29.192857142857143
MK-PHX,SPARK10,16,14.963095238095239
MK-PHX,SPARK10,17,17.29047619047619
MK-PHX,SPARK10,18,9.383333333333333
MK-PHX,SPARK10,19,28.039285714285715
MK-PHX,SPARK10,20,26.89047619047619
MK-PHX,SPARK10,21,15.292857142857143
MK-PHX,SPARK10,22,15.871428571428572
MK-PHX,SPARK10,23,26.682142857142857
MK-PHX,SPARK10,24,17.445238095238096
MK-PHX,SPARK10,25,26.989285714285717
MK-PHX,SPARK10,26,19.93452380952381
MK-PHX,SPARK10,27,11.645238095238096
MK-PHX,SPARK10,28,6.933333333333334
MK-PHX,SPARK10,29,28.64761904761905
MK-PHX,SPARK10,30,13.797619047619047
MK-PHX,SPARK10,31,21.14761904761905
MK-PHX,SPARK10,32,29.408333333333335
MK-PHX,SPARK10,33,21.932142857142857
MK-PHX,SPARK10,34,20.01904761904762
MK-PHX,SPARK10,35,9.375
MK-PHX,SPARK10,36,16.938095238095237
MK-PHX,SPARK10,37,25.78690476190476
MK-PHX,SPARK10,38,24.957142857142856
MK-PHX,SPARK10,39,21.063095238095237
MK-PHX,SPARK10,40,14.66904761904762
MK-PHX,SPARK10,41,27.13690476190476
MK-PHX,SPARK10,42,14.186904761904762
MK-PHX,SPARK10,43,23.54642857142857
MK-PHX,SPARK10,44,28.31547619047619
MK-PHX,SPARK10,45,26.839285714285715
MK-PHX,SPARK10,46,19.563095238095237
MK-PHX,SPARK10,47,26.41547619047619
MK-PHX,SPARK10,48,16.298809523809524
MK-PHX,SPARK10,49,21.895238095238096
MK-PHX,SPARK10,50,20.54047619047619
MK-PHX,SPARK10,51,15.95357142857143
MK-PHX,SPARK10,52,19.417857142857144
MK-PHX,COLA33,1,38.47272727272727
MK-PHX,COLA33,2,43.41954545454546
MK-PHX,COLA33,3,41.35318181818182
MK-PHX,COLA33,4,44.861363636363635
MK-PHX,COLA33,5,45.971363636363634
MK-PHX,COLA33,6,40.17727272727273
MK-PHX,COLA33,7,38.42909090909091
MK-PHX,COLA33,8,38.469545454545454
MK-PHX,COLA33,9,33.355
MK-PHX,COLA33,10,37.031363636363636
MK-PHX,COLA33,11,34.91227272727273
MK-PHX,COLA33,12,38.88454545454546
MK-PHX,COLA33,13,41.81409090909091
MK-PHX,COLA33,14,20.556363636363635
MK-PHX,COLA33,15,39.10818181818182
MK-PHX,COLA33,16,28.44818181818182
MK-PHX,COLA33,17,29.57181818181818
MK-PHX,COLA33,18,37.495909090909095
MK-PHX,COLA33,19,43.20454545454545
MK-PHX,COLA33,20,49.50909090909091
MK-PHX,COLA33,21,34.86454545454546
MK-PHX,COLA33,22,31.96181818181818
MK-PHX,COLA33,23,50.01181818181818
MK-PHX,COLA33,24,33.53636363636364
MK-PHX,COLA33,25,32.04818181818182
MK-PHX,COLA33,26,37.76090909090909
MK-PHX,COLA33,27,46.23136363636364
MK-PHX,COLA33,28,39.53454545454545
MK-PHX,COLA33,29,32.56818181818182
MK-PHX,COLA33,30,41.6240909090909
MK-PHX,COLA33,31,36.820454545454545
MK-PHX,COLA33,32,31.19727272727273
MK-PHX,COLA33,33,51.685
MK-PHX,COLA33,34,27.771818181818183
MK-PHX,COLA33,35,46.892272727272726
MK-PHX,COLA33,36,40.12
MK-PHX,COLA33,37,42.222727272727276
MK-PHX,COLA33,38,41.621818181818185
MK-PHX,COLA33,39,30.772727272727273
MK-PHX,COLA33,40,37.33681818181818
MK-PHX,COLA33,41,33.56818181818181
MK-PHX,COLA33,42,34.459545454545456
MK-PHX,COLA33,43,40.264545454545456
MK-PHX,COLA33,44,35.372727272727275
MK-PHX,COLA33,45,33.67454545454545
MK-PHX,COLA33,46,43.84772727272727
MK-PHX,COLA33,47,39.85045454545455
MK-PHX,COLA33,48,34.435
MK-PHX,COLA33,49,33.71181818181818
MK-PHX,COLA33,50,45.843636363636364
MK-PHX,COLA33,51,38.29272727272728
MK-PHX,COLA33,52,46.650454545454544
MK-PHX,TEA50,1,18.908181818181816
MK-PHX,TEA50,2,16.174545454545456
MK-PHX,TEA50,3,20.98181818181818
MK-PHX,TEA50,4,21.044545454545453
MK-PHX,TEA50,5,25.27090909090909
MK-PHX,TEA50,6,16.126363636363635
MK-PHX,TEA50,7,21.695454545454545
MK-PHX,TEA50,8,31.05727272727273
MK-PHX,TEA50,9,22.284545454545455
MK-PHX,TEA50,10,22.507272727272728
MK-PHX,TEA50,11,21.98909090909091
MK-PHX,TEA50,12,14.84909090909091
MK-PHX,TEA50,13,21.681818181818183
MK-PHX,TEA50,14,22.341818181818184
MK-PHX,TEA50,15,19.765454545454546
MK-PHX,TEA50,16,22.152727272727272
MK-PHX,TEA50,17,20.068181818181817
MK-PHX,TEA50,18,20.628181818181815
MK-PHX,TEA50,19,19.814545454545456
MK-PHX,TEA50,20,20.414545454545454
MK-PHX,TEA50,21,15.082727272727274
MK-PHX,TEA50,22,16.817272727272726
MK-PHX,TEA50,23,14.796363636363637
MK-PHX,TEA50,24,15.27
MK-PHX,TEA50,25,19.10181818181818
MK-PHX,TEA50,26,18.247272727272726
MK-PHX,TEA50,27,21.433636363636364
MK-PHX,TEA50,28,25.69272727272727
MK-PHX,TEA50,29,22.713636363636365
MK-PHX,TEA50,30,21.507272727272728
MK-PHX,TEA50,31,27.521818181818183
MK-PHX,TEA50,32,19.484545454545454
MK-PHX,TEA50,33,15.424545454545456
MK-PHX,TEA50,34,25.076363636363638
MK-PHX,TEA50,35,21.188181818181818
MK-PHX,TEA50,36,19.067272727272726
MK-PHX,TEA50,37,22.485454545454544
MK-PHX,TEA50,38,14.850909090909092
MK-PHX,TEA50,39,18.89727272727273
MK-PHX,TEA50,40,9.982727272727272
MK-PHX,TEA50,41,20.70727272727273
MK-PHX,TEA50,42,11.288181818181819
MK-PHX,TEA50,43,15.623636363636363
MK-PHX,TEA50,44,18.00181818181818
MK-PHX,TEA50,45,21.963636363636365
MK-PHX,TEA50,46,16.285454545454545
MK-PHX,TEA50,47,19.996363636363636
MK-PHX,TEA50,48,16.003636363636364
MK-PHX,TEA50,49,19.831818181818182
MK-PHX,TEA50,50,19.515454545454546
MK-PHX,TEA50,51,16.303636363636365
MK-PHX,TEA50,52,24.48090909090909
MK-PHX,JUICE10,1,14.634285714285713
MK-PHX,JUICE10,2,20.19142857142857
MK-PHX,JUICE10,3,16.34857142857143
MK-PHX,JUICE10,4,21.587142857142858
MK-PHX,JUICE10,5,19.049999999999997
MK-PHX,JUICE10,6,14.032857142857143
MK-PHX,JUICE10,7,17.55
MK-PHX,JUICE10,8,18.99285714285714
MK-PHX,JUICE10,9,23.598571428571425
MK-PHX,JUICE10,10,22.77857142857143
MK-PHX,JUICE10,11,18.60142857142857
MK-PHX,JUICE10,12,13.602857142857143
MK-PHX,JUICE10,13,13.911428571428571
MK-PHX,JUICE10,14,17.605714285714285
MK-PHX,JUICE10,15,15.830000000000002
MK-PHX,JUICE10,16,16.6
MK-PHX,JUICE10,17,17.764285714285716
MK-PHX,JUICE10,18,20.487142857142857
MK-PHX,JUICE10,19,17.347142857142856
MK-PHX,JUICE10,20,15.491428571428571
MK-PHX,JUICE10,21,13.037142857142857
MK-PHX,JUICE10,22,18.015714285714285
MK-PHX,JUICE10,23,19.77285714285714
MK-PHX,JUICE10,24,14.208571428571428
MK-PHX,JUICE10,25,13.887142857142857
MK-PHX,JUICE10,26,18.84857142857143
MK-PHX,JUICE10,27,19.838571428571427
MK-PHX,JUICE10,28,15.57857142857143
MK-PHX,JUICE10,29,16.201428571428572
MK-PHX,JUICE10,30,20.387142857142855
MK-PHX,JUICE10,31,19.254285714285714
MK-PHX,JUICE10,32,12.745714285714286
MK-PHX,JUICE10,33,17.658571428571427
MK-PHX,JUICE10,34,16.947142857142858
MK-PHX,JUICE10,35,19.841428571428573
MK-PHX,JUICE10,36,18.054285714285715
MK-PHX,JUICE10,37,17.708571428571428
MK-PHX,JUICE10,38,16.11714285714286
MK-PHX,JUICE10,39,18.638571428571428
MK-PHX,JUICE10,40,17.595714285714287
MK-PHX,JUICE10,41,18.805714285714288
MK-PHX,JUICE10,42,13.724285714285713
MK-PHX,JUICE10,43,18.48857142857143
MK-PHX,JUICE10,44,15.277142857142858
MK-PHX,JUICE10,45,18.222857142857144
MK-PHX,JUICE10,46,12.275714285714287
MK-PHX,JUICE10,47,23.365714285714287
MK-PHX,JUICE10,48,18.594285714285714
MK-PHX,JUICE10,49,18.93285714285714
MK-PHX,JUICE10,50,21.018571428571427
MK-PHX,JUICE10,51,16.42142857142857
MK-PHX,JUICE10,52,19.732857142857142
MK-PHX,ENER25,1,10.409642857142858
MK-PHX,ENER25,2,7.032142857142857
MK-PHX,ENER25,3,8.976071428571428
MK-PHX,ENER25,4,7.0775
MK-PHX,ENER25,5,9.085714285714285
MK-PHX,ENER25,6,10.49392857142857
MK-PHX,ENER25,7,9.828928571428571
MK-PHX,ENER25,8,10.5125
MK-PHX,ENER25,9,7.671428571428571
MK-PHX,ENER25,10,7.0725
MK-PHX,ENER25,11,8.813214285714286
MK-PHX,ENER25,12,9.9475
MK-PHX,ENER25,13,8.452142857142857
MK-PHX,ENER25,14,9.573214285714286
MK-PHX,ENER25,15,8.88642857142857
MK-PHX,ENER25,16,10.6275
MK-PHX,ENER25,17,9.59
MK-PHX,ENER25,18,7.386785714285715
MK-PHX,ENER25,19,9.956071428571429
MK-PHX,ENER25,20,10.268928571428571
MK-PHX,ENER25,21,9.799642857142857
MK-PHX,ENER25,22,7.859999999999999
MK-PHX,ENER25,23,8.445714285714285
MK-PHX,ENER25,24,11.366071428571429
MK-PHX,ENER25,25,10.91392857142857
MK-PHX,ENER25,26,8.85
MK-PHX,ENER25,27,12.101785714285715
MK-PHX,ENER25,28,7.3621428571428575
MK-PHX,ENER25,29,7.672142857142857
MK-PHX,ENER25,30,9.02
MK-PHX,ENER25,31,11.3625
MK-PHX,ENER25,32,7.577500000000001
MK-PHX,ENER25,33,7.198571428571428
MK-PHX,ENER25,34,10.866428571428571
MK-PHX,ENER25,35,6.854285714285714
MK-PHX,ENER25,36,10.755714285714287
MK-PHX,ENER25,37,8.706785714285715
MK-PHX,ENER25,38,9.293214285714285
MK-PHX,ENER25,39,9.26607142857143
MK-PHX,ENER25,40,9.979642857142856
MK-PHX,ENER25,41,7.827142857142857
MK-PHX,ENER25,42,10.930714285714286
MK-PHX,ENER25,43,8.414285714285715
MK-PHX,ENER25,44,11.566785714285714
MK-PHX,ENER25,45,10.450714285714286
MK-PHX,ENER25,46,7.218571428571429
MK-PHX,ENER25,47,9.965
MK-PHX,ENER25,48,10.643214285714286
MK-PHX,ENER25,49,10.155
MK-PHX,ENER25,50,7.742142857142857
MK-PHX,ENER25,51,10.852857142857143
MK-PHX,ENER25,52,5.718571428571428
MK-PHL,STILL15,1,25.80952380952381
MK-PHL,STILL15,2,20.706845238095237
MK-PHL,STILL15,3,31.791666666666668
MK-PHL,STILL15,4,28.635416666666664
MK-PHL,STILL15,5,22.772321428571427
MK-PHL,STILL15,6,32.879464285714285
MK-PHL,STILL15,7,35.54315476190476
MK-PHL,STILL15,8,17.72767857142857
MK-PHL,STILL15,9,27.26190476190476
MK-PHL,STILL15,10,44.29761904761905
MK-PHL,STILL15,11,29.486607142857142
MK-PHL,STILL15,12,23.561011904761905
MK-PHL,STILL15,13,22.992559523809526
MK-PHL,STILL15,14,29.433035714285715
MK-PHL,STILL15,15,9.083333333333332
MK-PHL,STILL15,16,35.98809523809524
MK-PHL,STILL15,17,30.769345238095237
MK-PHL,STILL15,18,24.013392857142858
MK-PHL,STILL15,19,36.04464285714286
MK-PHL,STILL15,20,36.470238095238095
MK-PHL,STILL15,21,40.47767857142857
MK-PHL,STILL15,22,32.885416666666664
MK-PHL,STILL15,23,21.85565476190476
MK-PHL,STILL15,24,27.864583333333336
MK-PHL,STILL15,25,29.355654761904763
MK-PHL,STILL15,26,24.641369047619047
MK-PHL,STILL15,27,36.098214285714285
MK-PHL,STILL15,28,17.194940476190474
MK-PHL,STILL15,29,38.76636904761905
MK-PHL,STILL15,30,34.52529761904762
MK-PHL,STILL15,31,21.852678571428573
MK-PHL,STILL15,32,27.285714285714285
MK-PHL,STILL15,33,29.37797619047619
MK-PHL,STILL15,34,17.061011904761905
MK-PHL,STILL15,35,19.226190476190474
MK-PHL,STILL15,36,29.6875
MK-PHL,STILL15,37,33.53720238095238
MK-PHL,STILL15,38,28.348214285714285
MK-PHL,STILL15,39,18.242559523809526
MK-PHL,STILL15,40,46.14880952380952
MK-PHL,STILL15,41,20.72470238095238
MK-PHL,STILL15,42,28.625
MK-PHL,STILL15,43,34.19345238095238
MK-PHL,STILL15,44,31.35863095238095
MK-PHL,STILL15,45,15.788690476190474
MK-PHL,STILL15,46,23.129464285714285
MK-PHL,STILL15,47,33.175595238095234
MK-PHL,STILL15,48,29.800595238095237
MK-PHL,STILL15,49,17.007440476190474
MK-PHL,STILL15,50,35.151785714285715
MK-PHL,STILL15,51,29.694940476190474
MK-PHL,STILL15,52,48.848214285714285
MK-PHL,SPARK10,1,14.483333333333334
MK-PHL,SPARK10,2,23.09166666666667
MK-PHL,SPARK10,3,21.285714285714285
MK-PHL,SPARK10,4,20.435714285714287
MK-PHL,SPARK10,5,14.072619047619048
MK-PHL,SPARK10,6,10.720238095238095
MK-PHL,SPARK10,7,26.822619047619046
MK-PHL,SPARK10,8,25.09404761904762
MK-PHL,SPARK10,9,16.201190476190476
MK-PHL,SPARK10,10,20.65357142857143
MK-PHL,SPARK10,11,20.65595238095238
MK-PHL,SPARK10,12,23.364285714285714
MK-PHL,SPARK10,13,17.935714285714283
MK-PHL,SPARK10,14,18.554761904761904
MK-PHL,SPARK10,15,29.604761904761904
MK-PHL,SPARK10,16,17.810714285714283
MK-PHL,SPARK10,17,19.639285714285712
MK-PHL,SPARK10,18,17.575
MK-PHL,SPARK10,19,31.191666666666666
MK-PHL,SPARK10,20,24.577380952380953
MK-PHL,SPARK10,21,24.84642857142857
MK-PHL,SPARK10,22,23.688095238095237
MK-PHL,SPARK10,23,24.523809523809526
MK-PHL,SPARK10,24,29.897619047619045
MK-PHL,SPARK10,25,14.785714285714285
MK-PHL,SPARK10,26,9.451190476190476
MK-PHL,SPARK10,27,21.226190476190478
MK-PHL,SPARK10,28,15.909523809523808
MK-PHL,SPARK10,29,16.883333333333333
MK-PHL,SPARK10,30,25.034523809523808
MK-PHL,SPARK10,31,19.17738095238095
MK-PHL,SPARK10,32,15.221428571428572
MK-PHL,SPARK10,33,30.669047619047618
MK-PHL,SPARK10,34,22.339285714285715
MK-PHL,SPARK10,35,20.333333333333332
MK-PHL,SPARK10,36,21.191666666666666
MK-PHL,SPARK10,37,22.465476190476192
MK-PHL,SPARK10,38,21.095238095238095
MK-PHL,SPARK10,39,17.20952380952381
MK-PHL,SPARK10,40,20.257142857142856
MK-PHL,SPARK10,41,20.885714285714286
MK-PHL,SPARK10,42,23.283333333333335
MK-PHL,SPARK10,43,16.78095238095238
MK-PHL,SPARK10,44,28.51547619047619
MK-PHL,SPARK10,45,21.745238095238093
MK-PHL,SPARK10,46,25.57261904761905
MK-PHL,SPARK10,47,14.557142857142857
MK-PHL,SPARK10,48,20.185714285714287
MK-PHL,SPARK10,49,19.527380952380952
MK-PHL,SPARK10,50,29.208333333333332
MK-PHL,SPARK10,51,23.00595238095238
MK-PHL,SPARK10,52,8.358333333333333
MK-PHL,COLA33,1,30.350454545454546
MK-PHL,COLA33,2,26.268636363636364
MK-PHL,COLA33,3,29.036818181818184
MK-PHL,COLA33,4,27.69681818181818
MK-PHL,COLA33,5,43.943636363636365
MK-PHL,COLA33,6,22.863636363636363
MK-PHL,COLA33,7,24.170454545454547
MK-PHL,COLA33,8,27.96090909090909
MK-PHL,COLA33,9,31.241363636363637
MK-PHL,COLA33,10,22.595
MK-PHL,COLA33,11,31.396818181818183
MK-PHL,COLA33,12,30.617727272727272
MK-PHL,COLA33,13,24.295909090909092
MK-PHL,COLA33,14,23.946363636363635
MK-PHL,COLA33,15,34.63909090909091
MK-PHL,COLA33,16,16.53818181818182
MK-PHL,COLA33,17,39.77272727272727
MK-PHL,COLA33,18,35.86727272727273
MK-PHL,COLA33,19,27.283181818181816
MK-PHL,COLA33,20,31.11590909090909
MK-PHL,COLA33,21,24.714545454545455
MK-PHL,COLA33,22,36.030454545454546
MK-PHL,COLA33,23,40.91909090909091
MK-PHL,COLA33,24,36.405
MK-PHL,COLA33,25,33.69863636363637
MK-PHL,COLA33,26,36.877272727272725
MK-PHL,COLA33,27,30.27
MK-PHL,COLA33,28,22.291818181818183
MK-PHL,COLA33,29,33.07954545454545
MK-PHL,COLA33,30,33.12409090909091
MK-PHL,COLA33,31,32.80181818181818
MK-PHL,COLA33,32,29.74909090909091
MK-PHL,COLA33,33,35.531363636363636
MK-PHL,COLA33,34,28.244545454545456
MK-PHL,COLA33,35,27.550909090909094
MK-PHL,COLA33,36,35.33
MK-PHL,COLA33,37,36.103181818181824
MK-PHL,COLA33,38,29.548636363636362
MK-PHL,COLA33,39,33.72863636363636
MK-PHL,COLA33,40,33.13727272727272
MK-PHL,COLA33,41,30.443636363636365
MK-PHL,COLA33,42,37.84045454545455
MK-PHL,COLA33,43,43.22681818181818
MK-PHL,COLA33,44,31.095
MK-PHL,COLA33,45,29.33
MK-PHL,COLA33,46,33.97909090909091
MK-PHL,COLA33,47,34.585
MK-PHL,COLA33,48,32.536818181818184
MK-PHL,COLA33,49,29.759999999999998
MK-PHL,COLA33,50,23.022272727272725
MK-PHL,COLA33,51,29.71272727272727
MK-PHL,COLA33,52,30.930454545454545
MK-PHL,TEA50,1,17.027272727272727
MK-PHL,TEA50,2,19.31909090909091
MK-PHL,TEA50,3,21.325454545454548
MK-PHL,TEA50,4,12.667272727272728
MK-PHL,TEA50,5,13.442727272727272
MK-PHL,TEA50,6,19.41181818181818
MK-PHL,TEA50,7,22.25
MK-PHL,TEA50,8,22.112727272727273
MK-PHL,TEA50,9,13.737272727272726
MK-PHL,TEA50,10,17.528181818181817
MK-PHL,TEA50,11,17.275454545454547
MK-PHL,TEA50,12,28.042727272727273
MK-PHL,TEA50,13,15.865454545454545
MK-PHL,TEA50,14,19.004545454545454
MK-PHL,TEA50,15,17.13090909090909
MK-PHL,TEA50,16,20.214545454545455
MK-PHL,TEA50,17,19.153636363636362
MK-PHL,TEA50,18,17.463636363636365
MK-PHL,TEA50,19,13.88090909090909
MK-PHL,TEA50,20,14.933636363636364
MK-PHL,TEA50,21,11.553636363636365
MK-PHL,TEA50,22,20.656363636363636
MK-PHL,TEA50,23,21.21090909090909
MK-PHL,TEA50,24,24.668181818181818
MK-PHL,TEA50,25,9.540909090909091
MK-PHL,TEA50,26,16.784545454545455
MK-PHL,TEA50,27,10.80090909090909
MK-PHL,TEA50,28,13.91909090909091
MK-PHL,TEA50,29,14.296363636363637
MK-PHL,TEA50,30,15.265454545454546
MK-PHL,TEA50,31,19.71
MK-PHL,TEA50,32,16.99
MK-PHL,TEA50,33,19.70818181818182
MK-PHL,TEA50,34,18.675454545454542
MK-PHL,TEA50,35,14.134545454545455
MK-PHL,TEA50,36,10.011818181818182
MK-PHL,TEA50,37,15.787272727272729
MK-PHL,TEA50,38,22.637272727272727
MK-PHL,TEA50,39,26.53727272727273
MK-PHL,TEA50,40,29.286363636363635
MK-PHL,TEA50,41,23.00909090909091
MK-PHL,TEA50,42,21.89909090909091
MK-PHL,TEA50,43,18.906363636363636
MK-PHL,TEA50,44,24.28727272727273
MK-PHL,TEA50,45,15.536363636363637
MK-PHL,TEA50,46,20.09
MK-PHL,TEA50,47,20.59
MK-PHL,TEA50,48,20.753636363636364
MK-PHL,TEA50,49,23.27090909090909
MK-PHL,TEA50,50,19.83818181818182
MK-PHL,TEA50,51,25.585454545454546
MK-PHL,TEA50,52,14.272727272727273
MK-PHL,JUICE10,1,12.757142857142858
MK-PHL,JUICE10,2,20.388571428571428
MK-PHL,JUICE10,3,16.302857142857142
MK-PHL,JUICE10,4,17.825714285714284
MK-PHL,JUICE10,5,18.39857142857143
MK-PHL,JUICE10,6,23.15714285714286
MK-PHL,JUICE10,7,18.849999999999998
MK-PHL,JUICE10,8,14.012857142857142
MK-PHL,JUICE10,9,21.875714285714285
MK-PHL,JUICE10,10,19.86
MK-PHL,JUICE10,11,18.911428571428573
MK-PHL,JUICE10,12,11.317142857142857
MK-PHL,JUICE10,13,13.651428571428571
MK-PHL,JUICE10,14,26.58142857142857
MK-PHL,JUICE10,15,12.617142857142857
MK-PHL,JUICE10,16,16.905714285714286
MK-PHL,JUICE10,17,13.267142857142858
MK-PHL,JUICE10,18,16.298571428571428
MK-PHL,JUICE10,19,21.97
MK-PHL,JUICE10,20,18.62857142857143
MK-PHL,JUICE10,21,17.102857142857143
MK-PHL,JUICE10,22,8.44142857142857
MK-PHL,JUICE10,23,17.195714285714285
MK-PHL,JUICE10,24,15.311428571428571
MK-PHL,JUICE10,25,18.90714285714286
MK-PHL,JUICE10,26,16.37142857142857
MK-PHL,JUICE10,27,17.352857142857143
MK-PHL,JUICE10,28,21.347142857142856
MK-PHL,JUICE10,29,23.36142857142857
MK-PHL,JUICE10,30,14.907142857142858
MK-PHL,JUICE10,31,15.764285714285714
MK-PHL,JUICE10,32,15.145714285714286
MK-PHL,JUICE10,33,10.752857142857144
MK-PHL,JUICE10,34,16.814285714285717
MK-PHL,JUICE10,35,22.875714285714285
MK-PHL,JUICE10,36,20.212857142857143
MK-PHL,JUICE10,37,13.394285714285715
MK-PHL,JUICE10,38,19.352857142857143
MK-PHL,JUICE10,39,16.298571428571428
MK-PHL,JUICE10,40,14.802857142857142
MK-PHL,JUICE10,41,19.114285714285714
MK-PHL,JUICE10,42,11.76
MK-PHL,JUICE10,43,16.654285714285713
MK-PHL,JUICE10,44,18.36285714285714
MK-PHL,JUICE10,45,23.747142857142858
MK-PHL,JUICE10,46,7.825714285714286
MK-PHL,JUICE10,47,11.052857142857142
MK-PHL,JUICE10,48,12.29
MK-PHL,JUICE10,49,15.41
MK-PHL,JUICE10,50,15.372857142857143
MK-PHL,JUICE10,51,13.248571428571427
MK-PHL,JUICE10,52,19.47
MK-PHL,ENER25,1,12.718214285714286
MK-PHL,ENER25,2,9.62107142857143
MK-PHL,ENER25,3,8.241428571428571
MK-PHL,ENER25,4,9.582142857142857
MK-PHL,ENER25,5,14.087142857142858
MK-PHL,ENER25,6,7.855714285714286
MK-PHL,ENER25,7,11.198928571428572
MK-PHL,ENER25,8,7.557857142857143
MK-PHL,ENER25,9,9.942857142857143
MK-PHL,ENER25,10,10.308214285714286
MK-PHL,ENER25,11,9.623214285714285
MK-PHL,ENER25,12,9.745714285714286
MK-PHL,ENER25,13,11.480357142857143
MK-PHL,ENER25,14,7.519285714285714
MK-PHL,ENER25,15,9.905714285714286
MK-PHL,ENER25,16,8.605
MK-PHL,ENER25,17,10.720714285714285
MK-PHL,ENER25,18,6.221785714285715
MK-PHL,ENER25,19,10.626428571428571
MK-PHL,ENER25,20,8.668214285714285
MK-PHL,ENER25,21,13.325714285714286
MK-PHL,ENER25,22,9.751071428571429
MK-PHL,ENER25,23,10.155714285714286
MK-PHL,ENER25,24,12.364285714285714
MK-PHL,ENER25,25,10.3875
MK-PHL,ENER25,26,9.2125
MK-PHL,ENER25,27,10.352142857142857
MK-PHL,ENER25,28,13.298571428571428
MK-PHL,ENER25,29,11.121785714285714
MK-PHL,ENER25,30,7.807857142857142
MK-PHL,ENER25,31,11.306785714285715
MK-PHL,ENER25,32,11.425357142857143
MK-PHL,ENER25,33,9.961785714285714
MK-PHL,ENER25,34,9.808214285714287
MK-PHL,ENER25,35,9.825714285714286
MK-PHL,ENER25,36,6.864285714285714
MK-PHL,ENER25,37,10.838928571428571
MK-PHL,ENER25,38,9.881785714285714
MK-PHL,ENER25,39,13.417857142857143
MK-PHL,ENER25,40,10.081428571428571
MK-PHL,ENER25,41,8.933928571428572
MK-PHL,ENER25,42,8.039642857142857
MK-PHL,ENER25,43,9.273928571428572
MK-PHL,ENER25,44,7.287857142857143
MK-PHL,ENER25,45,12.586785714285714
MK-PHL,ENER25,46,11.416785714285714
MK-PHL,ENER25,47,11.082857142857144
MK-PHL,ENER25,48,10.013571428571428
MK-PHL,ENER25,49,7.468214285714286
MK-PHL,ENER25,50,11.17607142857143
MK-PHL,ENER25,51,9.764285714285714
MK-PHL,ENER25,52,12.736071428571428
MK-ATL,STILL15,1,44.92857142857143
MK-ATL,STILL15,2,52.654761904761905
MK-ATL,STILL15,3,44.666666666666664
MK-ATL,STILL15,4,30.456845238095237
MK-ATL,STILL15,5,28.520833333333332
MK-ATL,STILL15,6,30.28720238095238
MK-ATL,STILL15,7,33.00892857142857
MK-ATL,STILL15,8,34.760416666666664
MK-ATL,STILL15,9,25.23363095238095
MK-ATL,STILL15,10,32.819940476190474
MK-ATL,STILL15,11,24.514880952380953
MK-ATL,STILL15,12,25.522321428571427
MK-ATL,STILL15,13,26.78125
MK-ATL,STILL15,14,38.339285714285715
MK-ATL,STILL15,15,34.28720238095238
MK-ATL,STILL15,16,27.148809523809526
MK-ATL,STILL15,17,33.233630952380956
MK-ATL,STILL15,18,28.397321428571427
MK-ATL,STILL15,19,42.65327380952381
MK-ATL,STILL15,20,28.699404761904763
MK-ATL,STILL15,21,33.95982142857143
MK-ATL,STILL15,22,31.41220238095238
MK-ATL,STILL15,23,36.75
MK-ATL,STILL15,24,37.83779761904762
MK-ATL,STILL15,25,29.59970238095238
MK-ATL,STILL15,26,29.363095238095237
MK-ATL,STILL15,27,32.92559523809524
MK-ATL,STILL15,28,38.77232142857143
MK-ATL,STILL15,29,38.85714285714286
MK-ATL,STILL15,30,31.297619047619047
MK-ATL,STILL15,31,24.90029761904762
MK-ATL,STILL15,32,30.71875
MK-ATL,STILL15,33,27.333333333333336
MK-ATL,STILL15,34,23.680059523809526
MK-ATL,STILL15,35,27.31547619047619
MK-ATL,STILL15,36,42.08482142857143
MK-ATL,STILL15,37,40.098214285714285
MK-ATL,STILL15,38,29.373511904761905
MK-ATL,STILL15,39,35.061011904761905
MK-ATL,STILL15,40,28.142857142857142
MK-ATL,STILL15,41,28.60267857142857
MK-ATL,STILL15,42,39.73214285714286
MK-ATL,STILL15,43,35.83482142857143
MK-ATL,STILL15,44,26.44047619047619
MK-ATL,STILL15,45,26.467261904761905
MK-ATL,STILL15,46,35.739583333333336
MK-ATL,STILL15,47,33.066964285714285
MK-ATL,STILL15,48,42.867559523809526
MK-ATL,STILL15,49,37.092261904761905
MK-ATL,STILL15,50,29.773809523809526
MK-ATL,STILL15,51,34.19940476190476
MK-ATL,STILL15,52,29.78125
MK-ATL,SPARK10,1,37.98571428571428
MK-ATL,SPARK10,2,20.46309523809524
MK-ATL,SPARK10,3,20.995238095238093
MK-ATL,SPARK10,4,33.173809523809524
MK-ATL,SPARK10,5,14.102380952380951
MK-ATL,SPARK10,6,31.253571428571426
MK-ATL,SPARK10,7,23.253571428571426
MK-ATL,SPARK10,8,18.016666666666666
MK-ATL,SPARK10,9,30.23690476190476
MK-ATL,SPARK10,10,21.363095238095237
MK-ATL,SPARK10,11,21.455952380952382
MK-ATL,SPARK10,12,24.152380952380952
MK-ATL,SPARK10,13,27.978571428571428
MK-ATL,SPARK10,14,22.622619047619047
MK-ATL,SPARK10,15,24.682142857142857
MK-ATL,SPARK10,16,22.817857142857143
MK-ATL,SPARK10,17,29.67857142857143
MK-ATL,SPARK10,18,27.248809523809523
MK-ATL,SPARK10,19,10.78452380952381
MK-ATL,SPARK10,20,25.01309523809524
MK-ATL,SPARK10,21,17.179761904761907
MK-ATL,SPARK10,22,23.303571428571427
MK-ATL,SPARK10,23,22.801190476190477
MK-ATL,SPARK10,24,27.25595238095238
MK-ATL,SPARK10,25,20.78214285714286
MK-ATL,SPARK10,26,29.44404761904762
MK-ATL,SPARK10,27,33.07857142857143
MK-ATL,SPARK10,28,26.998809523809523
MK-ATL,SPARK10,29,27.501190476190477
MK-ATL,SPARK10,30,17.886904761904763
MK-ATL,SPARK10,31,21.996428571428574
MK-ATL,SPARK10,32,17.22142857142857
MK-ATL,SPARK10,33,24.902380952380952
MK-ATL,SPARK10,34,26.40595238095238
MK-ATL,SPARK10,35,26.138095238095236
MK-ATL,SPARK10,36,32.47261904761905
MK-ATL,SPARK10,37,38.555952380952384
MK-ATL,SPARK10,38,32.52142857142857
MK-ATL,SPARK10,39,36.661904761904765
MK-ATL,SPARK10,40,19.292857142857144
MK-ATL,SPARK10,41,26.20952380952381
MK-ATL,SPARK10,42,24.52619047619048
MK-ATL,SPARK10,43,13.735714285714286
MK-ATL,SPARK10,44,13.522619047619047
MK-ATL,SPARK10,45,28.867857142857144
MK-ATL,SPARK10,46,33.77738095238095
MK-ATL,SPARK10,47,20.636904761904763
MK-ATL,SPARK10,48,37.15476190476191
MK-ATL,SPARK10,49,17.74642857142857
MK-ATL,SPARK10,50,10.15952380952381
MK-ATL,SPARK10,51,32.88452380952381
MK-ATL,SPARK10,52,15.49642857142857
MK-ATL,COLA33,1,44.934090909090905
MK-ATL,COLA33,2,39.36454545454546
MK-ATL,COLA33,3,44.75909090909091
MK-ATL,COLA33,4,36.28272727272727
MK-ATL,COLA33,5,55.984545454545454
MK-ATL,COLA33,6,51.34409090909091
MK-ATL,COLA33,7,39.765454545454546
MK-ATL,COLA33,8,41.16409090909091
MK-ATL,COLA33,9,37.44227272727273
MK-ATL,COLA33,10,31.39590909090909
MK-ATL,COLA33,11,46.780454545454546
MK-ATL,COLA33,12,59.41772727272727
MK-ATL,COLA33,13,33.21272727272727
MK-ATL,COLA33,14,38.14909090909091
MK-ATL,COLA33,15,35.34045454545455
MK-ATL,COLA33,16,37.28181818181818
MK-ATL,COLA33,17,28.51681818181818
MK-ATL,COLA33,18,55.555
MK-ATL,COLA33,19,50.790909090909096
MK-ATL,COLA33,20,45.59045454545455
MK-ATL,COLA33,21,52.11863636363636
MK-ATL,COLA33,22,43.458636363636366
MK-ATL,COLA33,23,43.824090909090906
MK-ATL,COLA33,24,45.052727272727275
MK-ATL,COLA33,25,38.03409090909091
MK-ATL,COLA33,26,50.113181818181815
MK-ATL,COLA33,27,47.290454545454544
MK-ATL,COLA33,28,47.886818181818185
MK-ATL,COLA33,29,46.79863636363636
MK-ATL,COLA33,30,43.595
MK-ATL,COLA33,31,57.07363636363637
MK-ATL,COLA33,32,62.645909090909086
MK-ATL,COLA33,33,38.333636363636366
MK-ATL,COLA33,34,41.63227272727272
MK-ATL,COLA33,35,53.20727272727273
MK-ATL,COLA33,36,53.83090909090909
MK-ATL,COLA33,37,34.06409090909091
MK-ATL,COLA33,38,37.93409090909091
MK-ATL,COLA33,39,48.57272727272727
MK-ATL,COLA33,40,41.87409090909091
MK-ATL,COLA33,41,44.989999999999995
MK-ATL,COLA33,42,46.96545454545455
MK-ATL,COLA33,43,47.05318181818182
MK-ATL,COLA33,44,37.75363636363636
MK-ATL,COLA33,45,42.355000000000004
MK-ATL,COLA33,46,41.39818181818182
MK-ATL,COLA33,47,47.485454545454544
MK-ATL,COLA33,48,50.12045454545455
MK-ATL,COLA33,49,39.90954545454545
MK-ATL,COLA33,50,35.127272727272725
MK-ATL,COLA33,51,47.815
MK-ATL,COLA33,52,37.015
MK-ATL,TEA50,1,25.421818181818182
MK-ATL,TEA50,2,27.062727272727273
MK-ATL,TEA50,3,27.179090909090906
MK-ATL,TEA50,4,29.126363636363635
MK-ATL,TEA50,5,19.592727272727274
MK-ATL,TEA50,6,17.304545454545455
MK-ATL,TEA50,7,17.842727272727274
MK-ATL,TEA50,8,26.313636363636363
MK-ATL,TEA50,9,21.420909090909092
MK-ATL,TEA50,10,18.153636363636366
MK-ATL,TEA50,11,29.369090909090907
MK-ATL,TEA50,12,29.154545454545456
MK-ATL,TEA50,13,17.30181818181818
MK-ATL,TEA50,14,18.573636363636364
MK-ATL,TEA50,15,28.05909090909091
MK-ATL,TEA50,16,22.485454545454544
MK-ATL,TEA50,17,22.764545454545456
MK-ATL,TEA50,18,22.16181818181818
MK-ATL,TEA50,19,22.235454545454544
MK-ATL,TEA50,20,23.566363636363636
MK-ATL,TEA50,21,25.50181818181818
MK-ATL,TEA50,22,24.68090909090909
MK-ATL,TEA50,23,26.335454545454546
MK-ATL,TEA50,24,20.522727272727273
MK-ATL,TEA50,25,30.133636363636366
MK-ATL,TEA50,26,27.397272727272725
MK-ATL,TEA50,27,20.786363636363635
MK-ATL,TEA50,28,23.681818181818183
MK-ATL,TEA50,29,30.11
MK-ATL,TEA50,30,20.978181818181817
MK-ATL,TEA50,31,22.623636363636365
MK-ATL,TEA50,32,25.127272727272725
MK-ATL,TEA50,33,26.99727272727273
MK-ATL,TEA50,34,23.705454545454543
MK-ATL,TEA50,35,24.845454545454544
MK-ATL,TEA50,36,24.28818181818182
MK-ATL,TEA50,37,24.167272727272728
MK-ATL,TEA50,38,23.43090909090909
MK-ATL,TEA50,39,20.55090909090909
MK-ATL,TEA50,40,16.90909090909091
MK-ATL,TEA50,41,21.13181818181818
MK-ATL,TEA50,42,18.225454545454546
MK-ATL,TEA50,43,21.80090909090909
MK-ATL,TEA50,44,27.322727272727274
MK-ATL,TEA50,45,24.673636363636362
MK-ATL,TEA50,46,26.06
MK-ATL,TEA50,47,22.19272727272727
MK-ATL,TEA50,48,18.362727272727273
MK-ATL,TEA50,49,21.324545454545454
MK-ATL,TEA50,50,26.946363636363635
MK-ATL,TEA50,51,24.53090909090909
MK-ATL,TEA50,52,21.565454545454543
MK-ATL,JUICE10,1,13.635714285714286
MK-ATL,JUICE10,2,15.79
MK-ATL,JUICE10,3,12.037142857142857
MK-ATL,JUICE10,4,19.055714285714284
MK-ATL,JUICE10,5,16.792857142857144
MK-ATL,JUICE10,6,11.897142857142857
MK-ATL,JUICE10,7,17.26
MK-ATL,JUICE10,8,12.79
MK-ATL,JUICE10,9,19.31714285714286
MK-ATL,JUICE10,10,20.465714285714288
MK-ATL,JUICE10,11,14.962857142857143
MK-ATL,JUICE10,12,21.3
MK-ATL,JUICE10,13,16.68
MK-ATL,JUICE10,14,19.337142857142858
MK-ATL,JUICE10,15,21.34285714285714
MK-ATL,JUICE10,16,13.209999999999999
MK-ATL,JUICE10,17,15.364285714285714
MK-ATL,JUICE10,18,15.592857142857143
MK-ATL,JUICE10,19,15.465714285714286
MK-ATL,JUICE10,20,15.57857142857143
MK-ATL,JUICE10,21,20.294285714285714
MK-ATL,JUICE10,22,7.508571428571429
MK-ATL,JUICE10,23,16.684285714285714
MK-ATL,JUICE10,24,16.93857142857143
MK-ATL,JUICE10,25,18.722857142857144
MK-ATL,JUICE10,26,17.397142857142857
MK-ATL,JUICE10,27,12.652857142857142
MK-ATL,JUICE10,28,21.0
MK-ATL,JUICE10,29,18.919999999999998
MK-ATL,JUICE10,30,21.692857142857143
MK-ATL,JUICE10,31,18.518571428571427
MK-ATL,JUICE10,32,10.95
MK-ATL,JUICE10,33,11.678571428571429
MK-ATL,JUICE10,34,19.25142857142857
MK-ATL,JUICE10,35,15.39
MK-ATL,JUICE10,36,12.892857142857144
MK-ATL,JUICE10,37,22.727142857142855
MK-ATL,JUICE10,38,15.175714285714285
MK-ATL,JUICE10,39,19.09
MK-ATL,JUICE10,40,20.645714285714284
MK-ATL,JUICE10,41,10.061428571428571
MK-ATL,JUICE10,42,14.482857142857144
MK-ATL,JUICE10,43,10.644285714285715
MK-ATL,JUICE10,44,10.601428571428572
MK-ATL,JUICE10,45,4.0685714285714285
MK-ATL,JUICE10,46,15.011428571428572
MK-ATL,JUICE10,47,10.661428571428571
MK-ATL,JUICE10,48,10.7
MK-ATL,JUICE10,49,18.06142857142857
MK-ATL,JUICE10,50,16.447142857142858
MK-ATL,JUICE10,51,12.641428571428571
MK-ATL,JUICE10,52,11.80857142857143
MK-ATL,ENER25,1,12.057500000000001
MK-ATL,ENER25,2,9.563214285714285
MK-ATL,ENER25,3,13.791428571428572
MK-ATL,ENER25,4,6.811071428571428
MK-ATL,ENER25,5,12.413571428571428
MK-ATL,ENER25,6,15.245714285714286
MK-ATL,ENER25,7,10.852142857142857
MK-ATL,ENER25,8,14.518214285714286
MK-ATL,ENER25,9,11.62892857142857
MK-ATL,ENER25,10,7.6850000000000005
MK-ATL,ENER25,11,12.973571428571429
MK-ATL,ENER25,12,11.433214285714286
MK-ATL,ENER25,13,10.704642857142858
MK-ATL,ENER25,14,11.231785714285714
MK-ATL,ENER25,15,13.643928571428571
MK-ATL,ENER25,16,5.385714285714286
MK-ATL,ENER25,17,10.878214285714286
MK-ATL,ENER25,18,9.985357142857142
MK-ATL,ENER25,19,5.543928571428571
MK-ATL,ENER25,20,13.652857142857144
MK-ATL,ENER25,21,12.166428571428572
MK-ATL,ENER25,22,10.843214285714286
MK-ATL,ENER25,23,13.946428571428571
MK-ATL,ENER25,24,9.425357142857143
MK-ATL,ENER25,25,7.221071428571428
MK-ATL,ENER25,26,8.848928571428573
MK-ATL,ENER25,27,13.126071428571429
MK-ATL,ENER25,28,13.768571428571429
MK-ATL,ENER25,29,14.798928571428572
MK-ATL,ENER25,30,7.581071428571429
MK-ATL,ENER25,31,9.323214285714286
MK-ATL,ENER25,32,10.182857142857143
MK-ATL,ENER25,33,4.5475
MK-ATL,ENER25,34,11.057857142857143
MK-ATL,ENER25,35,14.391071428571427
MK-ATL,ENER25,36,12.188571428571429
MK-ATL,ENER25,37,12.324642857142857
MK-ATL,ENER25,38,6.585714285714286
MK-ATL,ENER25,39,13.691428571428572
MK-ATL,ENER25,40,11.18
MK-ATL,ENER25,41,15.245714285714286
MK-ATL,ENER25,42,7.498571428571429
MK-ATL,ENER25,43,14.566428571428572
MK-ATL,ENER25,44,11.723214285714286
MK-ATL,ENER25,45,13.037142857142857
MK-ATL,ENER25,46,16.854642857142856
MK-ATL,ENER25,47,9.959285714285715
MK-ATL,ENER25,48,7.0617857142857146
MK-ATL,ENER25,49,18.197857142857146
MK-ATL,ENER25,50,16.031785714285714
MK-ATL,ENER25,51,17.87607142857143
MK-ATL,ENER25,52,12.748928571428571
MK-MIA,STILL15,1,31.983630952380956
MK-MIA,STILL15,2,34.305059523809526
MK-MIA,STILL15,3,36.80952380952381
MK-MIA,STILL15,4,20.523809523809526
MK-MIA,STILL15,5,51.83482142857143
MK-MIA,STILL15,6,27.806547619047617
MK-MIA,STILL15,7,24.763392857142858
MK-MIA,STILL15,8,45.71279761904762
MK-MIA,STILL15,9,34.782738095238095
MK-MIA,STILL15,10,35.82440476190476
MK-MIA,STILL15,11,28.205357142857142
MK-MIA,STILL15,12,45.808035714285715
MK-MIA,STILL15,13,42.117559523809526
MK-MIA,STILL15,14,32.68154761904762
MK-MIA,STILL15,15,33.73363095238095
MK-MIA,STILL15,16,50.333333333333336
MK-MIA,STILL15,17,42.45386904761905
MK-MIA,STILL15,18,38.90625
MK-MIA,STILL15,19,32.25892857142857
MK-MIA,STILL15,20,22.040178571428573
MK-MIA,STILL15,21,28.970238095238095
MK-MIA,STILL15,22,48.56845238095238
MK-MIA,STILL15,23,23.136904761904763
MK-MIA,STILL15,24,36.92559523809524
MK-MIA,STILL15,25,32.138392857142854
MK-MIA,STILL15,26,30.364583333333336
MK-MIA,STILL15,27,31.019345238095237
MK-MIA,STILL15,28,40.938988095238095
MK-MIA,STILL15,29,34.42410714285714
MK-MIA,STILL15,30,27.95982142857143
MK-MIA,STILL15,31,29.125
MK-MIA,STILL15,32,20.069940476190474
MK-MIA,STILL15,33,34.65922619047619
MK-MIA,STILL15,34,48.854166666666664
MK-MIA,STILL15,35,23.223214285714285
MK-MIA,STILL15,36,35.6875
MK-MIA,STILL15,37,28.30654761904762
MK-MIA,STILL15,38,38.308035714285715
MK-MIA,STILL15,39,35.64434523809524
MK-MIA,STILL15,40,38.91815476190476
MK-MIA,STILL15,41,21.543154761904763
MK-MIA,STILL15,42,39.276785714285715
MK-MIA,STILL15,43,38.1875
MK-MIA,STILL15,44,12.380952380952381
MK-MIA,STILL15,45,27.742559523809522
MK-MIA,STILL15,46,32.563988095238095
MK-MIA,STILL15,47,30.171130952380953
MK-MIA,STILL15,48,32.51190476190476
MK-MIA,STILL15,49,41.75297619047619
MK-MIA,STILL15,50,27.229166666666664
MK-MIA,STILL15,51,29.473214285714285
MK-MIA,STILL15,52,39.44345238095238
MK-MIA,SPARK10,1,14.235714285714286
MK-MIA,SPARK10,2,32.56428571428572
MK-MIA,SPARK10,3,11.725
MK-MIA,SPARK10,4,10.838095238095239
MK-MIA,SPARK10,5,16.646428571428572
MK-MIA,SPARK10,6,13.657142857142858
MK-MIA,SPARK10,7,19.885714285714286
MK-MIA,SPARK10,8,36.72380952380952
MK-MIA,SPARK10,9,29.18452380952381
MK-MIA,SPARK10,10,15.911904761904761
MK-MIA,SPARK10,11,22.37142857142857
MK-MIA,SPARK10,12,34.26904761904762
MK-MIA,SPARK10,13,14.825
MK-MIA,SPARK10,14,27.173809523809524
MK-MIA,SPARK10,15,25.295238095238094
MK-MIA,SPARK10,16,23.675
MK-MIA,SPARK10,17,19.817857142857143
MK-MIA,SPARK10,18,25.264285714285716
MK-MIA,SPARK10,19,25.001190476190477
MK-MIA,SPARK10,20,12.991666666666667
MK-MIA,SPARK10,21,18.714285714285715
MK-MIA,SPARK10,22,13.528571428571428
MK-MIA,SPARK10,23,22.88452380952381
MK-MIA,SPARK10,24,18.551190476190477
MK-MIA,SPARK10,25,19.545238095238094
MK-MIA,SPARK10,26,16.776190476190475
MK-MIA,SPARK10,27,25.89404761904762
MK-MIA,SPARK10,28,21.363095238095237
MK-MIA,SPARK10,29,21.20357142857143
MK-MIA,SPARK10,30,18.383333333333333
MK-MIA,SPARK10,31,22.09285714285714
MK-MIA,SPARK10,32,22.76904761904762
MK-MIA,SPARK10,33,23.70357142857143
MK-MIA,SPARK10,34,21.589285714285715
MK-MIA,SPARK10,35,28.754761904761903
MK-MIA,SPARK10,36,27.60952380952381
MK-MIA,SPARK10,37,25.36547619047619
MK-MIA,SPARK10,38,24.620238095238093
MK-MIA,SPARK10,39,29.114285714285714
MK-MIA,SPARK10,40,28.519047619047615
MK-MIA,SPARK10,41,20.265476190476193
MK-MIA,SPARK10,42,34.18809523809524
MK-MIA,SPARK10,43,23.60595238095238
MK-MIA,SPARK10,44,24.372619047619047
MK-MIA,SPARK10,45,27.5
MK-MIA,SPARK10,46,5.225
MK-MIA,SPARK10,47,23.489285714285714
MK-MIA,SPARK10,48,16.591666666666665
MK-MIA,SPARK10,49,29.98452380952381
MK-MIA,SPARK10,50,24.68809523809524
MK-MIA,SPARK10,51,21.334523809523812
MK-MIA,SPARK10,52,25.316666666666666
MK-MIA,COLA33,1,35.525000000000006
MK-MIA,COLA33,2,39.75454545454546
MK-MIA,COLA33,3,46.681363636363635
MK-MIA,COLA33,4,44.77
MK-MIA,COLA33,5,43.051818181818184
MK-MIA,COLA33,6,34.28818181818182
MK-MIA,COLA33,7,40.86409090909091
MK-MIA,COLA33,8,47.62045454545455
MK-MIA,COLA33,9,43.04772727272727
MK-MIA,COLA33,10,46.86954545454546
MK-MIA,COLA33,11,35.11454545454545
MK-MIA,COLA33,12,43.907272727272726
MK-MIA,COLA33,13,50.59
MK-MIA,COLA33,14,41.292272727272724
MK-MIA,COLA33,15,38.67636363636363
MK-MIA,COLA33,16,52.889545454545456
MK-MIA,COLA33,17,48.766363636363636
MK-MIA,COLA33,18,43.83954545454546
MK-MIA,COLA33,19,37.450909090909086
MK-MIA,COLA33,20,35.32590909090909
MK-MIA,COLA33,21,41.35045454545455
MK-MIA,COLA33,22,39.22545454545455
MK-MIA,COLA33,23,43.129999999999995
MK-MIA,COLA33,24,36.82272727272728
MK-MIA,COLA33,25,51.71727272727273
MK-MIA,COLA33,26,40.287727272727274
MK-MIA,COLA33,27,34.67136363636364
MK-MIA,COLA33,28,37.567727272727275
MK-MIA,COLA33,29,44.53545454545454
MK-MIA,COLA33,30,47.500454545454545
MK-MIA,COLA33,31,38.964090909090906
MK-MIA,COLA33,32,46.61409090909091
MK-MIA,COLA33,33,38.88909090909091
MK-MIA,COLA33,34,43.83772727272728
MK-MIA,COLA33,35,57.71545454545454
MK-MIA,COLA33,36,37.775
MK-MIA,COLA33,37,44.50818181818182
MK-MIA,COLA33,38,55.18863636363636
MK-MIA,COLA33,39,26.24
MK-MIA,COLA33,40,33.85318181818182
MK-MIA,COLA33,41,41.803636363636365
MK-MIA,COLA33,42,50.54818181818182
MK-MIA,COLA33,43,30.716363636363635
MK-MIA,COLA33,44,46.97772727272727
MK-MIA,COLA33,45,38.69590909090909
MK-MIA,COLA33,46,38.35045454545455
MK-MIA,COLA33,47,48.41318181818182
MK-MIA,COLA33,48,43.29272727272727
MK-MIA,COLA33,49,28.933636363636364
MK-MIA,COLA33,50,40.11454545454545
MK-MIA,COLA33,51,50.58863636363636
MK-MIA,COLA33,52,40.04636363636364
MK-MIA,TEA50,1,13.644545454545455
MK-MIA,TEA50,2,16.651818181818182
MK-MIA,TEA50,3,29.584545454545456
MK-MIA,TEA50,4,22.49909090909091
MK-MIA,TEA50,5,25.73818181818182
MK-MIA,TEA50,6,22.728181818181817
MK-MIA,TEA50,7,22.642727272727274
MK-MIA,TEA50,8,23.620909090909088
MK-MIA,TEA50,9,25.95090909090909
MK-MIA,TEA50,10,35.17727272727273
MK-MIA,TEA50,11,24.624545454545455
MK-MIA,TEA50,12,17.58909090909091
MK-MIA,TEA50,13,26.71181818181818
MK-MIA,TEA50,14,23.847272727272728
MK-MIA,TEA50,15,25.87909090909091
MK-MIA,TEA50,16,19.04909090909091
MK-MIA,TEA50,17,28.020909090909093
MK-MIA,TEA50,18,23.652727272727272
MK-MIA,TEA50,19,25.328181818181818
MK-MIA,TEA50,20,25.722727272727273
MK-MIA,TEA50,21,27.17909090909091
MK-MIA,TEA50,22,28.23818181818182
MK-MIA,TEA50,23,23.71181818181818
MK-MIA,TEA50,24,31.132727272727273
MK-MIA,TEA50,25,29.11090909090909
MK-MIA,TEA50,26,17.924545454545452
MK-MIA,TEA50,27,18.701818181818183
MK-MIA,TEA50,28,27.89909090909091
MK-MIA,TEA50,29,23.85818181818182
MK-MIA,TEA50,30,23.668181818181818
MK-MIA,TEA50,31,15.085454545454546
MK-MIA,TEA50,32,24.97181818181818
MK-MIA,TEA50,33,23.152727272727272
MK-MIA,TEA50,34,25.887272727272727
MK-MIA,TEA50,35,22.328181818181818
MK-MIA,TEA50,36,23.935454545454547
MK-MIA,TEA50,37,23.059090909090912
MK-MIA,TEA50,38,26.485454545454544
MK-MIA,TEA50,39,19.354545454545455
MK-MIA,TEA50,40,21.905454545454546
MK-MIA,TEA50,41,22.89818181818182
MK-MIA,TEA50,42,17.103636363636365
MK-MIA,TEA50,43,19.523636363636363
MK-MIA,TEA50,44,22.776363636363634
MK-MIA,TEA50,45,21.692727272727275
MK-MIA,TEA50,46,21.079090909090908
MK-MIA,TEA50,47,28.64
MK-MIA,TEA50,48,12.997272727272726
MK-MIA,TEA50,49,37.230000000000004
MK-MIA,TEA50,50,25.247272727272726
MK-MIA,TEA50,51,18.675454545454546
MK-MIA,TEA50,52,12.682727272727272
MK-MIA,JUICE10,1,11.982857142857144
MK-MIA,JUICE10,2,16.502857142857142
MK-MIA,JUICE10,3,14.714285714285714
MK-MIA,JUICE10,4,12.502857142857142
MK-MIA,JUICE10,5,18.174285714285713
MK-MIA,JUICE10,6,14.040000000000001
MK-MIA,JUICE10,7,22.097142857142856
MK-MIA,JUICE10,8,20.36857142857143
MK-MIA,JUICE10,9,14.201428571428572
MK-MIA,JUICE10,10,11.998571428571429
MK-MIA,JUICE10,11,15.374285714285714
MK-MIA,JUICE10,12,19.627142857142857
MK-MIA,JUICE10,13,8.11
MK-MIA,JUICE10,14,17.48857142857143
MK-MIA,JUICE10,15,10.65
MK-MIA,JUICE10,16,13.414285714285715
MK-MIA,JUICE10,17,13.107142857142858
MK-MIA,JUICE10,18,10.027142857142858
MK-MIA,JUICE10,19,21.2
MK-MIA,JUICE10,20,14.588571428571427
MK-MIA,JUICE10,21,11.562857142857144
MK-MIA,JUICE10,22,17.490000000000002
MK-MIA,JUICE10,23,17.50142857142857
MK-MIA,JUICE10,24,22.73
MK-MIA,JUICE10,25,12.654285714285715
MK-MIA,JUICE10,26,13.23
MK-MIA,JUICE10,27,21.69142857142857
MK-MIA,JUICE10,28,10.787142857142857
MK-MIA,JUICE10,29,12.005714285714285
MK-MIA,JUICE10,30,18.745714285714286
MK-MIA,JUICE10,31,10.195714285714285
MK-MIA,JUICE10,32,16.024285714285714
MK-MIA,JUICE10,33,18.394285714285715
MK-MIA,JUICE10,34,17.53
MK-MIA,JUICE10,35,13.324285714285715
MK-MIA,JUICE10,36,10.89
MK-MIA,JUICE10,37,26.355714285714285
MK-MIA,JUICE10,38,14.442857142857143
MK-MIA,JUICE10,39,17.912857142857142
MK-MIA,JUICE10,40,19.268571428571427
MK-MIA,JUICE10,41,16.802857142857142
MK-MIA,JUICE10,42,21.047142857142855
MK-MIA,JUICE10,43,11.545714285714286
MK-MIA,JUICE10,44,22.935714285714287
MK-MIA,JUICE10,45,3.8099999999999996
MK-MIA,JUICE10,46,10.965714285714286
MK-MIA,JUICE10,47,20.521428571428572
MK-MIA,JUICE10,48,17.462857142857143
MK-MIA,JUICE10,49,18.235714285714284
MK-MIA,JUICE10,50,12.071428571428571
MK-MIA,JUICE10,51,13.887142857142859
MK-MIA,JUICE10,52,19.005714285714284
MK-MIA,ENER25,1,13.880357142857143
MK-MIA,ENER25,2,10.903571428571428
MK-MIA,ENER25,3,12.994285714285715
MK-MIA,ENER25,4,9.243928571428572
MK-MIA,ENER25,5,15.138928571428572
MK-MIA,ENER25,6,10.695357142857144
MK-MIA,ENER25,7,16.7425
MK-MIA,ENER25,8,12.547857142857143
MK-MIA,ENER25,9,14.959285714285713
MK-MIA,ENER25,10,18.53214285714286
MK-MIA,ENER25,11,19.471071428571427
MK-MIA,ENER25,12,16.904285714285713
MK-MIA,ENER25,13,18.093214285714286
MK-MIA,ENER25,14,14.663928571428572
MK-MIA,ENER25,15,13.951785714285714
MK-MIA,ENER25,16,16.9075
MK-MIA,ENER25,17,9.218571428571428
MK-MIA,ENER25,18,11.99607142857143
MK-MIA,ENER25,19,6.560357142857143
MK-MIA,ENER25,20,16.090714285714284
MK-MIA,ENER25,21,9.304642857142857
MK-MIA,ENER25,22,17.190714285714286
MK-MIA,ENER25,23,11.877142857142857
MK-MIA,ENER25,24,15.905357142857143
MK-MIA,ENER25,25,11.359285714285713
MK-MIA,ENER25,26,15.516071428571427
MK-MIA,ENER25,27,7.187857142857143
MK-MIA,ENER25,28,13.455714285714286
MK-MIA,ENER25,29,20.93
MK-MIA,ENER25,30,9.211428571428572
MK-MIA,ENER25,31,13.978214285714285
MK-MIA,ENER25,32,15.867857142857142
MK-MIA,ENER25,33,6.218928571428571
MK-MIA,ENER25,34,6.641071428571428
MK-MIA,ENER25,35,10.314642857142857
MK-MIA,ENER25,36,10.617857142857144
MK-MIA,ENER25,37,17.98
MK-MIA,ENER25,38,11.221428571428572
MK-MIA,ENER25,39,11.761071428571428
MK-MIA,ENER25,40,10.117142857142857
MK-MIA,ENER25,41,11.174642857142857
MK-MIA,ENER25,42,10.470357142857143
MK-MIA,ENER25,43,13.781785714285714
MK-MIA,ENER25,44,12.590357142857144
MK-MIA,ENER25,45,12.547857142857143
MK-MIA,ENER25,46,13.295
MK-MIA,ENER25,47,13.558928571428572
MK-MIA,ENER25,48,12.901428571428571
MK-MIA,ENER25,49,12.8425
MK-MIA,ENER25,50,9.541071428571428
MK-MIA,ENER25,51,9.37142857142857
MK-MIA,ENER25,52,12.572142857142858
MK-SEA,STILL15,1,35.54613095238095
MK-SEA,STILL15,2,27.30952380952381
MK-SEA,STILL15,3,25.479166666666668
MK-SEA,STILL15,4,28.12202380952381
MK-SEA,STILL15,5,22.04761904761905
MK-SEA,STILL15,6,29.160714285714285
MK-SEA,STILL15,7,21.19047619047619
MK-SEA,STILL15,8,28.251488095238095
MK-SEA,STILL15,9,30.57886904761905
MK-SEA,STILL15,10,30.113095238095237
MK-SEA,STILL15,11,30.803571428571427
MK-SEA,STILL15,12,33.80952380952381
MK-SEA,STILL15,13,28.162202380952383
MK-SEA,STILL15,14,20.508928571428573
MK-SEA,STILL15,15,29.947916666666668
MK-SEA,STILL15,16,34.97470238095238
MK-SEA,STILL15,17,34.046130952380956
MK-SEA,STILL15,18,28.691964285714285
MK-SEA,STILL15,19,25.299107142857142
MK-SEA,STILL15,20,38.10565476190476
MK-SEA,STILL15,21,30.782738095238095
MK-SEA,STILL15,22,30.147321428571427
MK-SEA,STILL15,23,29.56845238095238
MK-SEA,STILL15,24,24.086309523809526
MK-SEA,STILL15,25,31.066964285714285
MK-SEA,STILL15,26,32.586309523809526
MK-SEA,STILL15,27,33.941964285714285
MK-SEA,STILL15,28,20.385416666666668
MK-SEA,STILL15,29,29.779761904761905
MK-SEA,STILL15,30,32.61607142857143
MK-SEA,STILL15,31,32.06845238095238
MK-SEA,STILL15,32,29.482142857142858
MK-SEA,STILL15,33,27.020833333333332
MK-SEA,STILL15,34,19.291666666666668
MK-SEA,STILL15,35,26.824404761904763
MK-SEA,STILL15,36,28.450892857142858
MK-SEA,STILL15,37,27.933035714285715
MK-SEA,STILL15,38,32.16220238095238
MK-SEA,STILL15,39,27.46875
MK-SEA,STILL15,40,26.169642857142858
MK-SEA,STILL15,41,28.5625
MK-SEA,STILL15,42,23.504464285714285
MK-SEA,STILL15,43,25.348214285714285
MK-SEA,STILL15,44,27.211309523809526
MK-SEA,STILL15,45,25.03422619047619
MK-SEA,STILL15,46,22.139880952380953
MK-SEA,STILL15,47,22.80952380952381
MK-SEA,STILL15,48,24.09077380952381
MK-SEA,STILL15,49,28.086309523809526
MK-SEA,STILL15,50,24.59077380952381
MK-SEA,STILL15,51,23.209821428571427
MK-SEA,STILL15,52,27.42857142857143
MK-SEA,SPARK10,1,13.539285714285713
MK-SEA,SPARK10,2,6.475
MK-SEA,SPARK10,3,12.59404761904762
MK-SEA,SPARK10,4,18.808333333333334
MK-SEA,SPARK10,5,14.467857142857143
MK-SEA,SPARK10,6,24.034523809523808
MK-SEA,SPARK10,7,17.370238095238093
MK-SEA,SPARK10,8,20.063095238095237
MK-SEA,SPARK10,9,11.520238095238096
MK-SEA,SPARK10,10,17.87738095238095
MK-SEA,SPARK10,11,20.591666666666665
MK-SEA,SPARK10,12,12.829761904761904
MK-SEA,SPARK10,13,12.020238095238096
MK-SEA,SPARK10,14,19.107142857142858
MK-SEA,SPARK10,15,20.628571428571426
MK-SEA,SPARK10,16,17.13452380952381
MK-SEA,SPARK10,17,21.585714285714285
MK-SEA,SPARK10,18,18.404761904761905
MK-SEA,SPARK10,19,12.885714285714286
MK-SEA,SPARK10,20,16.185714285714287
MK-SEA,SPARK10,21,17.678571428571427
MK-SEA,SPARK10,22,18.064285714285713
MK-SEA,SPARK10,23,17.748809523809523
MK-SEA,SPARK10,24,21.80595238095238
MK-SEA,SPARK10,25,18.965476190476192
MK-SEA,SPARK10,26,14.426190476190477
MK-SEA,SPARK10,27,15.598809523809523
MK-SEA,SPARK10,28,17.66190476190476
MK-SEA,SPARK10,29,12.355952380952381
MK-SEA,SPARK10,30,22.982142857142858
MK-SEA,SPARK10,31,15.882142857142858
MK-SEA,SPARK10,32,11.12142857142857
MK-SEA,SPARK10,33,24.585714285714285
MK-SEA,SPARK10,34,18.902380952380955
MK-SEA,SPARK10,35,14.825
MK-SEA,SPARK10,36,15.04642857142857
MK-SEA,SPARK10,37,19.58809523809524
MK-SEA,SPARK10,38,15.630952380952383
MK-SEA,SPARK10,39,17.488095238095237
MK-SEA,SPARK10,40,18.03214285714286
MK-SEA,SPARK10,41,9.728571428571428
MK-SEA,SPARK10,42,23.882142857142853
MK-SEA,SPARK10,43,15.257142857142858
MK-SEA,SPARK10,44,18.335714285714285
MK-SEA,SPARK10,45,5.845238095238095
MK-SEA,SPARK10,46,15.866666666666667
MK-SEA,SPARK10,47,9.530952380952382
MK-SEA,SPARK10,48,20.267857142857142
MK-SEA,SPARK10,49,12.508333333333333
MK-SEA,SPARK10,50,29.24404761904762
MK-SEA,SPARK10,51,16.38095238095238
MK-SEA,SPARK10,52,15.035714285714286
MK-SEA,COLA33,1,29.89909090909091
MK-SEA,COLA33,2,44.43818181818182
MK-SEA,COLA33,3,39.315
MK-SEA,COLA33,4,30.521818181818183
MK-SEA,COLA33,5,33.74272727272727
MK-SEA,COLA33,6,26.438636363636363
MK-SEA,COLA33,7,30.826363636363634
MK-SEA,COLA33,8,29.345454545454544
MK-SEA,COLA33,9,47.570454545454545
MK-SEA,COLA33,10,38.39863636363636
MK-SEA,COLA33,11,37.956818181818186
MK-SEA,COLA33,12,25.541363636363638
MK-SEA,COLA33,13,35.96727272727273
MK-SEA,COLA33,14,27.148636363636363
MK-SEA,COLA33,15,18.95
MK-SEA,COLA33,16,33.817727272727275
MK-SEA,COLA33,17,43.38454545454545
MK-SEA,COLA33,18,43.58181818181818
MK-SEA,COLA33,19,41.43772727272727
MK-SEA,COLA33,20,42.63272727272727
MK-SEA,COLA33,21,38.56454545454545
MK-SEA,COLA33,22,33.53181818181818
MK-SEA,COLA33,23,37.097727272727276
MK-SEA,COLA33,24,42.57863636363636
MK-SEA,COLA33,25,32.76863636363636
MK-SEA,COLA33,26,27.68590909090909
MK-SEA,COLA33,27,34.067727272727275
MK-SEA,COLA33,28,36.95409090909091
MK-SEA,COLA33,29,44.52590909090909
MK-SEA,COLA33,30,37.07954545454545
MK-SEA,COLA33,31,28.44272727272727
MK-SEA,COLA33,32,29.24772727272727
MK-SEA,COLA33,33,48.70181818181818
MK-SEA,COLA33,34,44.835454545454546
MK-SEA,COLA33,35,41.838181818181816
MK-SEA,COLA33,36,39.676818181818184
MK-SEA,COLA33,37,47.317727272727275
MK-SEA,COLA33,38,30.06590909090909
MK-SEA,COLA33,39,35.94954545454546
MK-SEA,COLA33,40,34.26863636363636
MK-SEA,COLA33,41,28.972727272727276
MK-SEA,COLA33,42,42.13909090909091
MK-SEA,COLA33,43,41.232727272727274
MK-SEA,COLA33,44,41.55136363636364
MK-SEA,COLA33,45,30.597272727272728
MK-SEA,COLA33,46,40.08863636363636
MK-SEA,COLA33,47,42.099545454545456
MK-SEA,COLA33,48,26.24909090909091
MK-SEA,COLA33,49,23.465
MK-SEA,COLA33,50,38.38454545454545
MK-SEA,COLA33,51,34.871818181818185
MK-SEA,COLA33,52,46.63409090909091
MK-SEA,TEA50,1,17.585454545454546
MK-SEA,TEA50,2,17.69818181818182
MK-SEA,TEA50,3,19.578181818181818
MK-SEA,TEA50,4,14.227272727272727
MK-SEA,TEA50,5,18.154545454545456
MK-SEA,TEA50,6,15.673636363636364
MK-SEA,TEA50,7,20.707272727272727
MK-SEA,TEA50,8,11.700000000000001
MK-SEA,TEA50,9,21.03272727272727
MK-SEA,TEA50,10,12.393636363636364
MK-SEA,TEA50,11,15.070909090909092
MK-SEA,TEA50,12,18.417272727272728
MK-SEA,TEA50,13,19.078181818181818
MK-SEA,TEA50,14,16.95
MK-SEA,TEA50,15,18.517272727272726
MK-SEA,TEA50,16,19.987272727272728
MK-SEA,TEA50,17,18.051818181818184
MK-SEA,TEA50,18,15.314545454545454
MK-SEA,TEA50,19,16.884545454545453
MK-SEA,TEA50,20,17.894545454545455
MK-SEA,TEA50,21,20.329090909090908
MK-SEA,TEA50,22,22.69181818181818
MK-SEA,TEA50,23,15.620909090909091
MK-SEA,TEA50,24,16.44181818181818
MK-SEA,TEA50,25,19.580909090909092
MK-SEA,TEA50,26,13.16
MK-SEA,TEA50,27,23.514545454545452
MK-SEA,TEA50,28,25.25181818181818
MK-SEA,TEA50,29,18.51
MK-SEA,TEA50,30,19.732727272727274
MK-SEA,TEA50,31,16.042727272727273
MK-SEA,TEA50,32,14.525454545454545
MK-SEA,TEA50,33,23.92
MK-SEA,TEA50,34,17.32090909090909
MK-SEA,TEA50,35,17.764545454545456
MK-SEA,TEA50,36,20.53454545454545
MK-SEA,TEA50,37,17.50181818181818
MK-SEA,TEA50,38,19.704545454545453
MK-SEA,TEA50,39,20.40909090909091
MK-SEA,TEA50,40,22.83909090909091
MK-SEA,TEA50,41,20.24727272727273
MK-SEA,TEA50,42,21.945454545454545
MK-SEA,TEA50,43,21.630909090909093
MK-SEA,TEA50,44,16.754545454545454
MK-SEA,TEA50,45,13.76909090909091
MK-SEA,TEA50,46,16.07
MK-SEA,TEA50,47,15.591818181818182
MK-SEA,TEA50,48,17.924545454545456
MK-SEA,TEA50,49,18.84181818181818
MK-SEA,TEA50,50,18.94363636363636
MK-SEA,TEA50,51,14.440909090909091
MK-SEA,TEA50,52,14.728181818181818
MK-SEA,JUICE10,1,17.30857142857143
MK-SEA,JUICE10,2,18.434285714285714
MK-SEA,JUICE10,3,10.704285714285714
MK-SEA,JUICE10,4,13.40857142857143
MK-SEA,JUICE10,5,14.512857142857143
MK-SEA,JUICE10,6,11.335714285714285
MK-SEA,JUICE10,7,15.701428571428572
MK-SEA,JUICE10,8,11.251428571428571
MK-SEA,JUICE10,9,10.44
MK-SEA,JUICE10,10,16.305714285714288
MK-SEA,JUICE10,11,15.817142857142859
MK-SEA,JUICE10,12,16.77285714285714
MK-SEA,JUICE10,13,9.21
MK-SEA,JUICE10,14,8.292857142857143
MK-SEA,JUICE10,15,19.978571428571428
MK-SEA,JUICE10,16,14.974285714285715
MK-SEA,JUICE10,17,14.412857142857142
MK-SEA,JUICE10,18,17.322857142857142
MK-SEA,JUICE10,19,14.707142857142857
MK-SEA,JUICE10,20,8.462857142857143
MK-SEA,JUICE10,21,18.344285714285714
MK-SEA,JUICE10,22,15.45
MK-SEA,JUICE10,23,12.112857142857143
MK-SEA,JUICE10,24,11.084285714285715
MK-SEA,JUICE10,25,14.095714285714285
MK-SEA,JUICE10,26,10.945714285714285
MK-SEA,JUICE10,27,18.665714285714287
MK-SEA,JUICE10,28,11.771428571428572
MK-SEA,JUICE10,29,14.867142857142857
MK-SEA,JUICE10,30,15.99
MK-SEA,JUICE10,31,14.241428571428571
MK-SEA,JUICE10,32,13.271428571428572
MK-SEA,JUICE10,33,17.481428571428573
MK-SEA,JUICE10,34,11.31
MK-SEA,JUICE10,35,15.668571428571429
MK-SEA,JUICE10,36,13.997142857142856
MK-SEA,JUICE10,37,18.755714285714284
MK-SEA,JUICE10,38,17.66857142857143
MK-SEA,JUICE10,39,17.181428571428572
MK-SEA,JUICE10,40,18.625714285714288
MK-SEA,JUICE10,41,18.757142857142856
MK-SEA,JUICE10,42,13.795714285714286
MK-SEA,JUICE10,43,17.134285714285713
MK-SEA,JUICE10,44,14.43
MK-SEA,JUICE10,45,16.76142857142857
MK-SEA,JUICE10,46,14.697142857142858
MK-SEA,JUICE10,47,17.91857142857143
MK-SEA,JUICE10,48,14.57857142857143
MK-SEA,JUICE10,49,15.628571428571428
MK-SEA,JUICE10,50,8.347142857142856
MK-SEA,JUICE10,51,15.85857142857143
MK-SEA,JUICE10,52,15.615714285714287
MK-SEA,ENER25,1,8.666071428571428
MK-SEA,ENER25,2,8.736785714285714
MK-SEA,ENER25,3,10.358214285714286
MK-SEA,ENER25,4,8.746428571428572
MK-SEA,ENER25,5,8.411785714285713
MK-SEA,ENER25,6,9.953928571428571
MK-SEA,ENER25,7,7.985714285714286
MK-SEA,ENER25,8,9.503214285714286
MK-SEA,ENER25,9,10.257857142857143
MK-SEA,ENER25,10,6.562857142857143
MK-SEA,ENER25,11,7.365714285714286
MK-SEA,ENER25,12,8.542857142857143
MK-SEA,ENER25,13,9.685
MK-SEA,ENER25,14,9.421785714285715
MK-SEA,ENER25,15,10.567857142857143
MK-SEA,ENER25,16,8.491071428571429
MK-SEA,ENER25,17,6.771428571428571
MK-SEA,ENER25,18,6.408571428571428
MK-SEA,ENER25,19,8.700357142857143
MK-SEA,ENER25,20,6.258928571428571
MK-SEA,ENER25,21,7.865714285714286
MK-SEA,ENER25,22,7.577142857142857
MK-SEA,ENER25,23,10.792857142857143
MK-SEA,ENER25,24,6.716785714285714
MK-SEA,ENER25,25,10.274642857142858
MK-SEA,ENER25,26,6.276785714285714
MK-SEA,ENER25,27,10.076428571428572
MK-SEA,ENER25,28,7.363928571428572
MK-SEA,ENER25,29,8.98642857142857
MK-SEA,ENER25,30,8.882142857142856
MK-SEA,ENER25,31,7.051428571428572
MK-SEA,ENER25,32,7.264285714285714
MK-SEA,ENER25,33,6.9210714285714285
MK-SEA,ENER25,34,8.676785714285714
MK-SEA,ENER25,35,7.176785714285714
MK-SEA,ENER25,36,5.796428571428571
MK-SEA,ENER25,37,7.984642857142857
MK-SEA,ENER25,38,8.912857142857144
MK-SEA,ENER25,39,5.08
MK-SEA,ENER25,40,10.705714285714286
MK-SEA,ENER25,41,7.858928571428572
MK-SEA,ENER25,42,6.406071428571429
MK-SEA,ENER25,43,6.4089285714285715
MK-SEA,ENER25,44,11.580714285714286
MK-SEA,ENER25,45,7.579285714285715
MK-SEA,ENER25,46,8.66392857142857
MK-SEA,ENER25,47,9.032142857142858
MK-SEA,ENER25,48,9.318214285714285
MK-SEA,ENER25,49,6.7839285714285715
MK-SEA,ENER25,50,7.647857142857143
MK-SEA,ENER25,51,7.993214285714286
MK-SEA,ENER25,52,10.547857142857143
MK-DEN,STILL15,1,18.836309523809522
MK-DEN,STILL15,2,27.8125
MK-DEN,STILL15,3,33.726190476190474
MK-DEN,STILL15,4,13.617559523809524
MK-DEN,STILL15,5,28.055059523809522
MK-DEN,STILL15,6,21.910714285714285
MK-DEN,STILL15,7,28.38392857142857
MK-DEN,STILL15,8,26.5
MK-DEN,STILL15,9,30.324404761904763
MK-DEN,STILL15,10,29.700892857142858
MK-DEN,STILL15,11,17.516369047619047
MK-DEN,STILL15,12,23.913690476190474
MK-DEN,STILL15,13,26.967261904761905
MK-DEN,STILL15,14,32.733630952380956
MK-DEN,STILL15,15,18.453869047619047
MK-DEN,STILL15,16,19.74107142857143
MK-DEN,STILL15,17,30.538690476190474
MK-DEN,STILL15,18,30.077380952380953
MK-DEN,STILL15,19,26.25297619047619
MK-DEN,STILL15,20,21.398809523809522
MK-DEN,STILL15,21,10.602678571428573
MK-DEN,STILL15,22,35.089285714285715
MK-DEN,STILL15,23,25.0625
MK-DEN,STILL15,24,20.997023809523807
MK-DEN,STILL15,25,20.910714285714285
MK-DEN,STILL15,26,21.8125
MK-DEN,STILL15,27,18.151785714285715
MK-DEN,STILL15,28,28.81696428571429
MK-DEN,STILL15,29,24.316964285714285
MK-DEN,STILL15,30,29.375
MK-DEN,STILL15,31,22.251488095238095
MK-DEN,STILL15,32,26.811011904761905
MK-DEN,STILL15,33,33.98363095238095
MK-DEN,STILL15,34,18.06547619047619
MK-DEN,STILL15,35,29.723214285714285
MK-DEN,STILL15,36,24.148809523809526
MK-DEN,STILL15,37,22.654761904761905
MK-DEN,STILL15,38,23.205357142857146
MK-DEN,STILL15,39,21.538690476190474
MK-DEN,STILL15,40,27.52827380952381
MK-DEN,STILL15,41,33.044642857142854
MK-DEN,STILL15,42,26.79017857142857
MK-DEN,STILL15,43,25.21279761904762
MK-DEN,STILL15,44,19.05357142857143
MK-DEN,STILL15,45,25.799107142857142
MK-DEN,STILL15,46,14.443452380952381
MK-DEN,STILL15,47,30.96875
MK-DEN,STILL15,48,27.40922619047619
MK-DEN,STILL15,49,23.949404761904763
MK-DEN,STILL15,50,19.989583333333332
MK-DEN,STILL15,51,31.352678571428573
MK-DEN,STILL15,52,25.278273809523807
MK-DEN,SPARK10,1,21.973809523809525
MK-DEN,SPARK10,2,20.239285714285714
MK-DEN,SPARK10,3,25.75
MK-DEN,SPARK10,4,19.020238095238096
MK-DEN,SPARK10,5,19.37142857142857
MK-DEN,SPARK10,6,15.963095238095239
MK-DEN,SPARK10,7,14.857142857142858
MK-DEN,SPARK10,8,18.416666666666668
MK-DEN,SPARK10,9,14.297619047619047
MK-DEN,SPARK10,10,12.530952380952382
MK-DEN,SPARK10,11,15.164285714285715
MK-DEN,SPARK10,12,17.242857142857144
MK-DEN,SPARK10,13,15.255952380952381
MK-DEN,SPARK10,14,19.636904761904763
MK-DEN,SPARK10,15,15.010714285714286
MK-DEN,SPARK10,16,17.90595238095238
MK-DEN,SPARK10,17,19.25357142857143
MK-DEN,SPARK10,18,20.225
MK-DEN,SPARK10,19,17.436904761904763
MK-DEN,SPARK10,20,15.873809523809523
MK-DEN,SPARK10,21,16.748809523809523
MK-DEN,SPARK10,22,17.947619047619046
MK-DEN,SPARK10,23,12.588095238095239
MK-DEN,SPARK10,24,18.101190476190474
MK-DEN,SPARK10,25,20.98095238095238
MK-DEN,SPARK10,26,11.794047619047618
MK-DEN,SPARK10,27,11.728571428571428
MK-DEN,SPARK10,28,15.997619047619047
MK-DEN,SPARK10,29,20.478571428571428
MK-DEN,SPARK10,30,23.49404761904762
MK-DEN,SPARK10,31,8.008333333333333
MK-DEN,SPARK10,32,22.960714285714285
MK-DEN,SPARK10,33,14.829761904761906
MK-DEN,SPARK10,34,22.59047619047619
MK-DEN,SPARK10,35,15.561904761904762
MK-DEN,SPARK10,36,17.216666666666665
MK-DEN,SPARK10,37,20.580952380952382
MK-DEN,SPARK10,38,21.702380952380953
MK-DEN,SPARK10,39,17.923809523809524
MK-DEN,SPARK10,40,15.31904761904762
MK-DEN,SPARK10,41,19.401190476190475
MK-DEN,SPARK10,42,15.811904761904762
MK-DEN,SPARK10,43,17.70714285714286
MK-DEN,SPARK10,44,15.588095238095239
MK-DEN,SPARK10,45,18.654761904761905
MK-DEN,SPARK10,46,13.760714285714286
MK-DEN,SPARK10,47,17.31547619047619
MK-DEN,SPARK10,48,15.297619047619047
MK-DEN,SPARK10,49,20.026190476190475
MK-DEN,SPARK10,50,19.13809523809524
MK-DEN,SPARK10,51,23.357142857142858
MK-DEN,SPARK10,52,11.961904761904762
MK-DEN,COLA33,1,20.10090909090909
MK-DEN,COLA33,2,14.771818181818183
MK-DEN,COLA33,3,30.310454545454547
MK-DEN,COLA33,4,34.517272727272726
MK-DEN,COLA33,5,21.216818181818184
MK-DEN,COLA33,6,36.25272727272727
MK-DEN,COLA33,7,33.35
MK-DEN,COLA33,8,24.94863636363636
MK-DEN,COLA33,9,24.392727272727274
MK-DEN,COLA33,10,24.16090909090909
MK-DEN,COLA33,11,33.49045454545455
MK-DEN,COLA33,12,26.357727272727274
MK-DEN,COLA33,13,29.871363636363636
MK-DEN,COLA33,14,24.094545454545454
MK-DEN,COLA33,15,22.526363636363637
MK-DEN,COLA33,16,28.989090909090912
MK-DEN,COLA33,17,31.793636363636363
MK-DEN,COLA33,18,36.945454545454545
MK-DEN,COLA33,19,25.249545454545455
MK-DEN,COLA33,20,31.7
MK-DEN,COLA33,21,37.8
MK-DEN,COLA33,22,44.59863636363636
MK-DEN,COLA33,23,26.265454545454546
MK-DEN,COLA33,24,27.55090909090909
MK-DEN,COLA33,25,16.606818181818184
MK-DEN,COLA33,26,29.859545454545454
MK-DEN,COLA33,27,32.27818181818182
MK-DEN,COLA33,28,29.37
MK-DEN,COLA33,29,28.70090909090909
MK-DEN,COLA33,30,26.259545454545453
MK-DEN,COLA33,31,37.464090909090906
MK-DEN,COLA33,32,40.276363636363634
MK-DEN,COLA33,33,31.297727272727272
MK-DEN,COLA33,34,26.658181818181816
MK-DEN,COLA33,35,31.953181818181818
MK-DEN,COLA33,36,35.75818181818182
MK-DEN,COLA33,37,26.415454545454544
MK-DEN,COLA33,38,32.625
MK-DEN,COLA33,39,28.96727272727273
MK-DEN,COLA33,40,29.810454545454547
MK-DEN,COLA33,41,24.67909090909091
MK-DEN,COLA33,42,32.56
MK-DEN,COLA33,43,42.433181818181815
MK-DEN,COLA33,44,27.96090909090909
MK-DEN,COLA33,45,42.42909090909091
MK-DEN,COLA33,46,26.429545454545455
MK-DEN,COLA33,47,31.442272727272726
MK-DEN,COLA33,48,27.472727272727273
MK-DEN,COLA33,49,28.865
MK-DEN,COLA33,50,35.24454545454546
MK-DEN,COLA33,51,38.379090909090905
MK-DEN,COLA33,52,31.75
MK-DEN,TEA50,1,21.0
MK-DEN,TEA50,2,17.463636363636365
MK-DEN,TEA50,3,13.91909090909091
MK-DEN,TEA50,4,21.327272727272728
MK-DEN,TEA50,5,13.663636363636364
MK-DEN,TEA50,6,16.293636363636363
MK-DEN,TEA50,7,17.650909090909092
MK-DEN,TEA50,8,17.41272727272727
MK-DEN,TEA50,9,17.484545454545454
MK-DEN,TEA50,10,17.87272727272727
MK-DEN,TEA50,11,19.583636363636366
MK-DEN,TEA50,12,20.263636363636365
MK-DEN,TEA50,13,14.389090909090909
MK-DEN,TEA50,14,18.014545454545456
MK-DEN,TEA50,15,16.134545454545453
MK-DEN,TEA50,16,15.450909090909091
MK-DEN,TEA50,17,13.363636363636363
MK-DEN,TEA50,18,15.444545454545455
MK-DEN,TEA50,19,14.6
MK-DEN,TEA50,20,18.921818181818182
MK-DEN,TEA50,21,13.98909090909091
MK-DEN,TEA50,22,17.514545454545456
MK-DEN,TEA50,23,16.977272727272727
MK-DEN,TEA50,24,18.18909090909091
MK-DEN,TEA50,25,20.658181818181816
MK-DEN,TEA50,26,19.084545454545456
MK-DEN,TEA50,27,21.47090909090909
MK-DEN,TEA50,28,19.85090909090909
MK-DEN,TEA50,29,13.165454545454544
MK-DEN,TEA50,30,18.75272727272727
MK-DEN,TEA50,31,13.215454545454547
MK-DEN,TEA50,32,16.172727272727272
MK-DEN,TEA50,33,15.332727272727272
MK-DEN,TEA50,34,15.038181818181819
MK-DEN,TEA50,35,17.513636363636362
MK-DEN,TEA50,36,11.959090909090909
MK-DEN,TEA50,37,15.251818181818182
MK-DEN,TEA50,38,15.548181818181819
MK-DEN,TEA50,39,17.763636363636362
MK-DEN,TEA50,40,17.72
MK-DEN,TEA50,41,17.992727272727272
MK-DEN,TEA50,42,11.541818181818183
MK-DEN,TEA50,43,15.162727272727272
MK-DEN,TEA50,44,19.599090909090908
MK-DEN,TEA50,45,14.299090909090909
MK-DEN,TEA50,46,17.983636363636364
MK-DEN,TEA50,47,18.64818181818182
MK-DEN,TEA50,48,14.11
MK-DEN,TEA50,49,17.643636363636364
MK-DEN,TEA50,50,16.256363636363638
MK-DEN,TEA50,51,20.381818181818183
MK-DEN,TEA50,52,19.759090909090908
MK-DEN,JUICE10,1,9.72
MK-DEN,JUICE10,2,12.21
MK-DEN,JUICE10,3,14.228571428571428
MK-DEN,JUICE10,4,15.117142857142857
MK-DEN,JUICE10,5,7.854285714285714
MK-DEN,JUICE10,6,4.842857142857143
MK-DEN,JUICE10,7,14.205714285714286
MK-DEN,JUICE10,8,16.85857142857143
MK-DEN,JUICE10,9,11.681428571428572
MK-DEN,JUICE10,10,17.13
MK-DEN,JUICE10,11,14.075714285714286
MK-DEN,JUICE10,12,11.317142857142857
MK-DEN,JUICE10,13,12.67142857142857
MK-DEN,JUICE10,14,13.002857142857144
MK-DEN,JUICE10,15,15.365714285714287
MK-DEN,JUICE10,16,13.77142857142857
MK-DEN,JUICE10,17,11.448571428571428
MK-DEN,JUICE10,18,17.367142857142856
MK-DEN,JUICE10,19,9.172857142857143
MK-DEN,JUICE10,20,17.02857142857143
MK-DEN,JUICE10,21,15.845714285714287
MK-DEN,JUICE10,22,10.821428571428571
MK-DEN,JUICE10,23,18.84857142857143
MK-DEN,JUICE10,24,9.131428571428572
MK-DEN,JUICE10,25,13.901428571428571
MK-DEN,JUICE10,26,15.02142857142857
MK-DEN,JUICE10,27,15.722857142857142
MK-DEN,JUICE10,28,11.398571428571428
MK-DEN,JUICE10,29,12.398571428571428
MK-DEN,JUICE10,30,10.57857142857143
MK-DEN,JUICE10,31,13.114285714285714
MK-DEN,JUICE10,32,17.244285714285713
MK-DEN,JUICE10,33,12.668571428571429
MK-DEN,JUICE10,34,13.471428571428572
MK-DEN,JUICE10,35,13.57857142857143
MK-DEN,JUICE10,36,16.565714285714286
MK-DEN,JUICE10,37,11.691428571428572
MK-DEN,JUICE10,38,13.212857142857143
MK-DEN,JUICE10,39,13.017142857142858
MK-DEN,JUICE10,40,11.467142857142857
MK-DEN,JUICE10,41,15.555714285714286
MK-DEN,JUICE10,42,14.86
MK-DEN,JUICE10,43,14.012857142857143
MK-DEN,JUICE10,44,9.194285714285714
MK-DEN,JUICE10,45,11.93142857142857
MK-DEN,JUICE10,46,16.57857142857143
MK-DEN,JUICE10,47,14.142857142857142
MK-DEN,JUICE10,48,8.92
MK-DEN,JUICE10,49,11.525714285714285
MK-DEN,JUICE10,50,14.8
MK-DEN,JUICE10,51,2.98
MK-DEN,JUICE10,52,12.727142857142857
MK-DEN,ENER25,1,4.980357142857143
MK-DEN,ENER25,2,6.0825
MK-DEN,ENER25,3,7.2675
MK-DEN,ENER25,4,9.698571428571428
MK-DEN,ENER25,5,5.924285714285714
MK-DEN,ENER25,6,9.373928571428571
MK-DEN,ENER25,7,8.555357142857144
MK-DEN,ENER25,8,6.244285714285714
MK-DEN,ENER25,9,7.684285714285714
MK-DEN,ENER25,10,8.115357142857142
MK-DEN,ENER25,11,7.810357142857143
MK-DEN,ENER25,12,7.810714285714286
MK-DEN,ENER25,13,8.264285714285714
MK-DEN,ENER25,14,8.256071428571428
MK-DEN,ENER25,15,9.003214285714286
MK-DEN,ENER25,16,7.221071428571428
MK-DEN,ENER25,17,10.764285714285714
MK-DEN,ENER25,18,10.150714285714285
MK-DEN,ENER25,19,6.166428571428571
MK-DEN,ENER25,20,7.838571428571429
MK-DEN,ENER25,21,10.171785714285715
MK-DEN,ENER25,22,9.270714285714286
MK-DEN,ENER25,23,10.182142857142857
MK-DEN,ENER25,24,6.5496428571428575
MK-DEN,ENER25,25,9.376785714285715
MK-DEN,ENER25,26,7.195
MK-DEN,ENER25,27,4.970714285714286
MK-DEN,ENER25,28,7.5325
MK-DEN,ENER25,29,6.551071428571429
MK-DEN,ENER25,30,8.691785714285714
MK-DEN,ENER25,31,4.5842857142857145
MK-DEN,ENER25,32,8.091785714285715
MK-DEN,ENER25,33,6.903214285714285
MK-DEN,ENER25,34,6.575
MK-DEN,ENER25,35,7.530714285714286
MK-DEN,ENER25,36,12.446428571428571
MK-DEN,ENER25,37,7.393928571428572
MK-DEN,ENER25,38,3.0507142857142857
MK-DEN,ENER25,39,7.539642857142857
MK-DEN,ENER25,40,11.915357142857141
MK-DEN,ENER25,41,7.780714285714286
MK-DEN,ENER25,42,9.638571428571428
MK-DEN,ENER25,43,4.317857142857143
MK-DEN,ENER25,44,9.416428571428572
MK-DEN,ENER25,45,4.96
MK-DEN,ENER25,46,4.536785714285714
MK-DEN,ENER25,47,6.567857142857143
MK-DEN,ENER25,48,3.9578571428571427
MK-DEN,ENER25,49,9.673571428571428
MK-DEN,ENER25,50,5.936428571428571
MK-DEN,ENER25,51,7.509285714285714
MK-DEN,ENER25,52,7.169642857142858
MK-BOS,STILL15,1,23.526785714285715
MK-BOS,STILL15,2,32.74107142857143
MK-BOS,STILL15,3,24.729166666666668
MK-BOS,STILL15,4,23.742559523809526
MK-BOS,STILL15,5,33.53720238095238
MK-BOS,STILL15,6,23.68154761904762
MK-BOS,STILL15,7,26.558035714285715
MK-BOS,STILL15,8,14.254464285714285
MK-BOS,STILL15,9,19.75
MK-BOS,STILL15,10,38.21577380952381
MK-BOS,STILL15,11,33.973214285714285
MK-BOS,STILL15,12,17.18452380952381
MK-BOS,STILL15,13,15.587797619047619
MK-BOS,STILL15,14,28.995535714285715
MK-BOS,STILL15,15,22.81547619047619
MK-BOS,STILL15,16,27.797619047619047
MK-BOS,STILL15,17,37.65625
MK-BOS,STILL15,18,33.154761904761905
MK-BOS,STILL15,19,25.257440476190474
MK-BOS,STILL15,20,36.566964285714285
MK-BOS,STILL15,21,16.985119047619047
MK-BOS,STILL15,22,29.78422619047619
MK-BOS,STILL15,23,34.973214285714285
MK-BOS,STILL15,24,12.376488095238095
MK-BOS,STILL15,25,28.754464285714285
MK-BOS,STILL15,26,19.894345238095237
MK-BOS,STILL15,27,21.601190476190474
MK-BOS,STILL15,28,13.845238095238095
MK-BOS,STILL15,29,14.991071428571427
MK-BOS,STILL15,30,44.788690476190474
MK-BOS,STILL15,31,35.169642857142854
MK-BOS,STILL15,32,32.84375
MK-BOS,STILL15,33,34.08482142857143
MK-BOS,STILL15,34,31.116071428571427
MK-BOS,STILL15,35,23.19345238095238
MK-BOS,STILL15,36,25.254464285714285
MK-BOS,STILL15,37,24.919642857142858
MK-BOS,STILL15,38,26.883928571428573
MK-BOS,STILL15,39,46.70535714285714
MK-BOS,STILL15,40,34.90327380952381
MK-BOS,STILL15,41,26.546130952380953
MK-BOS,STILL15,42,29.296130952380953
MK-BOS,STILL15,43,23.84375
MK-BOS,STILL15,44,21.717261904761905
MK-BOS,STILL15,45,23.456845238095237
MK-BOS,STILL15,46,37.430059523809526
MK-BOS,STILL15,47,29.90625
MK-BOS,STILL15,48,30.072916666666668
MK-BOS,STILL15,49,17.936011904761905
MK-BOS,STILL15,50,16.333333333333332
MK-BOS,STILL15,51,38.0
MK-BOS,STILL15,52,32.26488095238095
MK-BOS,SPARK10,1,13.091666666666665
MK-BOS,SPARK10,2,20.348809523809525
MK-BOS,SPARK10,3,24.066666666666666
MK-BOS,SPARK10,4,16.210714285714285
MK-BOS,SPARK10,5,18.585714285714285
MK-BOS,SPARK10,6,22.16547619047619
MK-BOS,SPARK10,7,16.03214285714286
MK-BOS,SPARK10,8,19.24047619047619
MK-BOS,SPARK10,9,19.83809523809524
MK-BOS,SPARK10,10,16.09642857142857
MK-BOS,SPARK10,11,13.0
MK-BOS,SPARK10,12,19.771428571428572
MK-BOS,SPARK10,13,19.252380952380953
MK-BOS,SPARK10,14,23.40833333333333
MK-BOS,SPARK10,15,11.013095238095238
MK-BOS,SPARK10,16,15.017857142857142
MK-BOS,SPARK10,17,16.089285714285715
MK-BOS,SPARK10,18,15.947619047619046
MK-BOS,SPARK10,19,19.210714285714285
MK-BOS,SPARK10,20,11.72857142857143
MK-BOS,SPARK10,21,20.19404761904762
MK-BOS,SPARK10,22,17.566666666666666
MK-BOS,SPARK10,23,13.247619047619049
MK-BOS,SPARK10,24,16.708333333333336
MK-BOS,SPARK10,25,11.519047619047619
MK-BOS,SPARK10,26,17.722619047619048
MK-BOS,SPARK10,27,9.589285714285715
MK-BOS,SPARK10,28,16.797619047619047
MK-BOS,SPARK10,29,11.583333333333332
MK-BOS,SPARK10,30,16.345238095238095
MK-BOS,SPARK10,31,16.686904761904763
MK-BOS,SPARK10,32,16.21309523809524
MK-BOS,SPARK10,33,16.245238095238097
MK-BOS,SPARK10,34,20.83690476190476
MK-BOS,SPARK10,35,14.779761904761905
MK-BOS,SPARK10,36,12.233333333333333
MK-BOS,SPARK10,37,14.589285714285715
MK-BOS,SPARK10,38,9.058333333333334
MK-BOS,SPARK10,39,11.540476190476191
MK-BOS,SPARK10,40,14.269047619047619
MK-BOS,SPARK10,41,17.275
MK-BOS,SPARK10,42,14.608333333333333
MK-BOS,SPARK10,43,13.675
MK-BOS,SPARK10,44,17.340476190476192
MK-BOS,SPARK10,45,22.610714285714284
MK-BOS,SPARK10,46,16.90714285714286
MK-BOS,SPARK10,47,10.573809523809524
MK-BOS,SPARK10,48,17.527380952380952
MK-BOS,SPARK10,49,15.358333333333333
MK-BOS,SPARK10,50,14.401190476190477
MK-BOS,SPARK10,51,15.83095238095238
MK-BOS,SPARK10,52,18.451190476190476
MK-BOS,COLA33,1,53.144999999999996
MK-BOS,COLA33,2,41.95636363636363
MK-BOS,COLA33,3,45.49409090909091
MK-BOS,COLA33,4,19.871363636363636
MK-BOS,COLA33,5,21.758636363636363
MK-BOS,COLA33,6,15.129090909090909
MK-BOS,COLA33,7,12.638181818181819
MK-BOS,COLA33,8,22.853181818181817
MK-BOS,COLA33,9,33.68181818181818
MK-BOS,COLA33,10,32.73045454545455
MK-BOS,COLA33,11,29.42909090909091
MK-BOS,COLA33,12,39.431363636363635
MK-BOS,COLA33,13,46.53181818181818
MK-BOS,COLA33,14,26.205454545454547
MK-BOS,COLA33,15,26.292272727272724
MK-BOS,COLA33,16,37.025909090909096
MK-BOS,COLA33,17,14.733636363636363
MK-BOS,COLA33,18,38.58227272727273
MK-BOS,COLA33,19,37.194545454545455
MK-BOS,COLA33,20,45.533181818181816
MK-BOS,COLA33,21,37.777727272727276
MK-BOS,COLA33,22,23.19681818181818
MK-BOS,COLA33,23,30.384090909090908
MK-BOS,COLA33,24,40.92045454545455
MK-BOS,COLA33,25,38.153636363636366
MK-BOS,COLA33,26,30.843636363636364
MK-BOS,COLA33,27,36.996818181818185
MK-BOS,COLA33,28,32.525454545454544
MK-BOS,COLA33,29,42.278636363636366
MK-BOS,COLA33,30,54.888636363636365
MK-BOS,COLA33,31,11.942272727272726
MK-BOS,COLA33,32,36.97909090909091
MK-BOS,COLA33,33,23.283636363636365
MK-BOS,COLA33,34,38.97772727272727
MK-BOS,COLA33,35,29.03181818181818
MK-BOS,COLA33,36,45.94454545454545
MK-BOS,COLA33,37,40.95454545454545
MK-BOS,COLA33,38,33.27045454545455
MK-BOS,COLA33,39,40.531363636363636
MK-BOS,COLA33,40,39.04727272727273
MK-BOS,COLA33,41,41.836363636363636
MK-BOS,COLA33,42,36.30227272727272
MK-BOS,COLA33,43,41.20136363636364
MK-BOS,COLA33,44,40.56090909090909
MK-BOS,COLA33,45,55.280454545454546
MK-BOS,COLA33,46,45.487272727272725
MK-BOS,COLA33,47,41.07409090909091
MK-BOS,COLA33,48,34.786818181818184
MK-BOS,COLA33,49,23.03727272727273
MK-BOS,COLA33,50,30.201818181818183
MK-BOS,COLA33,51,38.872727272727275
MK-BOS,COLA33,52,38.01318181818182
MK-BOS,TEA50,1,17.310909090909092
MK-BOS,TEA50,2,22.115454545454547
MK-BOS,TEA50,3,17.92909090909091
MK-BOS,TEA50,4,19.414545454545454
MK-BOS,TEA50,5,22.554545454545455
MK-BOS,TEA50,6,13.911818181818182
MK-BOS,TEA50,7,13.035454545454545
MK-BOS,TEA50,8,23.507272727272728
MK-BOS,TEA50,9,16.332727272727272
MK-BOS,TEA50,10,21.396363636363635
MK-BOS,TEA50,11,14.172727272727272
MK-BOS,TEA50,12,18.474545454545453
MK-BOS,TEA50,13,19.936363636363634
MK-BOS,TEA50,14,8.485454545454546
MK-BOS,TEA50,15,20.39727272727273
MK-BOS,TEA50,16,17.259999999999998
MK-BOS,TEA50,17,20.10818181818182
MK-BOS,TEA50,18,19.95090909090909
MK-BOS,TEA50,19,15.055454545454547
MK-BOS,TEA50,20,19.427272727272726
MK-BOS,TEA50,21,20.740000000000002
MK-BOS,TEA50,22,25.024545454545454
MK-BOS,TEA50,23,17.704545454545453
MK-BOS,TEA50,24,14.7
MK-BOS,TEA50,25,18.323636363636364
MK-BOS,TEA50,26,22.505454545454548
MK-BOS,TEA50,27,19.696363636363635
MK-BOS,TEA50,28,12.559090909090909
MK-BOS,TEA50,29,12.668181818181818
MK-BOS,TEA50,30,14.793636363636363
MK-BOS,TEA50,31,20.162727272727274
MK-BOS,TEA50,32,16.95
MK-BOS,TEA50,33,20.82
MK-BOS,TEA50,34,18.855454545454545
MK-BOS,TEA50,35,18.404545454545456
MK-BOS,TEA50,36,17.93
MK-BOS,TEA50,37,11.347272727272728
MK-BOS,TEA50,38,15.829090909090908
MK-BOS,TEA50,39,17.187272727272727
MK-BOS,TEA50,40,12.156363636363636
MK-BOS,TEA50,41,17.87909090909091
MK-BOS,TEA50,42,19.173636363636362
MK-BOS,TEA50,43,15.817272727272726
MK-BOS,TEA50,44,20.576363636363638
MK-BOS,TEA50,45,10.94909090909091
MK-BOS,TEA50,46,14.083636363636364
MK-BOS,TEA50,47,15.60818181818182
MK-BOS,TEA50,48,15.293636363636363
MK-BOS,TEA50,49,19.984545454545454
MK-BOS,TEA50,50,24.91
MK-BOS,TEA50,51,19.935454545454544
MK-BOS,TEA50,52,17.052727272727275
MK-BOS,JUICE10,1,14.625714285714286
MK-BOS,JUICE10,2,13.942857142857143
MK-BOS,JUICE10,3,14.622857142857143
MK-BOS,JUICE10,4,11.495714285714286
MK-BOS,JUICE10,5,15.295714285714284
MK-BOS,JUICE10,6,15.555714285714286
MK-BOS,JUICE10,7,14.605714285714285
MK-BOS,JUICE10,8,17.27857142857143
MK-BOS,JUICE10,9,12.661428571428573
MK-BOS,JUICE10,10,16.48
MK-BOS,JUICE10,11,12.4
MK-BOS,JUICE10,12,10.475714285714286
MK-BOS,JUICE10,13,13.745714285714286
MK-BOS,JUICE10,14,23.927142857142858
MK-BOS,JUICE10,15,14.850000000000001
MK-BOS,JUICE10,16,10.5
MK-BOS,JUICE10,17,14.62
MK-BOS,JUICE10,18,10.617142857142857
MK-BOS,JUICE10,19,18.54
MK-BOS,JUICE10,20,10.397142857142859
MK-BOS,JUICE10,21,12.707142857142857
MK-BOS,JUICE10,22,12.348571428571429
MK-BOS,JUICE10,23,15.414285714285715
MK-BOS,JUICE10,24,12.004285714285714
MK-BOS,JUICE10,25,13.145714285714284
MK-BOS,JUICE10,26,15.14857142857143
MK-BOS,JUICE10,27,12.262857142857143
MK-BOS,JUICE10,28,15.354285714285714
MK-BOS,JUICE10,29,17.397142857142857
MK-BOS,JUICE10,30,11.731428571428571
MK-BOS,JUICE10,31,19.091428571428573
MK-BOS,JUICE10,32,11.428571428571429
MK-BOS,JUICE10,33,12.255714285714285
MK-BOS,JUICE10,34,14.757142857142858
MK-BOS,JUICE10,35,11.528571428571428
MK-BOS,JUICE10,36,22.60857142857143
MK-BOS,JUICE10,37,20.39142857142857
MK-BOS,JUICE10,38,18.935714285714283
MK-BOS,JUICE10,39,16.17142857142857
MK-BOS,JUICE10,40,13.382857142857143
MK-BOS,JUICE10,41,21.591428571428573
MK-BOS,JUICE10,42,11.71
MK-BOS,JUICE10,43,14.42142857142857
MK-BOS,JUICE10,44,18.450000000000003
MK-BOS,JUICE10,45,12.287142857142857
MK-BOS,JUICE10,46,13.2
MK-BOS,JUICE10,47,15.824285714285713
MK-BOS,JUICE10,48,10.314285714285713
MK-BOS,JUICE10,49,17.404285714285713
MK-BOS,JUICE10,50,12.67
MK-BOS,JUICE10,51,13.767142857142858
MK-BOS,JUICE10,52,12.854285714285714
MK-BOS,ENER25,1,10.996785714285714
MK-BOS,ENER25,2,10.593928571428572
MK-BOS,ENER25,3,3.9710714285714284
MK-BOS,ENER25,4,13.565
MK-BOS,ENER25,5,10.3
MK-BOS,ENER25,6,5.7775
MK-BOS,ENER25,7,11.080714285714286
MK-BOS,ENER25,8,12.472857142857142
MK-BOS,ENER25,9,5.864285714285714
MK-BOS,ENER25,10,8.773571428571428
MK-BOS,ENER25,11,8.065357142857144
MK-BOS,ENER25,12,6.3653571428571425
MK-BOS,ENER25,13,9.557857142857143
MK-BOS,ENER25,14,11.019642857142859
MK-BOS,ENER25,15,13.717857142857143
MK-BOS,ENER25,16,9.3575
MK-BOS,ENER25,17,7.8567857142857145
MK-BOS,ENER25,18,10.10142857142857
MK-BOS,ENER25,19,8.685357142857143
MK-BOS,ENER25,20,8.732857142857142
MK-BOS,ENER25,21,8.57392857142857
MK-BOS,ENER25,22,14.507857142857143
MK-BOS,ENER25,23,7.7371428571428575
MK-BOS,ENER25,24,5.342142857142857
MK-BOS,ENER25,25,12.558214285714286
MK-BOS,ENER25,26,6.363214285714285
MK-BOS,ENER25,27,9.962142857142858
MK-BOS,ENER25,28,6.9325
MK-BOS,ENER25,29,10.308214285714286
MK-BOS,ENER25,30,10.107142857142858
MK-BOS,ENER25,31,9.128571428571428
MK-BOS,ENER25,32,8.181785714285715
MK-BOS,ENER25,33,5.8825
MK-BOS,ENER25,34,6.010357142857143
MK-BOS,ENER25,35,10.504642857142857
MK-BOS,ENER25,36,6.7507142857142854
MK-BOS,ENER25,37,11.01142857142857
MK-BOS,ENER25,38,12.054642857142857
MK-BOS,ENER25,39,11.3425
MK-BOS,ENER25,40,8.8825
MK-BOS,ENER25,41,13.293571428571429
MK-BOS,ENER25,42,6.325714285714286
MK-BOS,ENER25,43,9.662142857142857
MK-BOS,ENER25,44,11.879642857142859
MK-BOS,ENER25,45,11.525714285714285
MK-BOS,ENER25,46,10.043571428571429
MK-BOS,ENER25,47,9.306785714285715
MK-BOS,ENER25,48,11.119642857142857
MK-BOS,ENER25,49,8.781428571428572
MK-BOS,ENER25,50,11.198928571428572
MK-BOS,ENER25,51,11.624285714285714
MK-BOS,ENER25,52,10.241428571428571
MK-MSP,STILL15,1,24.12202380952381
MK-MSP,STILL15,2,24.827380952380953
MK-MSP,STILL15,3,25.852678571428573
MK-MSP,STILL15,4,27.991071428571427
MK-MSP,STILL15,5,26.779761904761905
MK-MSP,STILL15,6,31.592261904761905
MK-MSP,STILL15,7,26.686011904761905
MK-MSP,STILL15,8,22.91220238095238
MK-MSP,STILL15,9,20.665178571428573
MK-MSP,STILL15,10,31.671130952380953
MK-MSP,STILL15,11,31.625
MK-MSP,STILL15,12,29.294642857142858
MK-MSP,STILL15,13,28.36011904761905
MK-MSP,STILL15,14,25.876488095238095
MK-MSP,STILL15,15,21.208333333333332
MK-MSP,STILL15,16,33.06845238095238
MK-MSP,STILL15,17,22.59672619047619
MK-MSP,STILL15,18,23.936011904761905
MK-MSP,STILL15,19,21.75595238095238
MK-MSP,STILL15,20,25.793154761904763
MK-MSP,STILL15,21,22.864583333333332
MK-MSP,STILL15,22,26.99404761904762
MK-MSP,STILL15,23,21.66815476190476
MK-MSP,STILL15,24,28.961309523809526
MK-MSP,STILL15,25,26.788690476190474
MK-MSP,STILL15,26,20.538690476190474
MK-MSP,STILL15,27,27.254464285714285
MK-MSP,STILL15,28,22.720238095238095
MK-MSP,STILL15,29,23.095238095238095
MK-MSP,STILL15,30,30.642857142857146
MK-MSP,STILL15,31,25.061011904761905
MK-MSP,STILL15,32,24.363095238095237
MK-MSP,STILL15,33,30.705357142857142
MK-MSP,STILL15,34,21.979166666666664
MK-MSP,STILL15,35,24.642857142857146
MK-MSP,STILL15,36,19.989583333333336
MK-MSP,STILL15,37,17.671130952380953
MK-MSP,STILL15,38,23.117559523809526
MK-MSP,STILL15,39,29.852678571428573
MK-MSP,STILL15,40,30.751488095238095
MK-MSP,STILL15,41,25.839285714285715
MK-MSP,STILL15,42,17.123511904761905
MK-MSP,STILL15,43,19.17857142857143
MK-MSP,STILL15,44,28.16517857142857
MK-MSP,STILL15,45,27.44345238095238
MK-MSP,STILL15,46,28.577380952380953
MK-MSP,STILL15,47,23.764880952380953
MK-MSP,STILL15,48,29.55952380952381
MK-MSP,STILL15,49,24.15922619047619
MK-MSP,STILL15,50,25.325892857142854
MK-MSP,STILL15,51,22.11309523809524
MK-MSP,STILL15,52,23.270833333333332
MK-MSP,SPARK10,1,10.50357142857143
MK-MSP,SPARK10,2,14.910714285714286
MK-MSP,SPARK10,3,16.66547619047619
MK-MSP,SPARK10,4,18.86547619047619
MK-MSP,SPARK10,5,18.523809523809526
MK-MSP,SPARK10,6,28.392857142857146
MK-MSP,SPARK10,7,19.73452380952381
MK-MSP,SPARK10,8,13.829761904761906
MK-MSP,SPARK10,9,15.460714285714285
MK-MSP,SPARK10,10,23.82857142857143
MK-MSP,SPARK10,11,22.398809523809526
MK-MSP,SPARK10,12,13.867857142857142
MK-MSP,SPARK10,13,18.502380952380953
MK-MSP,SPARK10,14,19.517857142857142
MK-MSP,SPARK10,15,18.04404761904762
MK-MSP,SPARK10,16,9.941666666666666
MK-MSP,SPARK10,17,18.827380952380953
MK-MSP,SPARK10,18,13.595238095238095
MK-MSP,SPARK10,19,23.711904761904762
MK-MSP,SPARK10,20,15.38452380952381
MK-MSP,SPARK10,21,18.35952380952381
MK-MSP,SPARK10,22,7.045238095238096
MK-MSP,SPARK10,23,21.641666666666666
MK-MSP,SPARK10,24,8.99047619047619
MK-MSP,SPARK10,25,19.788095238095238
MK-MSP,SPARK10,26,16.17142857142857
MK-MSP,SPARK10,27,5.489285714285714
MK-MSP,SPARK10,28,16.014285714285716
MK-MSP,SPARK10,29,17.179761904761904
MK-MSP,SPARK10,30,10.125
MK-MSP,SPARK10,31,17.363095238095237
MK-MSP,SPARK10,32,12.620238095238095
MK-MSP,SPARK10,33,15.342857142857143
MK-MSP,SPARK10,34,17.804761904761907
MK-MSP,SPARK10,35,20.279761904761905
MK-MSP,SPARK10,36,17.386904761904763
MK-MSP,SPARK10,37,17.38095238095238
MK-MSP,SPARK10,38,23.208333333333332
MK-MSP,SPARK10,39,14.235714285714286
MK-MSP,SPARK10,40,12.354761904761906
MK-MSP,SPARK10,41,10.113095238095237
MK-MSP,SPARK10,42,15.957142857142857
MK-MSP,SPARK10,43,12.625
MK-MSP,SPARK10,44,11.492857142857144
MK-MSP,SPARK10,45,18.58452380952381
MK-MSP,SPARK10,46,25.323809523809523
MK-MSP,SPARK10,47,18.110714285714284
MK-MSP,SPARK10,48,16.889285714285712
MK-MSP,SPARK10,49,9.172619047619047
MK-MSP,SPARK10,50,11.723809523809523
MK-MSP,SPARK10,51,15.086904761904762
MK-MSP,SPARK10,52,14.033333333333333
MK-MSP,COLA33,1,34.339090909090906
MK-MSP,COLA33,2,31.30181818181818
MK-MSP,COLA33,3,25.236818181818183
MK-MSP,COLA33,4,26.449545454545454
MK-MSP,COLA33,5,28.492727272727272
MK-MSP,COLA33,6,22.116363636363637
MK-MSP,COLA33,7,22.729545454545452
MK-MSP,COLA33,8,31.953181818181818
MK-MSP,COLA33,9,24.35409090909091
MK-MSP,COLA33,10,19.92727272727273
MK-MSP,COLA33,11,24.254545454545454
MK-MSP,COLA33,12,21.383636363636363
MK-MSP,COLA33,13,23.341818181818184
MK-MSP,COLA33,14,30.712272727272726
MK-MSP,COLA33,15,31.71818181818182
MK-MSP,COLA33,16,22.438181818181818
MK-MSP,COLA33,17,26.990909090909092
MK-MSP,COLA33,18,18.509545454545453
MK-MSP,COLA33,19,34.77363636363636
MK-MSP,COLA33,20,25.403181818181817
MK-MSP,COLA33,21,28.84181818181818
MK-MSP,COLA33,22,33.27681818181818
MK-MSP,COLA33,23,30.127727272727274
MK-MSP,COLA33,24,30.938181818181818
MK-MSP,COLA33,25,22.56909090909091
MK-MSP,COLA33,26,27.513181818181817
MK-MSP,COLA33,27,28.705
MK-MSP,COLA33,28,22.086363636363636
MK-MSP,COLA33,29,21.77090909090909
MK-MSP,COLA33,30,23.616363636363637
MK-MSP,COLA33,31,28.182272727272725
MK-MSP,COLA33,32,19.611818181818183
MK-MSP,COLA33,33,24.61090909090909
MK-MSP,COLA33,34,29.993636363636366
MK-MSP,COLA33,35,19.455909090909092
MK-MSP,COLA33,36,17.260454545454547
MK-MSP,COLA33,37,21.31590909090909
MK-MSP,COLA33,38,34.03818181818182
MK-MSP,COLA33,39,30.449545454545454
MK-MSP,COLA33,40,29.904545454545456
MK-MSP,COLA33,41,23.571363636363635
MK-MSP,COLA33,42,29.25181818181818
MK-MSP,COLA33,43,17.785454545454545
MK-MSP,COLA33,44,23.865
MK-MSP,COLA33,45,22.036363636363635
MK-MSP,COLA33,46,26.255000000000003
MK-MSP,COLA33,47,25.21545454545455
MK-MSP,COLA33,48,34.92818181818182
MK-MSP,COLA33,49,31.40909090909091
MK-MSP,COLA33,50,21.204090909090908
MK-MSP,COLA33,51,25.438636363636363
MK-MSP,COLA33,52,20.34409090909091
MK-MSP,TEA50,1,13.802727272727275
MK-MSP,TEA50,2,15.704545454545455
MK-MSP,TEA50,3,11.148181818181818
MK-MSP,TEA50,4,19.12
MK-MSP,TEA50,5,16.376363636363635
MK-MSP,TEA50,6,15.427272727272728
MK-MSP,TEA50,7,11.573636363636364
MK-MSP,TEA50,8,13.523636363636363
MK-MSP,TEA50,9,13.915454545454544
MK-MSP,TEA50,10,15.681818181818183
MK-MSP,TEA50,11,13.006363636363636
MK-MSP,TEA50,12,16.224545454545453
MK-MSP,TEA50,13,16.311818181818182
MK-MSP,TEA50,14,11.381818181818183
MK-MSP,TEA50,15,16.337272727272726
MK-MSP,TEA50,16,16.46727272727273
MK-MSP,TEA50,17,13.961818181818181
MK-MSP,TEA50,18,8.72090909090909
MK-MSP,TEA50,19,13.323636363636364
MK-MSP,TEA50,20,17.595454545454544
MK-MSP,TEA50,21,13.451818181818181
MK-MSP,TEA50,22,10.194545454545455
MK-MSP,TEA50,23,16.335454545454546
MK-MSP,TEA50,24,12.613636363636363
MK-MSP,TEA50,25,15.567272727272726
MK-MSP,TEA50,26,16.534545454545455
MK-MSP,TEA50,27,13.298181818181819
MK-MSP,TEA50,28,14.108181818181817
MK-MSP,TEA50,29,15.930909090909092
MK-MSP,TEA50,30,17.450000000000003
MK-MSP,TEA50,31,13.71
MK-MSP,TEA50,32,13.257272727272728
MK-MSP,TEA50,33,18.673636363636362
MK-MSP,TEA50,34,12.693636363636363
MK-MSP,TEA50,35,16.84
MK-MSP,TEA50,36,14.66909090909091
MK-MSP,TEA50,37,17.31
MK-MSP,TEA50,38,13.610909090909091
MK-MSP,TEA50,39,13.790000000000001
MK-MSP,TEA50,40,15.817272727272726
MK-MSP,TEA50,41,13.453636363636363
MK-MSP,TEA50,42,16.96090909090909
MK-MSP,TEA50,43,20.344545454545454
MK-MSP,TEA50,44,16.982727272727274
MK-MSP,TEA50,45,13.478181818181818
MK-MSP,TEA50,46,12.610909090909091
MK-MSP,TEA50,47,15.205454545454545
MK-MSP,TEA50,48,15.387272727272727
MK-MSP,TEA50,49,12.73090909090909
MK-MSP,TEA50,50,16.476363636363637
MK-MSP,TEA50,51,11.979090909090909
MK-MSP,TEA50,52,13.327272727272728
MK-MSP,JUICE10,1,11.51142857142857
MK-MSP,JUICE10,2,10.681428571428572
MK-MSP,JUICE10,3,7.748571428571429
MK-MSP,JUICE10,4,16.675714285714285
MK-MSP,JUICE10,5,15.98
MK-MSP,JUICE10,6,10.744285714285715
MK-MSP,JUICE10,7,12.618571428571428
MK-MSP,JUICE10,8,13.218571428571428
MK-MSP,JUICE10,9,13.118571428571428
MK-MSP,JUICE10,10,14.665714285714285
MK-MSP,JUICE10,11,10.131428571428572
MK-MSP,JUICE10,12,14.824285714285715
MK-MSP,JUICE10,13,7.691428571428571
MK-MSP,JUICE10,14,13.035714285714286
MK-MSP,JUICE10,15,15.458571428571428
MK-MSP,JUICE10,16,15.602857142857143
MK-MSP,JUICE10,17,9.12857142857143
MK-MSP,JUICE10,18,6.8
MK-MSP,JUICE10,19,9.924285714285714
MK-MSP,JUICE10,20,12.125714285714286
MK-MSP,JUICE10,21,11.760000000000002
MK-MSP,JUICE10,22,14.448571428571428
MK-MSP,JUICE10,23,10.610000000000001
MK-MSP,JUICE10,24,12.89
MK-MSP,JUICE10,25,13.845714285714285
MK-MSP,JUICE10,26,13.33
MK-MSP,JUICE10,27,11.46142857142857
MK-MSP,JUICE10,28,15.425714285714285
MK-MSP,JUICE10,29,9.83
MK-MSP,JUICE10,30,9.588571428571429
MK-MSP,JUICE10,31,14.312857142857142
MK-MSP,JUICE10,32,16.708571428571428
MK-MSP,JUICE10,33,17.992857142857144
MK-MSP,JUICE10,34,13.59142857142857
MK-MSP,JUICE10,35,13.692857142857143
MK-MSP,JUICE10,36,8.581428571428571
MK-MSP,JUICE10,37,13.694285714285714
MK-MSP,JUICE10,38,13.422857142857143
MK-MSP,JUICE10,39,13.885714285714286
MK-MSP,JUICE10,40,13.345714285714287
MK-MSP,JUICE10,41,11.35
MK-MSP,JUICE10,42,14.235714285714288
MK-MSP,JUICE10,43,11.305714285714286
MK-MSP,JUICE10,44,19.572857142857142
MK-MSP,JUICE10,45,14.118571428571428
MK-MSP,JUICE10,46,19.055714285714284
MK-MSP,JUICE10,47,10.338571428571429
MK-MSP,JUICE10,48,7.988571428571428
MK-MSP,JUICE10,49,12.680000000000001
MK-MSP,JUICE10,50,10.18
MK-MSP,JUICE10,51,17.247142857142858
MK-MSP,JUICE10,52,13.42
MK-MSP,ENER25,1,7.148571428571429
MK-MSP,ENER25,2,7.126071428571429
MK-MSP,ENER25,3,3.824642857142857
MK-MSP,ENER25,4,8.455
MK-MSP,ENER25,5,4.4975
MK-MSP,ENER25,6,13.043571428571429
MK-MSP,ENER25,7,3.8964285714285714
MK-MSP,ENER25,8,9.52892857142857
MK-MSP,ENER25,9,6.413214285714285
MK-MSP,ENER25,10,14.09607142857143
MK-MSP,ENER25,11,6.555714285714285
MK-MSP,ENER25,12,7.676428571428572
MK-MSP,ENER25,13,8.526785714285715
MK-MSP,ENER25,14,7.8167857142857144
MK-MSP,ENER25,15,6.5096428571428575
MK-MSP,ENER25,16,9.598928571428571
MK-MSP,ENER25,17,9.695357142857143
MK-MSP,ENER25,18,6.99
MK-MSP,ENER25,19,9.586785714285714
MK-MSP,ENER25,20,8.342857142857142
MK-MSP,ENER25,21,7.149642857142857
MK-MSP,ENER25,22,4.477142857142857
MK-MSP,ENER25,23,8.717857142857142
MK-MSP,ENER25,24,10.547142857142857
MK-MSP,ENER25,25,11.876428571428571
MK-MSP,ENER25,26,9.094642857142857
MK-MSP,ENER25,27,9.220357142857143
MK-MSP,ENER25,28,9.585357142857143
MK-MSP,ENER25,29,8.623571428571429
MK-MSP,ENER25,30,8.223928571428571
MK-MSP,ENER25,31,7.841071428571429
MK-MSP,ENER25,32,8.227857142857143
MK-MSP,ENER25,33,8.813214285714286
MK-MSP,ENER25,34,6.687857142857142
MK-MSP,ENER25,35,5.800714285714285
MK-MSP,ENER25,36,9.379285714285714
MK-MSP,ENER25,37,11.9475
MK-MSP,ENER25,38,8.652142857142856
MK-MSP,ENER25,39,8.775
MK-MSP,ENER25,40,8.460714285714285
MK-MSP,ENER25,41,8.566785714285714
MK-MSP,ENER25,42,8.8625
MK-MSP,ENER25,43,6.079285714285715
MK-MSP,ENER25,44,9.404285714285715
MK-MSP,ENER25,45,6.403214285714286
MK-MSP,ENER25,46,9.420714285714286
MK-MSP,ENER25,47,11.688928571428573
MK-MSP,ENER25,48,12.184642857142856
MK-MSP,ENER25,49,13.731428571428571
MK-MSP,ENER25,50,6.128214285714286
MK-MSP,ENER25,51,10.707142857142857
MK-MSP,ENER25,52,7.391785714285714
MK-DTW,STILL15,1,16.324404761904763
MK-DTW,STILL15,2,16.308035714285715
MK-DTW,STILL15,3,21.436011904761905
MK-DTW,STILL15,4,21.626488095238095
MK-DTW,STILL15,5,12.181547619047619
MK-DTW,STILL15,6,22.26190476190476
MK-DTW,STILL15,7,17.239583333333332
MK-DTW,STILL15,8,17.15922619047619
MK-DTW,STILL15,9,16.44345238095238
MK-DTW,STILL15,10,20.37202380952381
MK-DTW,STILL15,11,14.276785714285714
MK-DTW,STILL15,12,26.397321428571427
MK-DTW,STILL15,13,21.498511904761905
MK-DTW,STILL15,14,18.998511904761905
MK-DTW,STILL15,15,17.33779761904762
MK-DTW,STILL15,16,18.15625
MK-DTW,STILL15,17,23.629464285714285
MK-DTW,STILL15,18,19.49107142857143
MK-DTW,STILL15,19,17.28422619047619
MK-DTW,STILL15,20,13.683035714285715
MK-DTW,STILL15,21,21.138392857142858
MK-DTW,STILL15,22,20.94047619047619
MK-DTW,STILL15,23,18.321428571428573
MK-DTW,STILL15,24,18.736607142857142
MK-DTW,STILL15,25,19.717261904761905
MK-DTW,STILL15,26,24.294642857142858
MK-DTW,STILL15,27,22.383928571428573
MK-DTW,STILL15,28,20.061011904761905
MK-DTW,STILL15,29,20.16220238095238
MK-DTW,STILL15,30,18.910714285714285
MK-DTW,STILL15,31,23.302083333333332
MK-DTW,STILL15,32,19.441964285714285
MK-DTW,STILL15,33,17.516369047619047
MK-DTW,STILL15,34,23.214285714285715
MK-DTW,STILL15,35,18.96279761904762
MK-DTW,STILL15,36,21.976190476190478
MK-DTW,STILL15,37,14.691964285714285
MK-DTW,STILL15,38,22.96577380952381
MK-DTW,STILL15,39,21.135416666666668
MK-DTW,STILL15,40,15.904761904761905
MK-DTW,STILL15,41,17.924107142857142
MK-DTW,STILL15,42,21.794642857142858
MK-DTW,STILL15,43,19.748511904761905
MK-DTW,STILL15,44,19.293154761904763
MK-DTW,STILL15,45,25.74702380952381
MK-DTW,STILL15,46,16.257440476190474
MK-DTW,STILL15,47,17.052083333333332
MK-DTW,STILL15,48,12.665178571428571
MK-DTW,STILL15,49,19.623511904761905
MK-DTW,STILL15,50,26.751488095238095
MK-DTW,STILL15,51,18.208333333333332
MK-DTW,STILL15,52,12.645833333333332
MK-DTW,SPARK10,1,12.644047619047619
MK-DTW,SPARK10,2,15.084523809523809
MK-DTW,SPARK10,3,15.789285714285715
MK-DTW,SPARK10,4,14.204761904761904
MK-DTW,SPARK10,5,14.272619047619049
MK-DTW,SPARK10,6,17.632142857142856
MK-DTW,SPARK10,7,12.177380952380952
MK-DTW,SPARK10,8,11.321428571428571
MK-DTW,SPARK10,9,19.03333333333333
MK-DTW,SPARK10,10,13.323809523809524
MK-DTW,SPARK10,11,13.716666666666667
MK-DTW,SPARK10,12,15.717857142857142
MK-DTW,SPARK10,13,15.032142857142858
MK-DTW,SPARK10,14,11.277380952380952
MK-DTW,SPARK10,15,22.13452380952381
MK-DTW,SPARK10,16,10.861904761904762
MK-DTW,SPARK10,17,14.438095238095238
MK-DTW,SPARK10,18,13.725000000000001
MK-DTW,SPARK10,19,12.030952380952382
MK-DTW,SPARK10,20,9.733333333333333
MK-DTW,SPARK10,21,15.339285714285715
MK-DTW,SPARK10,22,18.92738095238095
MK-DTW,SPARK10,23,17.277380952380952
MK-DTW,SPARK10,24,6.339285714285714
MK-DTW,SPARK10,25,15.467857142857142
MK-DTW,SPARK10,26,18.408333333333335
MK-DTW,SPARK10,27,20.616666666666667
MK-DTW,SPARK10,28,15.307142857142857
MK-DTW,SPARK10,29,10.894047619047619
MK-DTW,SPARK10,30,14.141666666666667
MK-DTW,SPARK10,31,16.754761904761907
MK-DTW,SPARK10,32,21.23690476190476
MK-DTW,SPARK10,33,14.471428571428572
MK-DTW,SPARK10,34,16.015476190476193
MK-DTW,SPARK10,35,11.642857142857142
MK-DTW,SPARK10,36,12.154761904761905
MK-DTW,SPARK10,37,16.313095238095237
MK-DTW,SPARK10,38,8.673809523809524
MK-DTW,SPARK10,39,14.410714285714285
MK-DTW,SPARK10,40,19.36190476190476
MK-DTW,SPARK10,41,18.446428571428573
MK-DTW,SPARK10,42,19.14404761904762
MK-DTW,SPARK10,43,16.738095238095237
MK-DTW,SPARK10,44,9.816666666666666
MK-DTW,SPARK10,45,17.321428571428573
MK-DTW,SPARK10,46,21.460714285714285
MK-DTW,SPARK10,47,12.278571428571428
MK-DTW,SPARK10,48,16.461904761904762
MK-DTW,SPARK10,49,6.016666666666667
MK-DTW,SPARK10,50,16.65
MK-DTW,SPARK10,51,17.058333333333334
MK-DTW,SPARK10,52,15.503571428571428
MK-DTW,COLA33,1,20.22681818181818
MK-DTW,COLA33,2,17.32272727272727
MK-DTW,COLA33,3,26.94272727272727
MK-DTW,COLA33,4,32.410909090909094
MK-DTW,COLA33,5,27.255
MK-DTW,COLA33,6,24.790454545454544
MK-DTW,COLA33,7,20.228181818181817
MK-DTW,COLA33,8,27.523636363636363
MK-DTW,COLA33,9,17.218636363636364
MK-DTW,COLA33,10,35.29636363636364
MK-DTW,COLA33,11,26.576818181818183
MK-DTW,COLA33,12,21.758181818181818
MK-DTW,COLA33,13,30.416818181818183
MK-DTW,COLA33,14,32.358636363636364
MK-DTW,COLA33,15,28.88409090909091
MK-DTW,COLA33,16,32.56272727272727
MK-DTW,COLA33,17,24.424545454545452
MK-DTW,COLA33,18,34.21545454545455
MK-DTW,COLA33,19,28.827727272727273
MK-DTW,COLA33,20,26.73181818181818
MK-DTW,COLA33,21,28.668181818181818
MK-DTW,COLA33,22,25.36318181818182
MK-DTW,COLA33,23,18.87181818181818
MK-DTW,COLA33,24,18.587272727272726
MK-DTW,COLA33,25,22.392272727272726
MK-DTW,COLA33,26,32.85727272727273
MK-DTW,COLA33,27,28.98318181818182
MK-DTW,COLA33,28,24.272727272727273
MK-DTW,COLA33,29,26.10909090909091
MK-DTW,COLA33,30,30.835454545454546
MK-DTW,COLA33,31,28.493636363636366
MK-DTW,COLA33,32,21.806363636363635
MK-DTW,COLA33,33,19.05727272727273
MK-DTW,COLA33,34,22.736818181818183
MK-DTW,COLA33,35,25.80227272727273
MK-DTW,COLA33,36,26.334545454545456
MK-DTW,COLA33,37,31.582727272727272
MK-DTW,COLA33,38,24.731363636363636
MK-DTW,COLA33,39,26.580454545454547
MK-DTW,COLA33,40,33.44090909090909
MK-DTW,COLA33,41,28.045909090909092
MK-DTW,COLA33,42,23.348181818181818
MK-DTW,COLA33,43,23.822272727272725
MK-DTW,COLA33,44,22.705
MK-DTW,COLA33,45,32.76954545454545
MK-DTW,COLA33,46,23.70909090909091
MK-DTW,COLA33,47,21.84681818181818
MK-DTW,COLA33,48,32.24090909090909
MK-DTW,COLA33,49,14.784545454545455
MK-DTW,COLA33,50,28.291363636363638
MK-DTW,COLA33,51,17.957272727272727
MK-DTW,COLA33,52,23.799545454545452
MK-DTW,TEA50,1,13.05
MK-DTW,TEA50,2,11.555454545454547
MK-DTW,TEA50,3,13.665454545454546
MK-DTW,TEA50,4,15.240909090909092
MK-DTW,TEA50,5,15.444545454545455
MK-DTW,TEA50,6,13.58909090909091
MK-DTW,TEA50,7,8.899090909090908
MK-DTW,TEA50,8,8.40909090909091
MK-DTW,TEA50,9,14.853636363636364
MK-DTW,TEA50,10,8.951818181818181
MK-DTW,TEA50,11,14.05181818181818
MK-DTW,TEA50,12,9.154545454545454
MK-DTW,TEA50,13,14.325454545454546
MK-DTW,TEA50,14,9.205454545454545
MK-DTW,TEA50,15,10.360909090909091
MK-DTW,TEA50,16,17.202727272727273
MK-DTW,TEA50,17,12.632727272727273
MK-DTW,TEA50,18,12.98090909090909
MK-DTW,TEA50,19,12.38
MK-DTW,TEA50,20,11.745454545454546
MK-DTW,TEA50,21,13.707272727272727
MK-DTW,TEA50,22,9.39
MK-DTW,TEA50,23,8.31090909090909
MK-DTW,TEA50,24,12.706363636363637
MK-DTW,TEA50,25,13.35818181818182
MK-DTW,TEA50,26,16.39818181818182
MK-DTW,TEA50,27,16.183636363636364
MK-DTW,TEA50,28,13.63
MK-DTW,TEA50,29,7.848181818181819
MK-DTW,TEA50,30,10.536363636363637
MK-DTW,TEA50,31,13.024545454545455
MK-DTW,TEA50,32,9.65909090909091
MK-DTW,TEA50,33,12.952727272727273
MK-DTW,TEA50,34,12.086363636363636
MK-DTW,TEA50,35,11.456363636363637
MK-DTW,TEA50,36,12.543636363636363
MK-DTW,TEA50,37,13.88
MK-DTW,TEA50,38,14.02909090909091
MK-DTW,TEA50,39,10.077272727272728
MK-DTW,TEA50,40,17.891818181818184
MK-DTW,TEA50,41,13.875454545454545
MK-DTW,TEA50,42,12.294545454545455
MK-DTW,TEA50,43,14.003636363636364
MK-DTW,TEA50,44,9.055454545454545
MK-DTW,TEA50,45,7.116363636363636
MK-DTW,TEA50,46,14.453636363636363
MK-DTW,TEA50,47,15.41090909090909
MK-DTW,TEA50,48,9.133636363636363
MK-DTW,TEA50,49,8.451818181818181
MK-DTW,TEA50,50,11.650909090909092
MK-DTW,TEA50,51,14.494545454545456
MK-DTW,TEA50,52,12.289090909090909
MK-DTW,JUICE10,1,13.414285714285715
MK-DTW,JUICE10,2,12.398571428571428
MK-DTW,JUICE10,3,14.722857142857142
MK-DTW,JUICE10,4,12.435714285714285
MK-DTW,JUICE10,5,13.615714285714285
MK-DTW,JUICE10,6,10.884285714285713
MK-DTW,JUICE10,7,10.879999999999999
MK-DTW,JUICE10,8,16.605714285714285
MK-DTW,JUICE10,9,14.208571428571428
MK-DTW,JUICE10,10,17.63
MK-DTW,JUICE10,11,14.934285714285714
MK-DTW,JUICE10,12,15.649999999999999
MK-DTW,JUICE10,13,12.745714285714286
MK-DTW,JUICE10,14,11.958571428571428
MK-DTW,JUICE10,15,12.577142857142857
MK-DTW,JUICE10,16,14.258571428571429
MK-DTW,JUICE10,17,14.12857142857143
MK-DTW,JUICE10,18,12.977142857142857
MK-DTW,JUICE10,19,11.025714285714285
MK-DTW,JUICE10,20,12.827142857142857
MK-DTW,JUICE10,21,11.17142857142857
MK-DTW,JUICE10,22,16.51571428571429
MK-DTW,JUICE10,23,11.054285714285715
MK-DTW,JUICE10,24,13.837142857142856
MK-DTW,JUICE10,25,12.129999999999999
MK-DTW,JUICE10,26,12.62
MK-DTW,JUICE10,27,8.657142857142858
MK-DTW,JUICE10,28,10.944285714285714
MK-DTW,JUICE10,29,13.122857142857143
MK-DTW,JUICE10,30,15.285714285714285
MK-DTW,JUICE10,31,14.68
MK-DTW,JUICE10,32,11.92142857142857
MK-DTW,JUICE10,33,15.537142857142857
MK-DTW,JUICE10,34,14.53
MK-DTW,JUICE10,35,13.438571428571429
MK-DTW,JUICE10,36,10.502857142857144
MK-DTW,JUICE10,37,11.207142857142857
MK-DTW,JUICE10,38,12.325714285714286
MK-DTW,JUICE10,39,14.104285714285714
MK-DTW,JUICE10,40,14.05
MK-DTW,JUICE10,41,14.964285714285714
MK-DTW,JUICE10,42,12.892857142857142
MK-DTW,JUICE10,43,12.312857142857144
MK-DTW,JUICE10,44,12.55
MK-DTW,JUICE10,45,13.954285714285714
MK-DTW,JUICE10,46,18.419999999999998
MK-DTW,JUICE10,47,13.132857142857143
MK-DTW,JUICE10,48,14.671428571428573
MK-DTW,JUICE10,49,11.774285714285714
MK-DTW,JUICE10,50,8.198571428571428
MK-DTW,JUICE10,51,12.195714285714285
MK-DTW,JUICE10,52,13.818571428571428
MK-DTW,ENER25,1,9.9275
MK-DTW,ENER25,2,9.456071428571429
MK-DTW,ENER25,3,9.750357142857142
MK-DTW,ENER25,4,8.207857142857144
MK-DTW,ENER25,5,8.924285714285714
MK-DTW,ENER25,6,6.775357142857143
MK-DTW,ENER25,7,7.233928571428571
MK-DTW,ENER25,8,8.326785714285714
MK-DTW,ENER25,9,10.822142857142858
MK-DTW,ENER25,10,9.639642857142857
MK-DTW,ENER25,11,9.798214285714286
MK-DTW,ENER25,12,8.6875
MK-DTW,ENER25,13,9.514642857142857
MK-DTW,ENER25,14,6.488214285714286
MK-DTW,ENER25,15,9.027857142857142
MK-DTW,ENER25,16,9.518928571428571
MK-DTW,ENER25,17,8.251785714285715
MK-DTW,ENER25,18,9.994285714285713
MK-DTW,ENER25,19,4.948928571428572
MK-DTW,ENER25,20,8.374285714285715
MK-DTW,ENER25,21,9.175714285714285
MK-DTW,ENER25,22,7.787857142857142
MK-DTW,ENER25,23,8.211428571428572
MK-DTW,ENER25,24,4.558571428571429
MK-DTW,ENER25,25,8.060714285714285
MK-DTW,ENER25,26,11.0075
MK-DTW,ENER25,27,8.006785714285714
MK-DTW,ENER25,28,8.665
MK-DTW,ENER25,29,8.075714285714286
MK-DTW,ENER25,30,6.674285714285714
MK-DTW,ENER25,31,8.981428571428571
MK-DTW,ENER25,32,10.505714285714285
MK-DTW,ENER25,33,7.186785714285714
MK-DTW,ENER25,34,9.389642857142857
MK-DTW,ENER25,35,8.937142857142856
MK-DTW,ENER25,36,9.753571428571428
MK-DTW,ENER25,37,6.556785714285714
MK-DTW,ENER25,38,7.0667857142857144
MK-DTW,ENER25,39,10.713214285714285
MK-DTW,ENER25,40,10.046071428571429
MK-DTW,ENER25,41,7.292857142857143
MK-DTW,ENER25,42,7.315714285714286
MK-DTW,ENER25,43,10.381071428571428
MK-DTW,ENER25,44,7.557499999999999
MK-DTW,ENER25,45,6.463928571428571
MK-DTW,ENER25,46,5.928571428571429
MK-DTW,ENER25,47,8.24392857142857
MK-DTW,ENER25,48,6.5564285714285715
MK-DTW,ENER25,49,6.652142857142858
MK-DTW,ENER25,50,7.793214285714286
MK-DTW,ENER25,51,7.202500000000001
MK-DTW,ENER25,52,7.183571428571429
MK-SFO,STILL15,1,36.02380952380952
MK-SFO,STILL15,2,41.063988095238095
MK-SFO,STILL15,3,28.361607142857142
MK-SFO,STILL15,4,28.831845238095237
MK-SFO,STILL15,5,40.626488095238095
MK-SFO,STILL15,6,39.02529761904762
MK-SFO,STILL15,7,25.385416666666664
MK-SFO,STILL15,8,35.970238095238095
MK-SFO,STILL15,9,31.569940476190474
MK-SFO,STILL15,10,20.077380952380953
MK-SFO,STILL15,11,43.76339285714286
MK-SFO,STILL15,12,39.29761904761905
MK-SFO,STILL15,13,49.07440476190476
MK-SFO,STILL15,14,52.09375
MK-SFO,STILL15,15,21.18452380952381
MK-SFO,STILL15,16,33.46279761904762
MK-SFO,STILL15,17,33.01785714285714
MK-SFO,STILL15,18,36.68452380952381
MK-SFO,STILL15,19,41.42410714285714
MK-SFO,STILL15,20,25.30952380952381
MK-SFO,STILL15,21,16.327380952380953
MK-SFO,STILL15,22,28.483630952380953
MK-SFO,STILL15,23,41.78125
MK-SFO,STILL15,24,18.224702380952383
MK-SFO,STILL15,25,34.29761904761905
MK-SFO,STILL15,26,32.03422619047619
MK-SFO,STILL15,27,49.6875
MK-SFO,STILL15,28,19.438988095238095
MK-SFO,STILL15,29,24.363095238095237
MK-SFO,STILL15,30,12.961309523809524
MK-SFO,STILL15,31,49.00892857142857
MK-SFO,STILL15,32,46.72172619047619
MK-SFO,STILL15,33,39.98511904761905
MK-SFO,STILL15,34,25.214285714285715
MK-SFO,STILL15,35,42.99702380952381
MK-SFO,STILL15,36,29.982142857142854
MK-SFO,STILL15,37,33.51190476190476
MK-SFO,STILL15,38,39.26190476190476
MK-SFO,STILL15,39,40.22172619047619
MK-SFO,STILL15,40,36.24702380952381
MK-SFO,STILL15,41,35.51339285714286
MK-SFO,STILL15,42,33.364583333333336
MK-SFO,STILL15,43,34.580357142857146
MK-SFO,STILL15,44,26.063988095238095
MK-SFO,STILL15,45,45.379464285714285
MK-SFO,STILL15,46,42.898809523809526
MK-SFO,STILL15,47,34.217261904761905
MK-SFO,STILL15,48,25.708333333333336
MK-SFO,STILL15,49,40.199404761904766
MK-SFO,STILL15,50,30.513392857142858
MK-SFO,STILL15,51,44.861607142857146
MK-SFO,STILL15,52,22.098214285714285
MK-SFO,SPARK10,1,16.929761904761904
MK-SFO,SPARK10,2,20.30952380952381
MK-SFO,SPARK10,3,22.158333333333335
MK-SFO,SPARK10,4,26.488095238095237
MK-SFO,SPARK10,5,23.234523809523807
MK-SFO,SPARK10,6,16.504761904761907
MK-SFO,SPARK10,7,21.43452380952381
MK-SFO,SPARK10,8,12.620238095238095
MK-SFO,SPARK10,9,20.582142857142856
MK-SFO,SPARK10,10,12.039285714285715
MK-SFO,SPARK10,11,28.09166666666667
MK-SFO,SPARK10,12,21.826190476190476
MK-SFO,SPARK10,13,17.732142857142858
MK-SFO,SPARK10,14,22.160714285714285
MK-SFO,SPARK10,15,7.995238095238095
MK-SFO,SPARK10,16,20.872619047619047
MK-SFO,SPARK10,17,13.672619047619047
MK-SFO,SPARK10,18,17.07142857142857
MK-SFO,SPARK10,19,23.760714285714286
MK-SFO,SPARK10,20,17.65357142857143
MK-SFO,SPARK10,21,26.172619047619047
MK-SFO,SPARK10,22,12.458333333333334
MK-SFO,SPARK10,23,10.253571428571428
MK-SFO,SPARK10,24,7.932142857142857
MK-SFO,SPARK10,25,22.735714285714288
MK-SFO,SPARK10,26,10.45
MK-SFO,SPARK10,27,23.917857142857144
MK-SFO,SPARK10,28,17.164285714285715
MK-SFO,SPARK10,29,20.913095238095238
MK-SFO,SPARK10,30,22.62857142857143
MK-SFO,SPARK10,31,20.808333333333334
MK-SFO,SPARK10,32,14.945238095238095
MK-SFO,SPARK10,33,18.573809523809523
MK-SFO,SPARK10,34,13.159523809523808
MK-SFO,SPARK10,35,19.97738095238095
MK-SFO,SPARK10,36,13.595238095238095
MK-SFO,SPARK10,37,16.091666666666665
MK-SFO,SPARK10,38,18.89404761904762
MK-SFO,SPARK10,39,15.470238095238095
MK-SFO,SPARK10,40,13.360714285714286
MK-SFO,SPARK10,41,22.152380952380952
MK-SFO,SPARK10,42,11.511904761904761
MK-SFO,SPARK10,43,15.271428571428572
MK-SFO,SPARK10,44,26.4
MK-SFO,SPARK10,45,29.64761904761905
MK-SFO,SPARK10,46,13.560714285714287
MK-SFO,SPARK10,47,23.817857142857143
MK-SFO,SPARK10,48,19.96785714285714
MK-SFO,SPARK10,49,19.80952380952381
MK-SFO,SPARK10,50,29.69285714285714
MK-SFO,SPARK10,51,25.738095238095237
MK-SFO,SPARK10,52,12.186904761904762
MK-SFO,COLA33,1,38.03590909090909
MK-SFO,COLA33,2,25.62181818181818
MK-SFO,COLA33,3,33.60045454545455
MK-SFO,COLA33,4,20.850454545454546
MK-SFO,COLA33,5,45.94681818181819
MK-SFO,COLA33,6,39.175909090909094
MK-SFO,COLA33,7,30.216818181818184
MK-SFO,COLA33,8,12.686818181818182
MK-SFO,COLA33,9,38.532272727272726
MK-SFO,COLA33,10,33.768181818181816
MK-SFO,COLA33,11,36.34590909090909
MK-SFO,COLA33,12,51.51681818181818
MK-SFO,COLA33,13,32.16909090909091
MK-SFO,COLA33,14,35.46181818181818
MK-SFO,COLA33,15,30.21090909090909
MK-SFO,COLA33,16,36.20409090909091
MK-SFO,COLA33,17,24.909545454545455
MK-SFO,COLA33,18,30.464090909090906
MK-SFO,COLA33,19,35.27318181818182
MK-SFO,COLA33,20,36.77136363636364
MK-SFO,COLA33,21,23.65909090909091
MK-SFO,COLA33,22,36.139545454545456
MK-SFO,COLA33,23,25.611818181818183
MK-SFO,COLA33,24,24.206363636363637
MK-SFO,COLA33,25,38.87227272727273
MK-SFO,COLA33,26,42.345
MK-SFO,COLA33,27,36.16318181818182
MK-SFO,COLA33,28,33.76227272727273
MK-SFO,COLA33,29,34.155
MK-SFO,COLA33,30,49.27909090909091
MK-SFO,COLA33,31,45.825
MK-SFO,COLA33,32,21.80727272727273
MK-SFO,COLA33,33,40.69954545454546
MK-SFO,COLA33,34,37.13681818181818
MK-SFO,COLA33,35,28.507727272727273
MK-SFO,COLA33,36,34.445
MK-SFO,COLA33,37,19.715454545454545
MK-SFO,COLA33,38,28.816363636363636
MK-SFO,COLA33,39,43.865
MK-SFO,COLA33,40,35.30772727272727
MK-SFO,COLA33,41,36.78272727272727
MK-SFO,COLA33,42,43.25681818181818
MK-SFO,COLA33,43,26.977272727272727
MK-SFO,COLA33,44,34.288636363636364
MK-SFO,COLA33,45,35.140454545454546
MK-SFO,COLA33,46,32.27590909090909
MK-SFO,COLA33,47,17.87909090909091
MK-SFO,COLA33,48,48.144090909090906
MK-SFO,COLA33,49,49.21409090909091
MK-SFO,COLA33,50,23.132727272727273
MK-SFO,COLA33,51,44.50863636363637
MK-SFO,COLA33,52,28.318181818181817
MK-SFO,TEA50,1,19.43
MK-SFO,TEA50,2,18.983636363636364
MK-SFO,TEA50,3,16.29
MK-SFO,TEA50,4,19.10363636363636
MK-SFO,TEA50,5,15.975454545454545
MK-SFO,TEA50,6,16.51181818181818
MK-SFO,TEA50,7,17.545454545454547
MK-SFO,TEA50,8,18.476363636363637
MK-SFO,TEA50,9,16.82272727272727
MK-SFO,TEA50,10,12.73090909090909
MK-SFO,TEA50,11,12.532727272727271
MK-SFO,TEA50,12,16.284545454545455
MK-SFO,TEA50,13,23.074545454545454
MK-SFO,TEA50,14,21.60181818181818
MK-SFO,TEA50,15,21.95
MK-SFO,TEA50,16,20.315454545454546
MK-SFO,TEA50,17,25.114545454545453
MK-SFO,TEA50,18,16.747272727272726
MK-SFO,TEA50,19,19.84181818181818
MK-SFO,TEA50,20,13.532727272727271
MK-SFO,TEA50,21,19.16181818181818
MK-SFO,TEA50,22,17.40818181818182
MK-SFO,TEA50,23,21.457272727272727
MK-SFO,TEA50,24,20.380909090909093
MK-SFO,TEA50,25,16.963636363636365
MK-SFO,TEA50,26,11.463636363636363
MK-SFO,TEA50,27,16.213636363636365
MK-SFO,TEA50,28,17.442727272727275
MK-SFO,TEA50,29,9.466363636363637
MK-SFO,TEA50,30,21.171818181818182
MK-SFO,TEA50,31,23.381818181818183
MK-SFO,TEA50,32,20.90818181818182
MK-SFO,TEA50,33,16.234545454545454
MK-SFO,TEA50,34,20.987272727272728
MK-SFO,TEA50,35,14.092727272727274
MK-SFO,TEA50,36,15.71
MK-SFO,TEA50,37,24.082727272727276
MK-SFO,TEA50,38,21.96818181818182
MK-SFO,TEA50,39,13.388181818181819
MK-SFO,TEA50,40,22.082727272727272
MK-SFO,TEA50,41,13.280909090909091
MK-SFO,TEA50,42,18.760909090909088
MK-SFO,TEA50,43,15.802727272727275
MK-SFO,TEA50,44,14.716363636363635
MK-SFO,TEA50,45,11.823636363636364
MK-SFO,TEA50,46,20.705454545454547
MK-SFO,TEA50,47,16.02
MK-SFO,TEA50,48,14.610000000000001
MK-SFO,TEA50,49,19.67909090909091
MK-SFO,TEA50,50,17.439090909090908
MK-SFO,TEA50,51,16.723636363636363
MK-SFO,TEA50,52,19.204545454545453
MK-SFO,JUICE10,1,10.875714285714285
MK-SFO,JUICE10,2,15.588571428571427
MK-SFO,JUICE10,3,12.02
MK-SFO,JUICE10,4,16.11285714285714
MK-SFO,JUICE10,5,14.115714285714285
MK-SFO,JUICE10,6,12.077142857142857
MK-SFO,JUICE10,7,13.874285714285714
MK-SFO,JUICE10,8,13.692857142857143
MK-SFO,JUICE10,9,10.888571428571428
MK-SFO,JUICE10,10,12.35
MK-SFO,JUICE10,11,16.06285714285714
MK-SFO,JUICE10,12,11.248571428571429
MK-SFO,JUICE10,13,14.681428571428572
MK-SFO,JUICE10,14,14.797142857142857
MK-SFO,JUICE10,15,15.512857142857142
MK-SFO,JUICE10,16,13.515714285714285
MK-SFO,JUICE10,17,16.235714285714284
MK-SFO,JUICE10,18,17.361428571428572
MK-SFO,JUICE10,19,12.515714285714285
MK-SFO,JUICE10,20,13.637142857142857
MK-SFO,JUICE10,21,13.892857142857142
MK-SFO,JUICE10,22,8.23
MK-SFO,JUICE10,23,12.252857142857144
MK-SFO,JUICE10,24,11.932857142857141
MK-SFO,JUICE10,25,14.117142857142857
MK-SFO,JUICE10,26,11.225714285714286
MK-SFO,JUICE10,27,18.985714285714284
MK-SFO,JUICE10,28,17.975714285714286
MK-SFO,JUICE10,29,11.76
MK-SFO,JUICE10,30,12.967142857142857
MK-SFO,JUICE10,31,14.637142857142857
MK-SFO,JUICE10,32,17.39
MK-SFO,JUICE10,33,9.184285714285714
MK-SFO,JUICE10,34,16.322857142857142
MK-SFO,JUICE10,35,12.391428571428571
MK-SFO,JUICE10,36,7.078571428571429
MK-SFO,JUICE10,37,9.425714285714285
MK-SFO,JUICE10,38,14.715714285714286
MK-SFO,JUICE10,39,11.3
MK-SFO,JUICE10,40,17.595714285714287
MK-SFO,JUICE10,41,14.925714285714285
MK-SFO,JUICE10,42,12.778571428571428
MK-SFO,JUICE10,43,16.412857142857142
MK-SFO,JUICE10,44,17.08142857142857
MK-SFO,JUICE10,45,11.5
MK-SFO,JUICE10,46,12.905714285714286
MK-SFO,JUICE10,47,10.697142857142858
MK-SFO,JUICE10,48,16.31142857142857
MK-SFO,JUICE10,49,16.435714285714287
MK-SFO,JUICE10,50,13.10142857142857
MK-SFO,JUICE10,51,12.544285714285714
MK-SFO,JUICE10,52,11.958571428571428
MK-SFO,ENER25,1,10.461428571428572
MK-SFO,ENER25,2,12.156428571428572
MK-SFO,ENER25,3,9.035714285714286
MK-SFO,ENER25,4,10.52
MK-SFO,ENER25,5,11.500714285714286
MK-SFO,ENER25,6,10.609285714285715
MK-SFO,ENER25,7,8.353571428571428
MK-SFO,ENER25,8,10.582857142857142
MK-SFO,ENER25,9,8.483214285714286
MK-SFO,ENER25,10,10.722857142857144
MK-SFO,ENER25,11,8.803214285714287
MK-SFO,ENER25,12,16.524285714285714
MK-SFO,ENER25,13,9.959285714285715
MK-SFO,ENER25,14,9.912857142857144
MK-SFO,ENER25,15,10.347857142857142
MK-SFO,ENER25,16,9.612857142857143
MK-SFO,ENER25,17,8.863928571428572
MK-SFO,ENER25,18,9.759285714285713
MK-SFO,ENER25,19,7.529642857142857
MK-SFO,ENER25,20,9.910714285714285
MK-SFO,ENER25,21,10.731785714285714
MK-SFO,ENER25,22,12.573571428571428
MK-SFO,ENER25,23,9.291428571428572
MK-SFO,ENER25,24,8.969285714285714
MK-SFO,ENER25,25,12.764642857142858
MK-SFO,ENER25,26,9.826071428571428
MK-SFO,ENER25,27,9.881785714285714
MK-SFO,ENER25,28,11.461071428571428
MK-SFO,ENER25,29,10.721785714285716
MK-SFO,ENER25,30,10.296428571428573
MK-SFO,ENER25,31,10.241428571428571
MK-SFO,ENER25,32,10.136785714285715
MK-SFO,ENER25,33,13.266428571428571
MK-SFO,ENER25,34,12.538571428571428
MK-SFO,ENER25,35,10.872857142857143
MK-SFO,ENER25,36,12.265714285714285
MK-SFO,ENER25,37,8.059999999999999
MK-SFO,ENER25,38,10.391785714285714
MK-SFO,ENER25,39,9.574642857142857
MK-SFO,ENER25,40,8.611428571428572
MK-SFO,ENER25,41,11.298214285714286
MK-SFO,ENER25,42,9.698571428571428
MK-SFO,ENER25,43,9.114642857142858
MK-SFO,ENER25,44,10.485
MK-SFO,ENER25,45,9.38107142857143
MK-SFO,ENER25,46,13.1175
MK-SFO,ENER25,47,13.206785714285713
MK-SFO,ENER25,48,10.648214285714285
MK-SFO,ENER25,49,9.946428571428571
MK-SFO,ENER25,50,11.791785714285714
MK-SFO,ENER25,51,9.731428571428571
MK-SFO,ENER25,52,11.4525
