order_line_id,order_date,ship_to_city,item_code,qty_units,status
ORD003920,2025-10-08,Atlanta,SPARK10,4389.0,SHIPPED
ORD008119,16/01/2026,Detroit,ENER25,1169.0,SHIPPED
ORD006336,2026-01-20,Boston,STILL15,4487.0,SHIPPED
ORD008262,2026-05-06,San Francisco,STILL15,3110.0,SHIPPED
ORD003861,2026-03-27,Atlanta,STILL15,11769.0,SHIPPED
ORD002918,02/04/2026, phoenix,TEA50,4172.0,SHIPPED
ORD003651,07/04/2026,Philadelphia,JUICE10,3933.0,SHIPPED
ORD000101,2025-09-05,New York,SPARK10,10526.0,SHIPPED
ORD007061,2025-11-28,Minneapolis,SPARK10,3133.0,SHIPPED
ORD008758,2026-02-26,SAN FRANCISCO,ENER25,4901.0,SHIPPED
ORD000838,12/06/2026,Los Angeles,SPARK10,11754.0,SHIPPED
ORD003739,2026-01-21,Philadelphia,ENER25,309.0,SHIPPED
ORD007664,2025-09-22,Detroit,SPARK10,11110.0,SHIPPED
ORD007380,2026-02-06,Minneapolis ,JUICE10,3141.0,SHIPPED
ORD005905,2025-11-20,DENVER,COLA33,57987.0,SHIPPED
ORD007133,2026-08-25,Minneapolis,SPARK10,4737.0,SHIPPED
ORD003942,17/12/2025,Atlanta,SPARK10,7660.0,SHIPPED
ORD006177,2026-05-29,Denver,JUICE10,9112.0,SHIPPED
ORD006956,2025-12-25,Minneapolis,STILL15,924.0,SHIPPED
ORD007569,2025-11-14,Detroit ,STILL15,6363.0,SHIPPED
ORD008052,2026-06-11,Detroit,JUICE10,10475.0,SHIPPED
ORD000612,04/05/2026,New York,ENER25,51536.0,SHIPPED
ORD002239,2025-12-03,Houston,TEA50,1762.0,SHIPPED
ORD006080,2026-06-18,Denver,TEA50,837.0,SHIPPED
ORD008534,2026-01-30, san francisco,TEA50,7252.0,SHIPPED
ORD007309,2026-06-08,Minneapolis,TEA50,9771.0,SHIPPED
ORD007892,2025-12-25, detroit,TEA50,13150.0,SHIPPED
ORD005910,2025-12-09, denver,COLA33,38996.0,SHIPPED
ORD006169,2026-04-23,Denver,JUICE10,6330.0,SHIPPED
ORD006719,2025-10-10,Boston,JUICE10,9564.0,SHIPPED
ORD004128,2025-09-19,Atlanta,TEA50,5897.0,SHIPPED
ORD007987,2025-11-10,DETROIT,JUICE10,1469.0,SHIPPED
ORD007113,09/06/2026,Minneapolis,SPARK10,5597.0,SHIPPED
ORD000793,2025-12-30,Los Angeles,SPARK10,10164.0,SHIPPED
ORD001619,08/12/2025,Chicago,TEA50,12767.0,SHIPPED
ORD007833,2026-06-03,Detroit,COLA33,1210.0,SHIPPED
ORD002903,09/02/2026,Phoenix,TEA50,7838.0,SHIPPED
ORD003660,2026-05-05,Philadelphia,JUICE10,4131.0,SHIPPED
ORD003178,2025-09-17,Philadelphia,STILL15,17625.0,SHIPPED
ORD001109,29/01/2026,Los Angeles,JUICE10,7607.0,SHIPPED
ORD008742,08/01/2026,SAN FRANCISCO,ENER25,13225.0,SHIPPED
ORD000082,2026-06-24,NEW YORK,STILL15,27203.0,SHIPPED
ORD008460,2026-05-01,San Francisco,COLA33,28004.0,SHIPPED
ORD007691,2026-01-12,Detroit,SPARK10,5530.0,SHIPPED
ORD006413,2025-11-10,Boston,SPARK10,6634.0,SHIPPED
ORD006471,2026-04-27,Boston,SPARK10,5654.0,SHIPPED
ORD008469,28/05/2026,SAN FRANCISCO,COLA33,8717.0,SHIPPED
ORD005385,12/12/2025,Seattle,TEA50,20369.0,SHIPPED
ORD004950,2026-07-08,Miami ,JUICE10,447.0,SHIPPED
ORD006704,2026-08-25,Boston,TEA50,453.0,SHIPPED
ORD005395,2026-01-21,Seattle ,TEA50,22362.0,SHIPPED
ORD005132,02/06/2026,SEATTLE,STILL15,6237.0,SHIPPED
ORD007097,2026-03-31,Minneapolis,SPARK10,74.0,SHIPPED
ORD003568,24/06/2026,Philadelphia,TEA50,5900.0,SHIPPED
ORD002036,28/01/2026,Houston,SPARK10,5418.0,SHIPPED
ORD004296,2026-04-24,Atlanta,JUICE10,7859.0,SHIPPED
ORD007173,04/02/2026,Minneapolis,COLA33,51458.0,SHIPPED
ORD004234,16/09/2025,Atlanta,JUICE10,3122.0,SHIPPED
ORD005372,2025-10-29,Seattle,TEA50,5572.0,SHIPPED
ORD007415,2026-06-03,MINNEAPOLIS,JUICE10,7091.0,SHIPPED
ORD004136,2025-10-24,Atlanta,TEA50,2265.0,SHIPPED
ORD002716,2026-04-22,Phoenix,SPARK10,7341.0,SHIPPED
ORD000189,2026-05-26,New York,SPARK10,4048.0,SHIPPED
ORD007246,21/10/2025,MINNEAPOLIS,TEA50,2740.0,SHIPPED
ORD002867,2025-10-28,PHOENIX,TEA50,8004.0,SHIPPED
ORD003671,2026-06-08,Philadelphia,JUICE10,8309.0,SHIPPED
ORD002913,2026-03-16,Phoenix,TEA50,7213.0,SHIPPED
ORD004454,2025-10-06,Miami,STILL15,3279.0,SHIPPED
ORD008311,2025-11-17,San Francisco ,SPARK10,4024.0,SHIPPED
ORD006889,2026-04-13,Boston,ENER25,13634.0,SHIPPED
ORD006043,04/03/2026,Denver,TEA50,2368.0,SHIPPED
ORD000544,2025-09-15,NEW YORK,ENER25,43527.0,SHIPPED
ORD008772,2026-04-09,San Francisco,ENER25,22193.0,SHIPPED
ORD000011,2025-10-08,New York,STILL15,874.0,SHIPPED
ORD005641,2026-05-04,Seattle,ENER25,1473.0,SHIPPED
ORD001322,2026-02-23,Chicago,STILL15,11368.0,SHIPPED
ORD006596,20/07/2026, boston,COLA33,13954.0,SHIPPED
ORD001700,2025-09-25,Chicago,JUICE10,5399.0,SHIPPED
ORD007680,2025-12-03,Detroit,SPARK10,2811.0,SHIPPED
ORD001959,2026-03-26,Houston,STILL15,1513.0,SHIPPED
ORD004790,2026-01-09,Miami,TEA50,27861.0,SHIPPED
ORD008690,02/07/2026,San Francisco,JUICE10,11957.0,SHIPPED
ORD004781,15/12/2025,MIAMI,TEA50,12688.0,SHIPPED
ORD002938,2026-05-27,Phoenix,TEA50,3375.0,SHIPPED
ORD003401,2025-10-16,Philadelphia ,COLA33,53175.0,SHIPPED
ORD001642,2026-03-04,Chicago,TEA50,19481.0,SHIPPED
ORD000068,14/05/2026,New York,STILL15,14725.0,SHIPPED
ORD000991,2025-11-13,Los Angeles ,TEA50,43848.0,SHIPPED
ORD008807,2026-08-05, san francisco,ENER25,13343.0,SHIPPED
ORD003602,2025-10-30,Philadelphia,JUICE10,15313.0,SHIPPED
ORD006735,2025-12-03,Boston ,JUICE10,4449.0,SHIPPED
ORD004265,2026-01-02,Atlanta ,JUICE10,10915.0,SHIPPED
ORD008483,2026-07-31,San Francisco,COLA33,35859.0,SHIPPED
ORD003020,17/03/2026, phoenix,JUICE10,7745.0,SHIPPED
ORD000728,26/05/2026, los angeles,STILL15,1877.0,SHIPPED
ORD006574,2026-05-05,Boston,COLA33,7036.0,SHIPPED
ORD003693,2026-08-17, philadelphia,JUICE10,406.0,SHIPPED
ORD003617,2025-12-15,Philadelphia,JUICE10,1790.0,SHIPPED
ORD003947,2025-12-31, atlanta,SPARK10,2998.0,SHIPPED
ORD007651,2026-08-11, detroit,STILL15,2084.0,SHIPPED
ORD006086,2026-07-13,Denver ,TEA50,13320.0,SHIPPED
ORD000643,04/09/2025,Los Angeles,STILL15,35107.0,SHIPPED
ORD006412,05/11/2025,BOSTON,SPARK10,295.0,SHIPPED
ORD008599,04/09/2025,San Francisco,JUICE10,3324.0,SHIPPED
ORD006341,11/02/2026,BOSTON,STILL15,8317.0,SHIPPED
ORD007442,2025-09-09,Minneapolis,ENER25,708.0,SHIPPED
ORD001432,2026-03-18,Chicago,SPARK10,11330.0,SHIPPED
ORD002606,2026-04-06,Phoenix,STILL15,1502.0,SHIPPED
ORD000429,05/09/2025,New York,JUICE10,8631.0,SHIPPED
ORD003155,2026-06-26,Phoenix,ENER25,23560.0,SHIPPED
ORD008653,2026-03-13,San Francisco,JUICE10,6010.0,SHIPPED
ORD005872,2026-07-10,Denver,SPARK10,425.0,SHIPPED
ORD003756,2026-03-18, philadelphia,ENER25,2024.0,SHIPPED
ORD007716,2026-04-14,Detroit ,SPARK10,9596.0,SHIPPED
ORD006805,2026-06-30,Boston,JUICE10,761.0,SHIPPED
ORD002490,2026-04-01,Houston,ENER25,26967.0,SHIPPED
ORD005206,2026-03-17,SEATTLE,SPARK10,5636.0,SHIPPED
ORD003406,05/11/2025,Philadelphia,COLA33,28579.0,SHIPPED
ORD001239,2026-05-22,Los Angeles,ENER25,55526.0,SHIPPED
ORD006015,27/11/2025,Denver,TEA50,15828.0,SHIPPED
ORD006107,2025-10-07,Denver,JUICE10,1231.0,SHIPPED
ORD005166,2025-09-30,Seattle,SPARK10,1336.0,SHIPPED
ORD008870,2026-05-29,Phoenix,TEA50,13199.0,CANCELLED
ORD000790,2025-12-22,Los Angeles,SPARK10,16889.0,SHIPPED
ORD008769,2026-04-02,San Francisco ,ENER25,1256.0,SHIPPED
ORD008423,2025-12-26,San Francisco,COLA33,20255.0,SHIPPED
ORD000492,2026-03-06,New York,JUICE10,5754.0,SHIPPED
ORD007818,2026-04-17,Detroit,COLA33,10508.0,SHIPPED
ORD005861,2026-05-22, denver,SPARK10,18230.0,SHIPPED
ORD000025,28/11/2025,New York ,STILL15,4814.0,SHIPPED
ORD003154,18/06/2026, phoenix,ENER25,800.0,SHIPPED
ORD006362,2026-05-11,Boston,STILL15,11829.0,SHIPPED
ORD000638,2026-07-27,NEW YORK,ENER25,39155.0,SHIPPED
ORD006832,2025-10-02, boston,ENER25,18985.0,SHIPPED
ORD002590,2026-02-18,Phoenix,STILL15,1452.0,SHIPPED
ORD000424,2026-08-20,New York,TEA50,16640.0,SHIPPED
ORD007555,2025-10-02,DETROIT,STILL15,7634.0,SHIPPED
ORD004012,2026-08-12,Atlanta,SPARK10,5205.0,SHIPPED
ORD007866,2025-09-23,Detroit,TEA50,9636.0,SHIPPED
ORD005562,2026-08-27,Seattle,JUICE10,296.0,SHIPPED
ORD005224,2026-05-14,Seattle ,SPARK10,6050.0,SHIPPED
ORD005502,2026-02-11,Seattle,JUICE10,1791.0,SHIPPED
ORD008648,2026-02-20, san francisco,JUICE10,1410.0,SHIPPED
ORD002006,2025-09-26, houston,SPARK10,29834.0,SHIPPED
ORD001764,2026-05-12,Chicago ,JUICE10,1329.0,SHIPPED
ORD004485,21/01/2026, miami,STILL15,3088.0,SHIPPED
ORD000157,2026-02-24,New York,SPARK10,13001.0,SHIPPED
ORD004232,12/09/2025, atlanta,JUICE10,4544.0,SHIPPED
ORD000660,2025-10-17,Los Angeles,STILL15,15500.0,SHIPPED
ORD001563,2026-06-12, chicago,COLA33,106124.0,SHIPPED
ORD002766,2025-10-21,Phoenix,COLA33,74544.0,SHIPPED
ORD000598,09/03/2026,New York,ENER25,11613.0,SHIPPED
ORD002431,2025-09-25,Houston,ENER25,47611.0,SHIPPED
ORD001268,2026-08-27,Los Angeles,ENER25,26210.0,SHIPPED
ORD008777,20/04/2026, san francisco,ENER25,35108.0,SHIPPED
ORD006620,2025-10-14,Boston,TEA50,4304.0,SHIPPED
ORD006332,2026-01-05,Boston,STILL15,16973.0,SHIPPED
ORD005958,2026-05-05,Denver ,COLA33,42059.0,SHIPPED
ORD006092,2026-08-11,Denver,TEA50,578.0,SHIPPED
ORD004111,2026-07-14,Atlanta,COLA33,2165.0,SHIPPED
ORD004783,2025-12-16,Miami ,TEA50,3123.0,SHIPPED
ORD003582,2026-08-10,Philadelphia,TEA50,20087.0,SHIPPED
ORD001923,17/11/2025,Houston,STILL15,16517.0,SHIPPED
ORD005951,15/04/2026,Denver ,COLA33,43486.0,SHIPPED
ORD000966,21/08/2026,Los Angeles,COLA33,114380.0,SHIPPED
ORD006893,24/04/2026, boston,ENER25,3765.0,SHIPPED
ORD003197,2025-11-14,Philadelphia,STILL15,1903.0,SHIPPED
ORD008265,11/05/2026,San Francisco,STILL15,22520.0,SHIPPED
ORD004001,2026-07-15,Atlanta,SPARK10,17273.0,SHIPPED
ORD004655,20/08/2026,Miami,SPARK10,1554.0,SHIPPED
ORD008286,2026-08-07,San Francisco,STILL15,25528.0,SHIPPED
ORD006539,24/12/2025,Boston,COLA33,19110.0,SHIPPED
ORD006199,2026-08-20, denver,JUICE10,444.0,SHIPPED
ORD002567,2025-11-28,Phoenix,STILL15,15186.0,SHIPPED
ORD000284,2026-04-20,New York,COLA33,49674.0,SHIPPED
ORD008347,2026-04-09,San Francisco,SPARK10,12224.0,SHIPPED
ORD003177,2025-09-19,PHILADELPHIA,STILL15,3739.0,SHIPPED
ORD007795,22/01/2026,Detroit,COLA33,28399.0,SHIPPED
ORD008956,16/03/2026,MIAMI,TEA50,14705.0,CANCELLED
ORD006707,05/09/2025,Boston,JUICE10,4669.0,SHIPPED
ORD007598,2026-02-11,Detroit,STILL15,11207.0,SHIPPED
ORD001967,06/05/2026,HOUSTON,STILL15,18852.0,SHIPPED
ORD001049,2026-06-29,Los Angeles,TEA50,14.0,SHIPPED
ORD001754,2026-03-23,CHICAGO,JUICE10,1518.0,SHIPPED
ORD005021,2026-03-31,Miami,ENER25,1760.0,SHIPPED
ORD006158,19/03/2026,Denver,JUICE10,3579.0,SHIPPED
ORD003865,2026-03-31,ATLANTA,STILL15,1878.0,SHIPPED
ORD002843,2026-07-15,Phoenix,COLA33,54606.0,SHIPPED
ORD003713,2025-10-14, philadelphia,ENER25,2412.0,SHIPPED
ORD003011,2026-02-05,Phoenix,JUICE10,8984.0,SHIPPED
ORD007808,23/02/2026,Detroit,COLA33,27840.0,SHIPPED
ORD003126,2026-04-03,Phoenix,ENER25,14871.0,SHIPPED
ORD005390,2025-12-22,Seattle,TEA50,5924.0,SHIPPED
ORD000581,2026-01-23,New York,ENER25,17001.0,SHIPPED
ORD004415,18/05/2026,Atlanta,ENER25,1538.0,SHIPPED
ORD008190,2025-09-22,San Francisco,STILL15,3942.0,SHIPPED
ORD006915,2026-07-13,BOSTON,ENER25,3810.0,SHIPPED
ORD005492,2026-01-01,Seattle,JUICE10,12126.0,SHIPPED
ORD008626,11/12/2025,San Francisco,JUICE10,5720.0,SHIPPED
ORD001584,17/08/2026,Chicago,COLA33,80241.0,SHIPPED
ORD007033,11/08/2026,Minneapolis ,STILL15,13537.0,SHIPPED
ORD008150,2026-05-05,Detroit,ENER25,15480.0,SHIPPED
ORD003183,2025-10-08, philadelphia,STILL15,22095.0,SHIPPED
ORD005110,12/03/2026,Seattle,STILL15,13699.0,SHIPPED
ORD005884,2026-08-27,DENVER,SPARK10,1616.0,SHIPPED
ORD003269,2026-07-01,PHILADELPHIA,STILL15,3960.0,SHIPPED
ORD005174,2025-11-19, seattle,SPARK10,10777.0,SHIPPED
ORD005333,2026-06-12,Seattle ,COLA33,36262.0,SHIPPED
ORD005281,2025-12-17,Seattle,COLA33,72615.0,SHIPPED
ORD002503,2026-05-04,Houston,ENER25,3912.0,SHIPPED
ORD008421,15/12/2025,San Francisco,COLA33,11709.0,SHIPPED
ORD001032,2026-04-14,Los Angeles,TEA50,46672.0,SHIPPED
ORD003911,2025-09-19,Atlanta,SPARK10,12397.0,SHIPPED
ORD002757,2025-09-22,Phoenix,COLA33,9626.0,SHIPPED
ORD008504,2025-10-15,San Francisco,TEA50,15717.0,SHIPPED
ORD004878,2025-11-10,Miami,JUICE10,2265.0,SHIPPED
ORD001939,08/01/2026,Houston ,STILL15,12454.0,SHIPPED
ORD005019,27/03/2026,Miami,ENER25,24095.0,SHIPPED
ORD005047,08/07/2026,Miami,ENER25,6148.0,SHIPPED
ORD000348,2025-12-08, new york,TEA50,22242.0,SHIPPED
ORD004046,08/12/2025,Atlanta,COLA33,24971.0,SHIPPED
ORD008587,2026-07-31,San Francisco,TEA50,16061.0,SHIPPED
ORD000218,2025-09-15,New York,COLA33,57078.0,SHIPPED
ORD001921,2025-11-14,Houston,STILL15,9380.0,SHIPPED
ORD005337,2026-06-22,Seattle,COLA33,90712.0,SHIPPED
ORD003740,2026-01-30,Philadelphia,ENER25,15992.0,SHIPPED
ORD004226,2026-08-26,Atlanta,TEA50,10726.0,SHIPPED
ORD004460,2025-10-24,Miami,STILL15,29730.0,SHIPPED
ORD008520,2025-11-26,San Francisco,TEA50,13905.0,SHIPPED
ORD008346,02/04/2026,San Francisco,SPARK10,12784.0,SHIPPED
ORD007781,09/12/2025,Detroit,COLA33,5802.0,SHIPPED
ORD004260,17/12/2025,ATLANTA,JUICE10,8295.0,SHIPPED
ORD005966,2026-06-05,Denver,COLA33,40381.0,SHIPPED
ORD001582,2026-08-14,Chicago,COLA33,89955.0,SHIPPED
ORD002131,2025-11-24,Houston,COLA33,54897.0,SHIPPED
ORD007643,17/07/2026,Detroit,STILL15,10521.0,SHIPPED
ORD002374,2026-03-24,HOUSTON,JUICE10,6317.0,SHIPPED
ORD008978,2026-05-21,New York,SPARK10,5146.0,CANCELLED
ORD007604,2026-03-04,Detroit,STILL15,10499.0,SHIPPED
ORD000048,2026-02-18,New York,STILL15,51028.0,SHIPPED
ORD005484,2025-12-05,Seattle,JUICE10,1037.0,SHIPPED
ORD007392,2026-03-16,Minneapolis ,JUICE10,513.0,SHIPPED
ORD005715,2026-01-13,Denver,STILL15,10497.0,SHIPPED
ORD004033,23/10/2025, atlanta,COLA33,65930.0,SHIPPED
ORD001295,2025-12-05,Chicago,STILL15,367.0,SHIPPED
ORD000848,16/07/2026,Los Angeles,SPARK10,6654.0,SHIPPED
ORD001035,30/04/2026,Los Angeles,TEA50,1508.0,SHIPPED
ORD008072,11/08/2026,Detroit,JUICE10,320.0,SHIPPED
ORD001400,2025-11-24,CHICAGO,SPARK10,18635.0,SHIPPED
ORD004822,2026-05-15,Miami,TEA50,8790.0,SHIPPED
ORD005112,2026-03-18,Seattle,STILL15,3516.0,SHIPPED
ORD002963,2026-08-12,Phoenix,TEA50,9083.0,SHIPPED
ORD006245,27/02/2026,Denver,ENER25,9981.0,SHIPPED
ORD003930,2025-11-11,Atlanta,SPARK10,4500.0,SHIPPED
ORD002410,2026-07-20, houston,JUICE10,4075.0,SHIPPED
ORD006195,2026-08-11,Denver,JUICE10,6230.0,SHIPPED
ORD007502,2026-04-01,MINNEAPOLIS,ENER25,15037.0,SHIPPED
ORD001242,2026-05-28,Los Angeles,ENER25,1559.0,SHIPPED
ORD007019,30/06/2026,MINNEAPOLIS,STILL15,11437.0,SHIPPED
ORD006403,2025-10-09,Boston,SPARK10,11036.0,SHIPPED
ORD008455,2026-04-21,San Francisco,COLA33,43075.0,SHIPPED
ORD007761,2025-09-23,Detroit,COLA33,22027.0,SHIPPED
ORD000080,2026-06-16,New York,STILL15,22255.0,SHIPPED
ORD008409,2025-11-12,San Francisco ,COLA33,27332.0,SHIPPED
ORD000471,06/01/2026,New York,JUICE10,8547.0,SHIPPED
ORD000227,2025-10-13,New York,COLA33,19304.0,SHIPPED
ORD002205,31/07/2026,Houston,COLA33,18415.0,SHIPPED
ORD005301,25/02/2026,Seattle,COLA33,58268.0,SHIPPED
ORD005907,2025-12-03,Denver,COLA33,53008.0,SHIPPED
ORD000131,2025-11-24,New York,SPARK10,4093.0,SHIPPED
ORD007917,2026-04-08,Detroit,TEA50,1048.0,SHIPPED
ORD000295,2026-06-08,New York,COLA33,34727.0,SHIPPED
ORD003040,2026-05-21,Phoenix,JUICE10,7187.0,SHIPPED
ORD005054,2026-07-21,Miami,ENER25,6980.0,SHIPPED
ORD000856,2026-08-04,Los Angeles,SPARK10,1495.0,SHIPPED
ORD005173,2025-11-12,Seattle,SPARK10,17297.0,SHIPPED
ORD000191,2026-06-04,New York,SPARK10,29454.0,SHIPPED
ORD002147,14/01/2026,HOUSTON,COLA33,21381.0,SHIPPED
ORD003457,2026-04-30, philadelphia,COLA33,40371.0,SHIPPED
ORD000539,2026-08-27,NEW YORK,JUICE10,569.0,SHIPPED
ORD003998,2026-07-10,Atlanta,SPARK10,9762.0,SHIPPED
ORD005141,2026-06-29,Seattle,STILL15,18286.0,SHIPPED
ORD005223,2026-05-12,Seattle,SPARK10,1506.0,SHIPPED
ORD000582,2026-01-21,New York,ENER25,26944.0,SHIPPED
ORD008299,2025-09-29,San Francisco,SPARK10,5758.0,SHIPPED
ORD004540,01/07/2026,Miami ,STILL15,4015.0,SHIPPED
ORD006161,2026-03-27,Denver ,JUICE10,1584.0,SHIPPED
ORD000198,2026-06-22,NEW YORK,SPARK10,17836.0,SHIPPED
ORD005498,2026-01-19,Seattle,JUICE10,12841.0,SHIPPED
ORD004687,2025-12-16,Miami,COLA33,116357.0,SHIPPED
ORD004857,27/08/2026,Miami,TEA50,2187.0,SHIPPED
ORD000065,04/05/2026,New York ,STILL15,43318.0,SHIPPED
ORD005029,06/05/2026,Miami ,ENER25,10379.0,SHIPPED
ORD003544,17/04/2026,Philadelphia,TEA50,3969.0,SHIPPED
ORD000693,2026-02-02,Los Angeles,STILL15,4553.0,SHIPPED
ORD005930,12/02/2026,Denver,COLA33,8148.0,SHIPPED
ORD007223,2026-08-10,Minneapolis,COLA33,33615.0,SHIPPED
ORD000075,2026-06-02,New York,STILL15,40574.0,SHIPPED
ORD000743,2026-07-09,Los Angeles,STILL15,44854.0,SHIPPED
ORD008498,2025-09-11,SAN FRANCISCO,TEA50,1331.0,SHIPPED
ORD004487,27/01/2026,Miami,STILL15,7272.0,SHIPPED
ORD002215,2025-09-09,Houston,TEA50,18264.0,SHIPPED
ORD004202,2026-05-25,Atlanta,TEA50,22606.0,SHIPPED
ORD000085,2026-07-09,New York,STILL15,5626.0,SHIPPED
ORD003793,2026-07-28,Philadelphia,ENER25,27596.0,SHIPPED
ORD002459,2026-01-01,Houston,ENER25,7902.0,SHIPPED
ORD001047,23/06/2026,Los Angeles,TEA50,39241.0,SHIPPED
ORD004057,13/01/2026,Atlanta,COLA33,32696.0,SHIPPED
ORD003308,2025-11-17,Philadelphia,SPARK10,19626.0,SHIPPED
ORD001282,10/10/2025,Chicago,STILL15,12679.0,SHIPPED
ORD000599,2026-03-20,New York,ENER25,14877.0,SHIPPED
ORD000970,27/08/2026,Los Angeles,COLA33,9606.0,SHIPPED
ORD008397,24/09/2025,San Francisco,COLA33,45871.0,SHIPPED
ORD006431,30/12/2025, boston,SPARK10,7126.0,SHIPPED
ORD006516,2025-10-17,BOSTON,COLA33,27804.0,SHIPPED
ORD007162,2025-12-24,Minneapolis,COLA33,25352.0,SHIPPED
ORD004547,2026-07-29,Miami,STILL15,13839.0,SHIPPED
ORD007103,2026-05-06,Minneapolis,SPARK10,9236.0,SHIPPED
ORD007728,2026-05-27, detroit,SPARK10,3517.0,SHIPPED
ORD003474,2026-07-01,Philadelphia,COLA33,4468.0,SHIPPED
ORD001184,2025-11-07,Los Angeles,ENER25,43758.0,SHIPPED
ORD001506,2025-12-03,Chicago,COLA33,81905.0,SHIPPED
ORD006208,2025-09-23,Denver,ENER25,10617.0,SHIPPED
ORD006171,2026-05-07,Denver,JUICE10,9661.0,SHIPPED
ORD002065,08/05/2026,Houston ,SPARK10,8129.0,SHIPPED
ORD006326,23/12/2025,Boston ,STILL15,19773.0,SHIPPED
ORD007686,26/12/2025,Detroit,SPARK10,2358.0,SHIPPED
ORD000940,15/05/2026,Los Angeles,COLA33,27127.0,SHIPPED
ORD003223,16/02/2026,Philadelphia,STILL15,18129.0,SHIPPED
ORD001077,09/10/2025,Los Angeles,JUICE10,20533.0,SHIPPED
ORD003649,2026-03-31,Philadelphia,JUICE10,146.0,SHIPPED
ORD004201,20/05/2026,Atlanta,TEA50,12141.0,SHIPPED
ORD002274,2026-04-09,Houston,TEA50,25922.0,SHIPPED
ORD005198,2026-02-27,Seattle,SPARK10,2909.0,SHIPPED
ORD002861,2025-10-03,Phoenix,TEA50,23454.0,SHIPPED
ORD001979,2026-06-23,Houston,STILL15,27351.0,SHIPPED
ORD001356,2026-06-10,Chicago,STILL15,13290.0,SHIPPED
ORD006139,2026-01-21,Denver,JUICE10,1313.0,SHIPPED
ORD004312,19/06/2026,Atlanta,JUICE10,9607.0,SHIPPED
ORD003037,15/05/2026,Phoenix,JUICE10,12396.0,SHIPPED
ORD005898,2025-10-13,DENVER,COLA33,57358.0,SHIPPED
ORD003238,2026-04-01,Philadelphia ,STILL15,5218.0,SHIPPED
ORD005780,2026-08-12,Denver ,STILL15,3838.0,SHIPPED
ORD007846,2026-07-30,Detroit,COLA33,33711.0,SHIPPED
ORD005781,2026-08-10, denver,STILL15,3621.0,SHIPPED
ORD001985,2026-07-16,Houston,STILL15,8983.0,SHIPPED
ORD004673,2025-10-29,Miami,COLA33,51728.0,SHIPPED
ORD001876,04/06/2026,Chicago ,ENER25,19214.0,SHIPPED
ORD002717,01/05/2026,Phoenix,SPARK10,7875.0,SHIPPED
ORD005235,2026-06-19, seattle,SPARK10,2831.0,SHIPPED
ORD003866,2026-04-10,Atlanta,STILL15,20643.0,SHIPPED
ORD001232,2026-04-24,Los Angeles,ENER25,48942.0,SHIPPED
ORD006901,2026-05-28,Boston,ENER25,11105.0,SHIPPED
ORD002961,04/08/2026,Phoenix,TEA50,11963.0,SHIPPED
ORD007336,2025-09-08,Minneapolis ,JUICE10,3625.0,SHIPPED
ORD001161,2026-08-20, los angeles,JUICE10,16671.0,SHIPPED
ORD004902,2026-01-26,Miami,JUICE10,2356.0,SHIPPED
ORD004899,2026-01-19,Miami,JUICE10,1891.0,SHIPPED
ORD008377,2026-07-10,San Francisco,SPARK10,13798.0,SHIPPED
ORD002979,22/10/2025,Phoenix,JUICE10,7021.0,SHIPPED
ORD000595,04/03/2026,New York,ENER25,14948.0,SHIPPED
ORD001474,2026-08-19,CHICAGO,SPARK10,12763.0,SHIPPED
ORD003705,2025-09-23,PHILADELPHIA,ENER25,26830.0,SHIPPED
ORD001154,2026-07-30,Los Angeles,JUICE10,2023.0,SHIPPED
ORD000946,25/05/2026,Los Angeles ,COLA33,38811.0,SHIPPED
ORD006909,2026-06-15,BOSTON,ENER25,17712.0,SHIPPED
ORD002752,2025-09-04,Phoenix,COLA33,21024.0,SHIPPED
ORD007102,2026-04-28,Minneapolis,SPARK10,17035.0,SHIPPED
ORD006533,2025-12-11, boston,COLA33,22294.0,SHIPPED
ORD004597,22/01/2026,MIAMI,SPARK10,2853.0,SHIPPED
ORD004686,09/12/2025,Miami,COLA33,63717.0,SHIPPED
ORD003619,2026-01-01,Philadelphia,JUICE10,1971.0,SHIPPED
ORD006794,2026-06-02,Boston,JUICE10,3191.0,SHIPPED
ORD003230,09/03/2026, philadelphia,STILL15,2080.0,SHIPPED
ORD000441,08/10/2025,New York,JUICE10,18880.0,SHIPPED
ORD001613,20/11/2025, chicago,TEA50,12397.0,SHIPPED
ORD002759,30/09/2025,PHOENIX,COLA33,14925.0,SHIPPED
ORD005628,2026-03-24, seattle,ENER25,7556.0,SHIPPED
ORD008417,2025-12-10,San Francisco,COLA33,9049.0,SHIPPED
ORD000983,2025-10-13,Los Angeles,TEA50,1225.0,SHIPPED
ORD001553,2026-05-11,Chicago ,COLA33,99118.0,SHIPPED
ORD008688,2026-06-23,San Francisco ,JUICE10,5868.0,SHIPPED
ORD002866,2025-10-22,Phoenix,TEA50,30596.0,SHIPPED
ORD000488,2026-02-23,New York,JUICE10,21703.0,SHIPPED
ORD008521,2025-11-28,SAN FRANCISCO,TEA50,1243.0,SHIPPED
ORD000815,25/03/2026,Los Angeles ,SPARK10,23152.0,SHIPPED
ORD007538,2026-08-03,Minneapolis,ENER25,20099.0,SHIPPED
ORD006224,2025-12-03,DENVER,ENER25,73.0,SHIPPED
ORD002075,03/06/2026,Houston,SPARK10,28899.0,SHIPPED
ORD004572,21/10/2025,Miami,SPARK10,10101.0,SHIPPED
ORD002853,2026-08-26,Phoenix,COLA33,75970.0,SHIPPED
ORD000282,2026-04-20,New York ,COLA33,115627.0,SHIPPED
ORD007875,31/10/2025,Detroit,TEA50,5916.0,SHIPPED
ORD002273,2026-03-30,Houston,TEA50,13100.0,SHIPPED
ORD000516,2026-06-04,NEW YORK,JUICE10,30348.0,SHIPPED
ORD008929,30/06/2026, denver,STILL15,508.0,CANCELLED
ORD007943,2026-06-30,Detroit ,TEA50,3974.0,SHIPPED
ORD000583,2026-01-28,New York,ENER25,27919.0,SHIPPED
ORD008291,2026-08-28, san francisco,STILL15,2338.0,SHIPPED
ORD002348,02/01/2026,Houston,JUICE10,15346.0,SHIPPED
ORD001705,17/10/2025,Chicago,JUICE10,15207.0,SHIPPED
ORD001756,31/03/2026,Chicago,JUICE10,10390.0,SHIPPED
ORD001005,30/12/2025,Los Angeles,TEA50,33421.0,SHIPPED
ORD006346,2026-03-09, boston,STILL15,2432.0,SHIPPED
ORD004918,24/03/2026,Miami,JUICE10,4038.0,SHIPPED
ORD007222,11/08/2026,Minneapolis,COLA33,2550.0,SHIPPED
ORD004258,2025-12-02,Atlanta,JUICE10,13536.0,SHIPPED
ORD005804,2025-11-14,Denver,SPARK10,10872.0,SHIPPED
ORD007821,2026-04-20,Detroit,COLA33,4268.0,SHIPPED
ORD004369,2025-12-12,Atlanta,ENER25,19072.0,SHIPPED
ORD002037,2026-02-05,Houston,SPARK10,4204.0,SHIPPED
ORD006445,12/02/2026,Boston,SPARK10,9209.0,SHIPPED
ORD002216,10/09/2025,Houston,TEA50,10911.0,SHIPPED
ORD006221,2025-11-18,Denver,ENER25,13912.0,SHIPPED
ORD007520,05/06/2026,Minneapolis,ENER25,12305.0,SHIPPED
ORD003105,2026-01-16,PHOENIX,ENER25,19492.0,SHIPPED
ORD002450,04/12/2025,Houston,ENER25,35070.0,SHIPPED
ORD002956,2026-07-15,Phoenix,TEA50,17833.0,SHIPPED
ORD008793,22/06/2026,San Francisco,ENER25,4081.0,SHIPPED
ORD000436,2025-09-25,New York,JUICE10,14002.0,SHIPPED
ORD001874,29/05/2026,Chicago,ENER25,1539.0,SHIPPED
ORD002465,22/01/2026,Houston,ENER25,18490.0,SHIPPED
ORD000719,27/04/2026, los angeles,STILL15,4064.0,SHIPPED
ORD007413,26/05/2026,Minneapolis,JUICE10,7783.0,SHIPPED
ORD008448,2026-03-18,San Francisco,COLA33,75141.0,SHIPPED
ORD004616,2026-04-08,Miami,SPARK10,3435.0,SHIPPED
ORD001832,2026-01-20,Chicago,ENER25,53503.0,SHIPPED
ORD002686,07/01/2026,Phoenix,SPARK10,23553.0,SHIPPED
ORD006328,24/12/2025,Boston,STILL15,4513.0,SHIPPED
ORD002005,19/09/2025,Houston,SPARK10,22109.0,SHIPPED
ORD004650,2026-07-27,Miami,SPARK10,13937.0,SHIPPED
ORD001413,2026-01-02,Chicago,SPARK10,5392.0,SHIPPED
ORD006753,2026-01-28,Boston,JUICE10,2699.0,SHIPPED
ORD008242,2026-03-05,San Francisco,STILL15,27327.0,SHIPPED
ORD008402,2025-10-24, san francisco,COLA33,27911.0,SHIPPED
ORD005700,27/11/2025,Denver,STILL15,10462.0,SHIPPED
ORD008090,24/10/2025,Detroit,ENER25,515.0,SHIPPED
ORD008968,2026-04-29,MINNEAPOLIS,COLA33,22995.0,CANCELLED
ORD001120,20/03/2026,Los Angeles,JUICE10,26339.0,SHIPPED
ORD005517,2026-03-24,Seattle,JUICE10,8556.0,SHIPPED
ORD007656,2026-08-26,Detroit,STILL15,4925.0,SHIPPED
ORD004472,09/12/2025,Miami,STILL15,22669.0,SHIPPED
ORD008067,2026-07-28,DETROIT,JUICE10,2244.0,SHIPPED
ORD001581,2026-08-14,Chicago,COLA33,17030.0,SHIPPED
ORD000601,25/03/2026,New York ,ENER25,77190.0,SHIPPED
ORD003491,2025-09-09,Philadelphia,TEA50,21251.0,SHIPPED
ORD005569,2025-09-15,Seattle,ENER25,4887.0,SHIPPED
ORD003615,15/12/2025,PHILADELPHIA,JUICE10,9712.0,SHIPPED
ORD007503,2026-04-09,Minneapolis,ENER25,23038.0,SHIPPED
ORD002585,2026-01-29,Phoenix,STILL15,17047.0,SHIPPED
ORD000177,22/04/2026,New York,SPARK10,18113.0,SHIPPED
ORD006920,2026-07-29,Boston,ENER25,243.0,SHIPPED
ORD001773,2026-06-24,Chicago,JUICE10,3024.0,SHIPPED
ORD000447,2025-10-29,New York,JUICE10,13227.0,SHIPPED
ORD002601,25/03/2026,Phoenix,STILL15,2581.0,SHIPPED
ORD006226,2025-12-11,DENVER,ENER25,166.0,SHIPPED
ORD000708,2026-03-23,Los Angeles,STILL15,10257.0,SHIPPED
ORD003543,2026-04-08,Philadelphia,TEA50,18689.0,SHIPPED
ORD000792,02/01/2026,Los Angeles,SPARK10,2263.0,SHIPPED
ORD008492,2026-08-21,San Francisco,COLA33,54506.0,SHIPPED
ORD001085,2025-11-07,Los Angeles,JUICE10,2892.0,SHIPPED
ORD006041,2026-03-04, denver,TEA50,1617.0,SHIPPED
ORD006056,2026-04-06,Denver,TEA50,8959.0,SHIPPED
ORD003471,2026-06-16,Philadelphia,COLA33,40801.0,SHIPPED
ORD001974,25/05/2026, houston,STILL15,24521.0,SHIPPED
ORD002385,2026-05-07,HOUSTON,JUICE10,4075.0,SHIPPED
ORD001895,2026-08-13, chicago,ENER25,18132.0,SHIPPED
ORD006237,23/01/2026,Denver,ENER25,18705.0,SHIPPED
ORD007897,2026-01-16,Detroit,TEA50,5181.0,SHIPPED
ORD007031,2026-08-03,Minneapolis,STILL15,16235.0,SHIPPED
ORD001750,12/03/2026,Chicago,JUICE10,8981.0,SHIPPED
ORD007184,2026-03-26,Minneapolis,COLA33,15993.0,SHIPPED
ORD003900,2026-08-06, atlanta,STILL15,10334.0,SHIPPED
ORD005859,12/05/2026,Denver,SPARK10,8686.0,SHIPPED
ORD008473,17/06/2026,San Francisco,COLA33,55327.0,SHIPPED
ORD008899,2026-05-22,New York,STILL15,4226.0,CANCELLED
ORD001989,2026-07-21,Houston ,STILL15,15584.0,SHIPPED
ORD007301,2026-05-20,Minneapolis,TEA50,8254.0,SHIPPED
ORD004049,2025-12-19,Atlanta,COLA33,64420.0,SHIPPED
ORD008666,24/04/2026,San Francisco,JUICE10,4399.0,SHIPPED
ORD006791,2026-05-26,Boston ,JUICE10,8657.0,SHIPPED
ORD000913,2026-02-02,Los Angeles,COLA33,35316.0,SHIPPED
ORD005959,2026-05-05,DENVER,COLA33,36609.0,SHIPPED
ORD001566,2026-06-18,Chicago,COLA33,60916.0,SHIPPED
ORD000596,2026-03-12,New York,ENER25,9066.0,SHIPPED
ORD002234,2025-11-18,Houston,TEA50,1222.0,SHIPPED
ORD004840,2026-07-06,Miami,TEA50,13002.0,SHIPPED
ORD003932,2025-11-12,Atlanta,SPARK10,2236.0,SHIPPED
ORD008152,13/05/2026,Detroit ,ENER25,16630.0,SHIPPED
ORD005543,2026-06-25,Seattle,JUICE10,11994.0,SHIPPED
ORD004806,2026-03-12,Miami,TEA50,14439.0,SHIPPED
ORD007024,2026-07-15,Minneapolis,STILL15,2056.0,SHIPPED
ORD000442,2025-10-14,New York,JUICE10,1952.0,SHIPPED
ORD002203,2026-07-23,HOUSTON,COLA33,8662.0,SHIPPED
ORD004316,2026-06-29,Atlanta,JUICE10,4117.0,SHIPPED
ORD004198,2026-05-11,Atlanta,TEA50,26584.0,SHIPPED
ORD004151,2025-12-19,Atlanta,TEA50,15960.0,SHIPPED
ORD006598,2026-07-24,Boston,COLA33,75312.0,SHIPPED
ORD008932,2026-04-20, minneapolis,ENER25,1677.0,CANCELLED
ORD001396,2025-11-06,Chicago,SPARK10,28148.0,SHIPPED
ORD008627,2025-12-11,San Francisco,JUICE10,3812.0,SHIPPED
ORD004010,2026-08-03, atlanta,SPARK10,14907.0,SHIPPED
ORD001792,28/08/2026,Chicago,JUICE10,17454.0,SHIPPED
ORD001537,2026-03-10,Chicago,COLA33,31637.0,SHIPPED
ORD006640,23/12/2025,Boston,TEA50,3814.0,SHIPPED
ORD002446,2025-11-21,Houston,ENER25,15026.0,SHIPPED
ORD004592,2026-01-02,Miami,SPARK10,21222.0,SHIPPED
ORD001806,17/10/2025, chicago,ENER25,15587.0,SHIPPED
ORD006063,2026-04-27,Denver,TEA50,93.0,SHIPPED
ORD003285,20/08/2026,PHILADELPHIA,STILL15,19955.0,SHIPPED
ORD005503,2026-02-13,Seattle,JUICE10,1109.0,SHIPPED
ORD004515,07/04/2026, miami,STILL15,2421.0,SHIPPED
ORD001068,05/09/2025, los angeles,JUICE10,17869.0,SHIPPED
ORD004553,2026-08-18,Miami,STILL15,10078.0,SHIPPED
ORD001276,2025-09-17,Chicago,STILL15,19787.0,SHIPPED
ORD000634,14/07/2026,New York,ENER25,6972.0,SHIPPED
ORD005296,09/02/2026,Seattle,COLA33,3207.0,SHIPPED
ORD007890,2025-12-16,Detroit,TEA50,18923.0,SHIPPED
ORD001924,17/11/2025,HOUSTON,STILL15,7302.0,SHIPPED
ORD003232,2026-03-17,Philadelphia,STILL15,6693.0,SHIPPED
ORD004117,2026-08-06,Atlanta,COLA33,86114.0,SHIPPED
ORD007125,2026-07-24,Minneapolis,SPARK10,3156.0,SHIPPED
ORD003882,2026-06-02,ATLANTA,STILL15,18912.0,SHIPPED
ORD008544,2026-03-09,SAN FRANCISCO,TEA50,1008.0,SHIPPED
ORD007561,17/10/2025,Detroit,STILL15,9477.0,SHIPPED
ORD008116,02/01/2026, detroit,ENER25,15508.0,SHIPPED
ORD006776,2026-04-06,Boston,JUICE10,4845.0,SHIPPED
ORD003012,2026-02-09,Phoenix ,JUICE10,4336.0,SHIPPED
ORD005209,27/03/2026,Seattle,SPARK10,948.0,SHIPPED
ORD004031,2025-10-17,Atlanta,COLA33,12777.0,SHIPPED
ORD001326,2026-03-09, chicago,STILL15,5684.0,SHIPPED
ORD001718,01/12/2025,Chicago,JUICE10,13579.0,SHIPPED
ORD004066,2026-02-19,Atlanta,COLA33,64226.0,SHIPPED
ORD005289,2026-01-12,SEATTLE,COLA33,49900.0,SHIPPED
ORD001339,2026-04-27,Chicago,STILL15,1110.0,SHIPPED
ORD008547,2026-03-18,SAN FRANCISCO,TEA50,4119.0,SHIPPED
ORD005520,2026-04-10,Seattle ,JUICE10,9290.0,SHIPPED
ORD005531,2026-05-14,Seattle,JUICE10,9917.0,SHIPPED
ORD006390,10/08/2026,Boston,STILL15,488.0,SHIPPED
ORD003129,2026-04-06,Phoenix,ENER25,6939.0,SHIPPED
ORD003210,2025-12-29,Philadelphia,STILL15,9679.0,SHIPPED
ORD004416,2026-05-18, atlanta,ENER25,12587.0,SHIPPED
ORD004835,2026-06-26,MIAMI,TEA50,4840.0,SHIPPED
ORD000458,2025-11-26,New York,JUICE10,8373.0,SHIPPED
ORD006665,03/04/2026, boston,TEA50,3347.0,SHIPPED
ORD007043,2025-09-23,Minneapolis,SPARK10,3848.0,SHIPPED
ORD001083,2025-10-30,Los Angeles,JUICE10,1269.0,SHIPPED
ORD003352,2026-04-13,Philadelphia ,SPARK10,6574.0,SHIPPED
ORD002276,2026-04-16, houston,TEA50,19588.0,SHIPPED
ORD007764,2025-10-08,Detroit,COLA33,54539.0,SHIPPED
ORD002915,24/03/2026, phoenix,TEA50,17527.0,SHIPPED
ORD005928,2026-02-05,Denver,COLA33,10926.0,SHIPPED
ORD007633,11/06/2026,Detroit,STILL15,7695.0,SHIPPED
ORD006201,2025-09-03,Denver,ENER25,1369.0,SHIPPED
ORD002652,2025-09-16,Phoenix ,SPARK10,22696.0,SHIPPED
ORD008480,2026-07-13,SAN FRANCISCO,COLA33,58264.0,SHIPPED
ORD003326,23/01/2026,Philadelphia,SPARK10,330.0,SHIPPED
ORD006699,2026-08-06,Boston ,TEA50,18048.0,SHIPPED
ORD000178,2026-05-01,NEW YORK,SPARK10,305.0,SHIPPED
ORD003670,2026-06-11,Philadelphia,JUICE10,5071.0,SHIPPED
ORD006540,2026-01-02,BOSTON,COLA33,76278.0,SHIPPED
ORD000275,18/03/2026,New York ,COLA33,20191.0,SHIPPED
ORD003066,2026-08-18,PHOENIX,JUICE10,11495.0,SHIPPED
ORD008950,2026-03-10,San Francisco,STILL15,1034.0,CANCELLED
ORD007029,2026-07-31,Minneapolis,STILL15,4658.0,SHIPPED
ORD006711,15/09/2025,Boston,JUICE10,3570.0,SHIPPED
ORD006642,2026-01-09,Boston,TEA50,1452.0,SHIPPED
ORD005032,2026-05-20,Miami,ENER25,5985.0,SHIPPED
ORD002906,2026-02-16,Phoenix,TEA50,1557.0,SHIPPED
ORD004662,2025-09-18, miami,COLA33,99683.0,SHIPPED
ORD001091,2025-11-24,Los Angeles,JUICE10,6249.0,SHIPPED
ORD008927,14/07/2026,New York,ENER25,10391.0,CANCELLED
ORD003766,23/04/2026,PHILADELPHIA,ENER25,2744.0,SHIPPED
ORD006917,2026-07-23,Boston,ENER25,26059.0,SHIPPED
ORD003345,2026-03-25,Philadelphia,SPARK10,21029.0,SHIPPED
ORD005817,25/12/2025,Denver,SPARK10,16173.0,SHIPPED
ORD007000,04/05/2026,Minneapolis,STILL15,9674.0,SHIPPED
ORD007316,2026-07-03,Minneapolis,TEA50,5085.0,SHIPPED
ORD000830,2026-05-21,Los Angeles,SPARK10,11378.0,SHIPPED
ORD000450,2025-11-07,New York,JUICE10,24308.0,SHIPPED
ORD005597,09/12/2025,Seattle,ENER25,1199.0,SHIPPED
ORD002451,2025-12-10, houston,ENER25,49056.0,SHIPPED
ORD000921,2026-03-09,Los Angeles,COLA33,63737.0,SHIPPED
ORD002299,2026-07-24,Houston,TEA50,4646.0,SHIPPED
ORD001207,2026-01-09,LOS ANGELES,ENER25,27086.0,SHIPPED
ORD003872,2026-04-21,Atlanta,STILL15,3294.0,SHIPPED
ORD001415,2026-01-07,Chicago,SPARK10,17650.0,SHIPPED
ORD004350,08/10/2025,Atlanta,ENER25,42688.0,SHIPPED
ORD005298,2026-02-13,Seattle ,COLA33,34504.0,SHIPPED
ORD006814,28/07/2026,Boston,JUICE10,6994.0,SHIPPED
ORD004473,2025-12-15,MIAMI,STILL15,43.0,SHIPPED
ORD002361,2026-02-11,Houston,JUICE10,526.0,SHIPPED
ORD006508,16/09/2025,Boston,COLA33,79.0,SHIPPED
ORD005488,18/12/2025,Seattle,JUICE10,4556.0,SHIPPED
ORD006935,2025-10-02,MINNEAPOLIS,STILL15,9570.0,SHIPPED
ORD003169,18/08/2026,Phoenix,ENER25,13515.0,SHIPPED
ORD002803,2026-02-23,Phoenix,COLA33,33745.0,SHIPPED
ORD008625,12/12/2025,San Francisco,JUICE10,1327.0,SHIPPED
ORD000006,2025-09-17,New York ,STILL15,21657.0,SHIPPED
ORD000926,2026-04-02, los angeles,COLA33,86519.0,SHIPPED
ORD005863,28/05/2026,DENVER,SPARK10,10045.0,SHIPPED
ORD007842,08/07/2026,Detroit,COLA33,31848.0,SHIPPED
ORD006363,2026-05-14,Boston,STILL15,4917.0,SHIPPED
ORD004306,2026-05-18,Atlanta,JUICE10,6631.0,SHIPPED
ORD006327,2025-12-22,Boston,STILL15,1019.0,SHIPPED
ORD006524,2025-11-11, boston,COLA33,7295.0,SHIPPED
ORD006104,2025-09-23,Denver,JUICE10,2182.0,SHIPPED
ORD000685,2026-01-13,Los Angeles,STILL15,27250.0,SHIPPED
ORD007482,2026-01-19,Minneapolis,ENER25,10033.0,SHIPPED
ORD000522,25/06/2026, new york,JUICE10,25218.0,SHIPPED
ORD001962,06/04/2026,HOUSTON,STILL15,3476.0,SHIPPED
ORD000316,24/08/2026,New York,COLA33,130900.0,SHIPPED
ORD006302,18/09/2025, boston,STILL15,2852.0,SHIPPED
ORD005800,2025-10-31,Denver,SPARK10,516.0,SHIPPED
ORD004534,10/06/2026,Miami ,STILL15,8022.0,SHIPPED
ORD000002,03/09/2025,New York,STILL15,11364.0,SHIPPED
ORD004420,2026-06-11, atlanta,ENER25,27330.0,SHIPPED
ORD006514,2025-10-09,Boston,COLA33,6104.0,SHIPPED
ORD005318,2026-04-27,Seattle,COLA33,75709.0,SHIPPED
ORD007004,2026-05-19,Minneapolis,STILL15,8026.0,SHIPPED
ORD004016,2026-08-28,Atlanta,SPARK10,3988.0,SHIPPED
ORD005791,2025-09-15,Denver ,SPARK10,10903.0,SHIPPED
ORD002765,2025-10-21,Phoenix,COLA33,10089.0,SHIPPED
ORD001014,2026-02-03, los angeles,TEA50,50423.0,SHIPPED
ORD008988,2026-04-27,Atlanta,SPARK10,2479.0,CANCELLED
ORD006754,2026-01-30,Boston,JUICE10,1717.0,SHIPPED
ORD004827,2026-06-01,MIAMI,TEA50,10356.0,SHIPPED
ORD008307,2025-10-29, san francisco,SPARK10,17289.0,SHIPPED
ORD000090,2026-07-21,New York,STILL15,36995.0,SHIPPED
ORD005290,16/01/2026,Seattle,COLA33,43892.0,SHIPPED
ORD006447,2026-02-18,Boston,SPARK10,4158.0,SHIPPED
ORD001247,2026-06-10,Los Angeles,ENER25,10032.0,SHIPPED
ORD006652,2026-02-17,Boston,TEA50,20156.0,SHIPPED
ORD006276,2026-06-30,Denver ,ENER25,25537.0,SHIPPED
ORD002146,15/01/2026,Houston,COLA33,36215.0,SHIPPED
ORD007926,05/05/2026,Detroit,TEA50,4705.0,SHIPPED
ORD003869,2026-04-14,Atlanta,STILL15,5810.0,SHIPPED
ORD006556,11/03/2026, boston,COLA33,12345.0,SHIPPED
ORD002576,2025-12-25,Phoenix,STILL15,7810.0,SHIPPED
ORD001003,2025-12-26,Los Angeles,TEA50,11141.0,SHIPPED
ORD008000,2025-12-24,Detroit,JUICE10,1346.0,SHIPPED
ORD002017,2025-11-17,Houston,SPARK10,12267.0,SHIPPED
ORD005210,23/03/2026,SEATTLE,SPARK10,17044.0,SHIPPED
ORD002891,2026-01-09,Phoenix,TEA50,9895.0,SHIPPED
ORD008176,07/08/2026,Detroit,ENER25,5057.0,SHIPPED
ORD004491,2026-02-09,Miami,STILL15,10178.0,SHIPPED
ORD000914,2026-02-03,Los Angeles,COLA33,85507.0,SHIPPED
ORD008668,28/04/2026,San Francisco,JUICE10,866.0,SHIPPED
ORD002814,2026-04-08,Phoenix ,COLA33,12295.0,SHIPPED
ORD000226,09/10/2025,NEW YORK,COLA33,96751.0,SHIPPED
ORD005399,2026-02-04,SEATTLE,TEA50,10609.0,SHIPPED
ORD007568,2025-11-07,Detroit,STILL15,4474.0,SHIPPED
ORD003173,2026-08-25,Phoenix,ENER25,7446.0,SHIPPED
ORD005642,2026-05-06,Seattle,ENER25,14757.0,SHIPPED
ORD002692,2026-02-05,Phoenix,SPARK10,1161.0,SHIPPED
ORD008390,17/08/2026,San Francisco,SPARK10,6834.0,SHIPPED
ORD004307,26/05/2026,Atlanta,JUICE10,13363.0,SHIPPED
ORD000003,08/09/2025,NEW YORK,STILL15,34318.0,SHIPPED
ORD003253,12/05/2026, philadelphia,STILL15,10877.0,SHIPPED
ORD004118,2026-08-10,Atlanta,COLA33,67773.0,SHIPPED
ORD000032,16/12/2025,New York ,STILL15,31244.0,SHIPPED
ORD008970,2026-03-06,Chicago,COLA33,49598.0,CANCELLED
ORD003414,2025-12-05,Philadelphia,COLA33,10851.0,SHIPPED
ORD004882,2025-12-01,Miami,JUICE10,12242.0,SHIPPED
ORD005993,17/09/2025,Denver,TEA50,3555.0,SHIPPED
ORD002776,25/11/2025,Phoenix,COLA33,26654.0,SHIPPED
ORD005729,2026-02-26,Denver,STILL15,3420.0,SHIPPED
ORD002907,2026-02-26,Phoenix,TEA50,20072.0,SHIPPED
ORD004712,2026-03-02,Miami,COLA33,22420.0,SHIPPED
ORD008808,2026-08-11, san francisco,ENER25,19798.0,SHIPPED
ORD008477,2026-06-30,San Francisco,COLA33,72725.0,SHIPPED
ORD004506,2026-03-16,Miami,STILL15,5657.0,SHIPPED
ORD000374,2026-03-20,New York,TEA50,14438.0,SHIPPED
ORD000200,30/06/2026,New York,SPARK10,11636.0,SHIPPED
ORD007554,22/09/2025,Detroit ,STILL15,14533.0,SHIPPED
ORD004383,28/01/2026,Atlanta,ENER25,2143.0,SHIPPED
ORD004619,2026-04-27,Miami,SPARK10,652.0,SHIPPED
ORD001062,2026-08-04,Los Angeles,TEA50,9264.0,SHIPPED
ORD000074,2026-06-01,New York,STILL15,1398.0,SHIPPED
ORD008518,2025-11-17,San Francisco,TEA50,1244.0,SHIPPED
ORD001252,2026-07-01,Los Angeles,ENER25,17604.0,SHIPPED
ORD007081,2026-01-30,Minneapolis,SPARK10,3140.0,SHIPPED
ORD001087,2025-11-11,Los Angeles,JUICE10,8482.0,SHIPPED
ORD004575,2025-11-03,Miami,SPARK10,214.0,SHIPPED
ORD005306,12/03/2026,Seattle,COLA33,81299.0,SHIPPED
ORD007453,2025-10-23,Minneapolis,ENER25,26681.0,SHIPPED
ORD006578,14/05/2026,Boston,COLA33,48835.0,SHIPPED
ORD004908,2026-02-18,Miami,JUICE10,8858.0,SHIPPED
ORD003045,2026-06-10,Phoenix,JUICE10,1570.0,SHIPPED
ORD004872,2025-10-17,Miami,JUICE10,15468.0,SHIPPED
ORD000167,2026-03-24,New York,SPARK10,10002.0,SHIPPED
ORD006325,2025-12-18,Boston ,STILL15,6413.0,SHIPPED
ORD003547,2026-04-20,Philadelphia,TEA50,1102.0,SHIPPED
ORD004391,2026-02-23,ATLANTA,ENER25,11685.0,SHIPPED
ORD003608,21/11/2025,Philadelphia,JUICE10,5016.0,SHIPPED
ORD006488,2026-06-29,Boston,SPARK10,14566.0,SHIPPED
ORD005356,2026-08-25,Seattle,COLA33,5664.0,SHIPPED
ORD001405,2025-12-09,Chicago,SPARK10,11480.0,SHIPPED
ORD006183,2026-06-16,Denver,JUICE10,7858.0,SHIPPED
ORD004928,2026-04-24,Miami,JUICE10,3169.0,SHIPPED
ORD002840,2026-07-10,Phoenix,COLA33,8068.0,SHIPPED
ORD008774,2026-04-14,San Francisco ,ENER25,30092.0,SHIPPED
ORD000686,13/01/2026,Los Angeles,STILL15,6002.0,SHIPPED
ORD003738,21/01/2026,Philadelphia,ENER25,37003.0,SHIPPED
ORD004640,2026-07-02,Miami ,SPARK10,14898.0,SHIPPED
ORD003009,2026-02-06, phoenix,JUICE10,4012.0,SHIPPED
ORD008383,2026-07-27,San Francisco,SPARK10,16773.0,SHIPPED
ORD008342,18/03/2026,San Francisco,SPARK10,7079.0,SHIPPED
ORD003281,2026-08-06,PHILADELPHIA,STILL15,10710.0,SHIPPED
ORD008246,17/03/2026,San Francisco,STILL15,9846.0,SHIPPED
ORD004544,16/07/2026,Miami,STILL15,4785.0,SHIPPED
ORD007321,2026-07-14,Minneapolis,TEA50,6054.0,SHIPPED
ORD001599,2025-10-15,CHICAGO,TEA50,20592.0,SHIPPED
ORD001670,2026-06-09,CHICAGO,TEA50,34089.0,SHIPPED
ORD002837,2026-06-26,Phoenix,COLA33,25603.0,SHIPPED
ORD000483,2026-02-13,NEW YORK,JUICE10,1776.0,SHIPPED
ORD007412,2026-05-26,Minneapolis,JUICE10,1937.0,SHIPPED
ORD004459,2025-10-22,Miami,STILL15,989.0,SHIPPED
ORD001579,2026-08-05, chicago,COLA33,89366.0,SHIPPED
ORD001165,2026-08-28,Los Angeles,JUICE10,1052.0,SHIPPED
ORD006045,2026-03-13,Denver,TEA50,8356.0,SHIPPED
ORD007262,08/12/2025,Minneapolis,TEA50,10102.0,SHIPPED
ORD001686,2026-08-04, chicago,TEA50,29475.0,SHIPPED
ORD007922,2026-04-24, detroit,TEA50,8942.0,SHIPPED
ORD000782,03/12/2025,Los Angeles,SPARK10,351.0,SHIPPED
ORD007957,13/08/2026,Detroit,TEA50,3701.0,SHIPPED
ORD000711,2026-04-09,Los Angeles,STILL15,6310.0,SHIPPED
ORD005735,2026-03-13,Denver,STILL15,249.0,SHIPPED
ORD008846,2026-06-25,DENVER,SPARK10,1292.0,CANCELLED
ORD006231,25/12/2025,Denver,ENER25,18297.0,SHIPPED
ORD005645,2026-05-13,Seattle,ENER25,12132.0,SHIPPED
ORD008707,05/09/2025,San Francisco,ENER25,4107.0,SHIPPED
ORD005365,2025-09-30,Seattle,TEA50,10142.0,SHIPPED
ORD004541,2026-07-07,Miami,STILL15,13025.0,SHIPPED
ORD000956,2026-07-02,Los Angeles,COLA33,53207.0,SHIPPED
ORD007458,10/11/2025,Minneapolis ,ENER25,3479.0,SHIPPED
ORD008434,2026-01-28,San Francisco,COLA33,47825.0,SHIPPED
ORD001603,2025-10-20,Chicago,TEA50,2336.0,SHIPPED
ORD003673,2026-06-18,Philadelphia,JUICE10,7830.0,SHIPPED
ORD005946,2026-04-01,Denver,COLA33,46010.0,SHIPPED
ORD002580,2026-01-07,Phoenix ,STILL15,20119.0,SHIPPED
ORD003868,16/04/2026,Atlanta,STILL15,4806.0,SHIPPED
ORD006517,20/10/2025,Boston,COLA33,36285.0,SHIPPED
ORD001187,17/11/2025,Los Angeles,ENER25,36272.0,SHIPPED
ORD008855,2025-09-03,Boston,TEA50,10020.0,CANCELLED
ORD006147,2026-02-16, denver,JUICE10,5075.0,SHIPPED
ORD005747,15/04/2026,Denver,STILL15,5462.0,SHIPPED
ORD001004,2026-01-01,Los Angeles,TEA50,9997.0,SHIPPED
ORD000322,2025-09-23, new york,TEA50,21968.0,SHIPPED
ORD004870,06/10/2025,Miami,JUICE10,3208.0,SHIPPED
ORD001890,2026-07-29,Chicago,ENER25,4743.0,SHIPPED
ORD005099,21/01/2026,Seattle,STILL15,20686.0,SHIPPED
ORD005809,2025-11-24,Denver,SPARK10,3825.0,SHIPPED
ORD006149,17/02/2026,Denver,JUICE10,3648.0,SHIPPED
ORD004967,08/09/2025,Miami,ENER25,13301.0,SHIPPED
ORD001935,2025-12-22,Houston,STILL15,17617.0,SHIPPED
ORD004966,11/09/2025,Miami ,ENER25,5806.0,SHIPPED
ORD008194,09/10/2025,San Francisco,STILL15,26225.0,SHIPPED
ORD007493,05/03/2026,Minneapolis ,ENER25,18506.0,SHIPPED
ORD002102,24/08/2026,Houston,SPARK10,16204.0,SHIPPED
ORD006837,2025-10-13,Boston,ENER25,17091.0,SHIPPED
ORD004214,20/07/2026,Atlanta,TEA50,11278.0,SHIPPED
ORD000427,2026-08-26,New York,TEA50,24419.0,SHIPPED
ORD005732,06/03/2026,Denver,STILL15,10155.0,SHIPPED
ORD002070,2026-05-18,Houston ,SPARK10,3559.0,SHIPPED
ORD002335,2025-11-14,Houston,JUICE10,7117.0,SHIPPED
ORD001569,2026-06-22,Chicago ,COLA33,1478.0,SHIPPED
ORD002732,2026-06-23,Phoenix,SPARK10,562.0,SHIPPED
ORD004500,04/03/2026,Miami ,STILL15,4542.0,SHIPPED
ORD001038,2026-05-19,Los Angeles,TEA50,19175.0,SHIPPED
ORD004671,2025-10-20,Miami ,COLA33,8726.0,SHIPPED
ORD006728,14/11/2025,Boston,JUICE10,8680.0,SHIPPED
ORD008369,2026-06-23,San Francisco,SPARK10,4779.0,SHIPPED
ORD004048,2025-12-17,Atlanta,COLA33,16578.0,SHIPPED
ORD002987,2025-11-18,Phoenix,JUICE10,9522.0,SHIPPED
ORD008964,2026-05-07,HOUSTON,JUICE10,3713.0,CANCELLED
ORD004406,17/04/2026,Atlanta,ENER25,4491.0,SHIPPED
ORD007304,29/05/2026,Minneapolis ,TEA50,5236.0,SHIPPED
ORD004970,23/09/2025,Miami,ENER25,20349.0,SHIPPED
ORD005922,23/01/2026,Denver ,COLA33,27870.0,SHIPPED
ORD008983,2026-02-26,Atlanta ,SPARK10,31701.0,CANCELLED
ORD001177,02/10/2025,LOS ANGELES,ENER25,4568.0,SHIPPED
ORD001466,22/07/2026,Chicago,SPARK10,2477.0,SHIPPED
ORD001775,29/06/2026,Chicago,JUICE10,3611.0,SHIPPED
ORD003256,2026-05-29,PHILADELPHIA,STILL15,12259.0,SHIPPED
ORD007867,26/09/2025,Detroit,TEA50,4811.0,SHIPPED
ORD001554,22/05/2026,Chicago,COLA33,755.0,SHIPPED
ORD001852,2026-03-16,Chicago,ENER25,21955.0,SHIPPED
ORD005261,10/10/2025,Seattle,COLA33,19991.0,SHIPPED
ORD002997,2026-01-02,Phoenix,JUICE10,1927.0,SHIPPED
ORD003641,2026-03-11, philadelphia,JUICE10,14943.0,SHIPPED
ORD000805,20/02/2026,Los Angeles,SPARK10,13221.0,SHIPPED
ORD001167,2025-09-10,Los Angeles,ENER25,13635.0,SHIPPED
ORD007634,19/06/2026,Detroit,STILL15,10741.0,SHIPPED
ORD007373,2026-01-19, minneapolis,JUICE10,738.0,SHIPPED
ORD001770,05/06/2026,Chicago,JUICE10,320.0,SHIPPED
ORD005481,2025-11-27,Seattle,JUICE10,2478.0,SHIPPED
ORD003977,2026-04-29,Atlanta,SPARK10,19899.0,SHIPPED
ORD000478,26/01/2026, new york,JUICE10,1272.0,SHIPPED
ORD005189,21/01/2026,Seattle,SPARK10,14850.0,SHIPPED
ORD001146,2026-06-29,LOS ANGELES,JUICE10,21443.0,SHIPPED
ORD002041,2026-02-11,Houston,SPARK10,4242.0,SHIPPED
ORD003004,2026-01-13,Phoenix,JUICE10,427.0,SHIPPED
ORD004259,2025-12-10,ATLANTA,JUICE10,14940.0,SHIPPED
ORD001349,2026-05-28,Chicago,STILL15,13283.0,SHIPPED
ORD004713,2026-03-03,MIAMI,COLA33,4159.0,SHIPPED
ORD004238,2025-09-25,Atlanta,JUICE10,1407.0,SHIPPED
ORD005442,25/06/2026,Seattle ,TEA50,7290.0,SHIPPED
ORD004120,2026-08-20, atlanta,COLA33,67451.0,SHIPPED
ORD007967,2025-09-09,Detroit,JUICE10,8679.0,SHIPPED
ORD007653,17/08/2026,Detroit,STILL15,12236.0,SHIPPED
ORD007326,04/08/2026,Minneapolis,TEA50,14004.0,SHIPPED
ORD008268,2026-05-29,San Francisco,STILL15,27029.0,SHIPPED
ORD001477,25/08/2026, chicago,SPARK10,25314.0,SHIPPED
ORD003031,14/04/2026,Phoenix,JUICE10,3569.0,SHIPPED
ORD007997,2025-12-10,Detroit,JUICE10,1609.0,SHIPPED
ORD006815,2026-07-29,Boston,JUICE10,226.0,SHIPPED
ORD001134,2026-05-14,Los Angeles,JUICE10,3646.0,SHIPPED
ORD005135,2026-06-08,Seattle,STILL15,500.0,SHIPPED
ORD000979,25/09/2025,Los Angeles,TEA50,15787.0,SHIPPED
ORD000925,2026-03-24,Los Angeles,COLA33,141509.0,SHIPPED
ORD002642,04/08/2026, phoenix,STILL15,15724.0,SHIPPED
ORD008679,03/06/2026, san francisco,JUICE10,6691.0,SHIPPED
ORD006886,2026-04-08,Boston,ENER25,1364.0,SHIPPED
ORD001261,05/08/2026,Los Angeles,ENER25,47970.0,SHIPPED
ORD006469,22/04/2026,Boston,SPARK10,2130.0,SHIPPED
ORD002789,2026-01-13, phoenix,COLA33,32373.0,SHIPPED
ORD008607,02/10/2025,San Francisco,JUICE10,391.0,SHIPPED
ORD006548,11/02/2026,Boston ,COLA33,22681.0,SHIPPED
ORD005305,2026-03-03,Seattle,COLA33,18085.0,SHIPPED
ORD008282,2026-07-23,San Francisco,STILL15,10206.0,SHIPPED
ORD007020,03/07/2026, minneapolis,STILL15,6876.0,SHIPPED
ORD000416,17/07/2026,New York,TEA50,3689.0,SHIPPED
ORD002653,2025-09-25,Phoenix,SPARK10,1277.0,SHIPPED
ORD002945,2026-06-09,Phoenix,TEA50,3243.0,SHIPPED
ORD007971,2025-09-30,Detroit ,JUICE10,2814.0,SHIPPED
ORD003609,17/11/2025,Philadelphia,JUICE10,2906.0,SHIPPED
ORD008266,2026-05-18,San Francisco,STILL15,5440.0,SHIPPED
ORD005060,2026-08-12,Miami,ENER25,8454.0,SHIPPED
ORD004708,19/02/2026,Miami,COLA33,95818.0,SHIPPED
ORD007767,2025-10-23,Detroit ,COLA33,53406.0,SHIPPED
ORD007256,2025-11-25, minneapolis,TEA50,6185.0,SHIPPED
ORD001074,2025-09-26,Los Angeles,JUICE10,2957.0,SHIPPED
ORD008796,2026-07-01,San Francisco,ENER25,4567.0,SHIPPED
ORD008058,30/06/2026,DETROIT,JUICE10,8785.0,SHIPPED
ORD004282,2026-03-03,Atlanta,JUICE10,8857.0,SHIPPED
ORD007712,2026-03-20, detroit,SPARK10,1967.0,SHIPPED
ORD007231,2025-09-11,Minneapolis,TEA50,6111.0,SHIPPED
ORD000662,24/10/2025,LOS ANGELES,STILL15,5670.0,SHIPPED
ORD000423,14/08/2026,New York,TEA50,42064.0,SHIPPED
ORD000265,2026-02-16,New York,COLA33,109007.0,SHIPPED
ORD001100,26/12/2025,Los Angeles,JUICE10,17773.0,SHIPPED
ORD006073,29/05/2026,Denver,TEA50,19540.0,SHIPPED
ORD001808,23/10/2025, chicago,ENER25,36401.0,SHIPPED
ORD008832,31/07/2026,Boston,SPARK10,7860.0,CANCELLED
ORD008619,21/11/2025,San Francisco,JUICE10,5573.0,SHIPPED
ORD006088,2026-07-30,Denver,TEA50,8995.0,SHIPPED
ORD008149,2026-04-30,DETROIT,ENER25,16447.0,SHIPPED
ORD005745,2026-04-15,Denver,STILL15,7023.0,SHIPPED
ORD001508,2025-12-08,Chicago ,COLA33,31167.0,SHIPPED
ORD000123,2025-11-04,New York,SPARK10,6149.0,SHIPPED
ORD007746,2026-07-30,DETROIT,SPARK10,13828.0,SHIPPED
ORD003743,05/02/2026,Philadelphia,ENER25,28436.0,SHIPPED
ORD002202,2026-07-20,HOUSTON,COLA33,65763.0,SHIPPED
ORD000989,2025-10-28,Los Angeles,TEA50,2791.0,SHIPPED
ORD007937,01/06/2026,Detroit,TEA50,18974.0,SHIPPED
ORD004676,2025-11-06,Miami,COLA33,59475.0,SHIPPED
ORD003088,2025-11-13,Phoenix,ENER25,3360.0,SHIPPED
ORD006151,2026-02-25, denver,JUICE10,4808.0,SHIPPED
ORD005936,26/02/2026, denver,COLA33,62134.0,SHIPPED
ORD008076,2026-08-27,Detroit,JUICE10,3385.0,SHIPPED
ORD005364,2025-09-29,SEATTLE,TEA50,9828.0,SHIPPED
ORD007255,21/11/2025, minneapolis,TEA50,1852.0,SHIPPED
ORD000420,2026-07-30,New York,TEA50,31577.0,SHIPPED
ORD004566,07/10/2025,Miami,SPARK10,4948.0,SHIPPED
ORD003635,2026-02-19, philadelphia,JUICE10,136.0,SHIPPED
ORD000382,2026-04-10,NEW YORK,TEA50,753.0,SHIPPED
ORD006180,2026-06-03,Denver,JUICE10,3064.0,SHIPPED
ORD006408,2025-10-23,Boston,SPARK10,6762.0,SHIPPED
ORD003508,2025-11-20,Philadelphia,TEA50,27455.0,SHIPPED
ORD000223,2025-10-01,New York,COLA33,16175.0,SHIPPED
ORD001489,10/10/2025, chicago,COLA33,133717.0,SHIPPED
ORD004959,20/08/2026,Miami,JUICE10,323.0,SHIPPED
ORD007515,2026-05-20,MINNEAPOLIS,ENER25,7900.0,SHIPPED
ORD003843,23/01/2026,Atlanta,STILL15,3286.0,SHIPPED
ORD003564,02/06/2026,Philadelphia,TEA50,32215.0,SHIPPED
ORD007077,2026-01-22,Minneapolis,SPARK10,3701.0,SHIPPED
ORD008721,2025-10-20,San Francisco,ENER25,5668.0,SHIPPED
ORD004663,2025-09-25,Miami ,COLA33,98494.0,SHIPPED
ORD007627,2026-05-18,Detroit,STILL15,6380.0,SHIPPED
ORD003834,2025-12-12,Atlanta,STILL15,340.0,SHIPPED
ORD007865,2025-09-25,Detroit,TEA50,2318.0,SHIPPED
ORD003751,2026-03-02,Philadelphia,ENER25,17526.0,SHIPPED
ORD001917,2025-10-29,Houston ,STILL15,3725.0,SHIPPED
ORD004029,2025-10-13,Atlanta ,COLA33,2285.0,SHIPPED
ORD005607,2026-01-05,SEATTLE,ENER25,2259.0,SHIPPED
ORD001263,2026-08-14,Los Angeles,ENER25,4141.0,SHIPPED
ORD004600,05/02/2026,Miami,SPARK10,10427.0,SHIPPED
ORD003763,2026-04-07,PHILADELPHIA,ENER25,10574.0,SHIPPED
ORD000722,06/05/2026,Los Angeles,STILL15,4266.0,SHIPPED
ORD002396,09/06/2026,Houston,JUICE10,873.0,SHIPPED
ORD003347,2026-04-02,PHILADELPHIA,SPARK10,1990.0,SHIPPED
ORD004508,2026-03-26,Miami,STILL15,4942.0,SHIPPED
ORD005069,26/09/2025,Seattle,STILL15,3828.0,SHIPPED
ORD007908,04/03/2026,Detroit,TEA50,9872.0,SHIPPED
ORD001588,2025-09-05,Chicago,TEA50,34675.0,SHIPPED
ORD003877,13/05/2026,Atlanta,STILL15,18003.0,SHIPPED
ORD008160,10/06/2026, detroit,ENER25,11015.0,SHIPPED
ORD006660,18/03/2026,BOSTON,TEA50,2464.0,SHIPPED
ORD006349,20/03/2026,Boston,STILL15,849.0,SHIPPED
ORD003859,20/03/2026,Atlanta,STILL15,14815.0,SHIPPED
ORD007376,26/01/2026,Minneapolis,JUICE10,1548.0,SHIPPED
ORD006374,2026-06-19,Boston,STILL15,19687.0,SHIPPED
ORD002693,06/02/2026,Phoenix,SPARK10,12846.0,SHIPPED
ORD001735,2026-02-02,CHICAGO,JUICE10,10803.0,SHIPPED
ORD002895,21/01/2026,Phoenix,TEA50,1385.0,SHIPPED
ORD004855,2026-08-18, miami,TEA50,2095.0,SHIPPED
ORD008641,2026-01-30,San Francisco,JUICE10,4664.0,SHIPPED
ORD007099,2026-04-15,Minneapolis,SPARK10,12888.0,SHIPPED
ORD006942,2025-10-22,Minneapolis,STILL15,1600.0,SHIPPED
ORD003927,27/10/2025, atlanta,SPARK10,1928.0,SHIPPED
ORD008759,2026-03-02,SAN FRANCISCO,ENER25,27669.0,SHIPPED
ORD003296,2025-10-03,Philadelphia,SPARK10,7769.0,SHIPPED
ORD001782,21/07/2026,CHICAGO,JUICE10,4431.0,SHIPPED
ORD002219,2025-09-25, houston,TEA50,6301.0,SHIPPED
ORD005937,2026-02-23,Denver ,COLA33,2907.0,SHIPPED
ORD005231,10/06/2026,Seattle ,SPARK10,4144.0,SHIPPED
ORD006251,18/03/2026,Denver,ENER25,1740.0,SHIPPED
ORD005938,2026-03-04,Denver,COLA33,20783.0,SHIPPED
ORD007524,2026-06-18,Minneapolis,ENER25,16399.0,SHIPPED
ORD004082,2026-04-06,Atlanta,COLA33,23464.0,SHIPPED
ORD005783,2026-08-21,DENVER,STILL15,1175.0,SHIPPED
ORD005525,01/05/2026, seattle,JUICE10,4922.0,SHIPPED
ORD002394,2026-06-01,Houston,JUICE10,9456.0,SHIPPED
ORD003574,14/07/2026,PHILADELPHIA,TEA50,22099.0,SHIPPED
ORD006254,24/03/2026,Denver ,ENER25,2799.0,SHIPPED
ORD008620,2025-11-18,San Francisco,JUICE10,66.0,SHIPPED
ORD003522,15/01/2026,Philadelphia,TEA50,789.0,SHIPPED
ORD003922,2025-10-15, atlanta,SPARK10,19407.0,SHIPPED
ORD006592,2026-06-30,BOSTON,COLA33,89234.0,SHIPPED
ORD008295,2025-09-11,SAN FRANCISCO,SPARK10,8665.0,SHIPPED
ORD000734,19/06/2026,Los Angeles,STILL15,16922.0,SHIPPED
ORD004022,11/09/2025,Atlanta,COLA33,10616.0,SHIPPED
ORD008814,2026-08-25,SAN FRANCISCO,ENER25,4053.0,SHIPPED
ORD004281,25/02/2026,Atlanta ,JUICE10,12178.0,SHIPPED
ORD006079,2026-06-15, denver,TEA50,8126.0,SHIPPED
ORD001918,06/11/2025,Houston,STILL15,4595.0,SHIPPED
ORD003000,07/01/2026,Phoenix,JUICE10,5286.0,SHIPPED
ORD005532,2026-05-12,Seattle,JUICE10,3212.0,SHIPPED
ORD007660,2025-09-11,Detroit,SPARK10,2487.0,SHIPPED
ORD001067,2026-08-26,Los Angeles,TEA50,39259.0,SHIPPED
ORD005590,2025-11-21,Seattle,ENER25,2356.0,SHIPPED
ORD000353,25/12/2025,New York,TEA50,4622.0,SHIPPED
ORD000060,2026-04-15,NEW YORK,STILL15,28760.0,SHIPPED
ORD005434,29/05/2026,Seattle,TEA50,11629.0,SHIPPED
ORD008213,2025-12-05,San Francisco ,STILL15,2640.0,SHIPPED
ORD005991,2025-09-01, denver,TEA50,548.0,SHIPPED
ORD003607,2025-11-10,PHILADELPHIA,JUICE10,1323.0,SHIPPED
ORD004909,24/02/2026,MIAMI,JUICE10,7625.0,SHIPPED
ORD005046,2026-07-02,Miami,ENER25,26765.0,SHIPPED
ORD006865,2026-01-30,BOSTON,ENER25,13228.0,SHIPPED
ORD001633,2026-01-29,Chicago,TEA50,26145.0,SHIPPED
ORD005701,03/12/2025,Denver ,STILL15,19936.0,SHIPPED
ORD000725,19/05/2026,Los Angeles,STILL15,809.0,SHIPPED
ORD000771,2025-10-29,Los Angeles ,SPARK10,14027.0,SHIPPED
ORD001030,2026-04-07,Los Angeles,TEA50,10410.0,SHIPPED
ORD001771,2026-06-08,Chicago ,JUICE10,6754.0,SHIPPED
ORD007567,2025-11-06,Detroit,STILL15,5930.0,SHIPPED
ORD007397,2026-04-06, minneapolis,JUICE10,4321.0,SHIPPED
ORD005663,2026-07-24,Seattle ,ENER25,17237.0,SHIPPED
ORD005237,2026-06-26,Seattle,SPARK10,4950.0,SHIPPED
ORD000819,07/04/2026,Los Angeles,SPARK10,16618.0,SHIPPED
ORD006947,2025-11-13,Minneapolis,STILL15,2423.0,SHIPPED
ORD001510,10/12/2025,Chicago,COLA33,73654.0,SHIPPED
ORD007801,2026-02-05, detroit,COLA33,847.0,SHIPPED
ORD008990,11/08/2026,Los Angeles,COLA33,8818.0,CANCELLED
ORD004874,21/10/2025, miami,JUICE10,4047.0,SHIPPED
ORD008361,25/05/2026,San Francisco,SPARK10,8691.0,SHIPPED
ORD008515,14/11/2025,SAN FRANCISCO,TEA50,1140.0,SHIPPED
ORD000248,2025-12-23,New York,COLA33,46303.0,SHIPPED
ORD002819,2026-04-21,Phoenix,COLA33,58745.0,SHIPPED
ORD006634,2025-12-08, boston,TEA50,4541.0,SHIPPED
ORD007315,29/06/2026,MINNEAPOLIS,TEA50,13596.0,SHIPPED
ORD008336,2026-02-27,San Francisco,SPARK10,3562.0,SHIPPED
ORD008355,2026-05-06,San Francisco,SPARK10,1308.0,SHIPPED
ORD006962,27/01/2026,Minneapolis,STILL15,3957.0,SHIPPED
ORD003968,2026-03-30,Atlanta,SPARK10,10698.0,SHIPPED
ORD001818,2025-11-28,Chicago,ENER25,43162.0,SHIPPED
ORD005540,09/06/2026,Seattle,JUICE10,5657.0,SHIPPED
ORD007882,2025-11-21,Detroit,TEA50,674.0,SHIPPED
ORD000874,01/10/2025,LOS ANGELES,COLA33,14750.0,SHIPPED
ORD005566,08/09/2025,Seattle,ENER25,6588.0,SHIPPED
ORD008880,2026-05-21,Boston,ENER25,5321.0,CANCELLED
ORD007733,2026-06-03,Detroit,SPARK10,2564.0,SHIPPED
ORD006730,17/11/2025,Boston,JUICE10,1883.0,SHIPPED
ORD004471,02/12/2025,Miami ,STILL15,21962.0,SHIPPED
ORD008439,2026-02-02,San Francisco,COLA33,6784.0,SHIPPED
ORD002165,2026-03-27,Houston,COLA33,39785.0,SHIPPED
ORD002899,28/01/2026,PHOENIX,TEA50,4284.0,SHIPPED
ORD002914,17/03/2026,Phoenix,TEA50,14073.0,SHIPPED
ORD000153,2026-02-11,New York,SPARK10,2586.0,SHIPPED
ORD002824,2026-05-19,Phoenix ,COLA33,91568.0,SHIPPED
ORD005105,26/02/2026,Seattle,STILL15,2556.0,SHIPPED
ORD000130,27/11/2025,New York,SPARK10,21215.0,SHIPPED
ORD000602,2026-03-23,New York,ENER25,1138.0,SHIPPED
ORD008545,10/03/2026,San Francisco,TEA50,18179.0,SHIPPED
ORD002003,11/09/2025,Houston,SPARK10,350.0,SHIPPED
ORD003730,22/12/2025,Philadelphia,ENER25,30018.0,SHIPPED
ORD007898,2026-01-16,DETROIT,TEA50,7739.0,SHIPPED
ORD003785,03/07/2026,Philadelphia,ENER25,13942.0,SHIPPED
ORD000630,2026-06-25,New York,ENER25,5049.0,SHIPPED
ORD007378,28/01/2026,Minneapolis,JUICE10,4689.0,SHIPPED
ORD006635,10/12/2025,Boston,TEA50,17896.0,SHIPPED
ORD008682,2026-06-08,San Francisco,JUICE10,4696.0,SHIPPED
ORD000933,20/04/2026,Los Angeles,COLA33,59169.0,SHIPPED
ORD002103,2026-08-24, houston,SPARK10,3242.0,SHIPPED
ORD003192,2025-11-04,PHILADELPHIA,STILL15,15773.0,SHIPPED
ORD000125,2025-11-12,New York,SPARK10,6983.0,SHIPPED
ORD000208,2026-08-04, new york,SPARK10,33213.0,SHIPPED
ORD008787,08/06/2026,San Francisco,ENER25,14130.0,SHIPPED
ORD000891,27/11/2025,Los Angeles,COLA33,91706.0,SHIPPED
ORD004134,2025-10-17, atlanta,TEA50,19627.0,SHIPPED
ORD005612,2026-02-02,SEATTLE,ENER25,2174.0,SHIPPED
ORD003442,2026-03-06,Philadelphia,COLA33,18722.0,SHIPPED
ORD004319,2026-07-08,Atlanta,JUICE10,509.0,SHIPPED
ORD006279,2026-07-06,Denver,ENER25,4282.0,SHIPPED
ORD007684,2025-12-19,Detroit,SPARK10,9124.0,SHIPPED
ORD000330,2025-10-17,New York,TEA50,31869.0,SHIPPED
ORD001535,2026-03-06,Chicago,COLA33,33921.0,SHIPPED
ORD008413,2025-11-28,San Francisco ,COLA33,22279.0,SHIPPED
ORD008816,2026-05-15,Minneapolis,TEA50,4740.0,CANCELLED
ORD005421,2026-04-20,Seattle,TEA50,288.0,SHIPPED
ORD003075,2025-09-15,Phoenix,ENER25,25133.0,SHIPPED
ORD002725,2026-06-02, phoenix,SPARK10,10132.0,SHIPPED
ORD004762,2025-09-16,Miami,TEA50,10767.0,SHIPPED
ORD004230,2025-09-11,Atlanta,JUICE10,5152.0,SHIPPED
ORD006170,2026-04-28,Denver ,JUICE10,9505.0,SHIPPED
ORD000644,2025-09-12,Los Angeles,STILL15,4362.0,SHIPPED
ORD005934,2026-02-19, denver,COLA33,14153.0,SHIPPED
ORD004056,2026-01-08,Atlanta,COLA33,7403.0,SHIPPED
ORD001423,2026-02-11,Chicago,SPARK10,8921.0,SHIPPED
ORD003143,19/05/2026,Phoenix,ENER25,7204.0,SHIPPED
ORD005217,2026-04-22,Seattle,SPARK10,15753.0,SHIPPED
ORD001495,2025-10-31, chicago,COLA33,44607.0,SHIPPED
ORD006409,29/10/2025,Boston,SPARK10,16664.0,SHIPPED
ORD006420,2025-11-25,Boston,SPARK10,4798.0,SHIPPED
ORD008847,2026-06-22,Chicago ,COLA33,1377.0,CANCELLED
ORD008003,02/01/2026,Detroit ,JUICE10,3081.0,SHIPPED
ORD001674,2026-06-24,Chicago,TEA50,19677.0,SHIPPED
ORD006283,2026-07-22,Denver,ENER25,3327.0,SHIPPED
ORD001916,2025-10-31,Houston,STILL15,24357.0,SHIPPED
ORD008495,2025-09-03,San Francisco,TEA50,21373.0,SHIPPED
ORD005161,2025-09-16,Seattle,SPARK10,2808.0,SHIPPED
ORD002438,21/10/2025,Houston,ENER25,18351.0,SHIPPED
ORD007689,2025-12-30,Detroit,SPARK10,1386.0,SHIPPED
ORD002392,2026-05-26,Houston,JUICE10,14441.0,SHIPPED
ORD003929,2025-11-03,Atlanta,SPARK10,17945.0,SHIPPED
ORD005553,2026-08-06,Seattle,JUICE10,3933.0,SHIPPED
ORD006721,13/10/2025,BOSTON,JUICE10,8714.0,SHIPPED
ORD001817,2025-11-20,Chicago,ENER25,14496.0,SHIPPED
ORD001431,2026-03-20,Chicago,SPARK10,5972.0,SHIPPED
ORD006538,2025-12-23,Boston,COLA33,8522.0,SHIPPED
ORD005533,2026-05-22,Seattle,JUICE10,12368.0,SHIPPED
ORD002740,20/07/2026, phoenix,SPARK10,16715.0,SHIPPED
ORD007571,2025-11-11,Detroit,STILL15,2469.0,SHIPPED
ORD001317,10/02/2026,Chicago ,STILL15,21108.0,SHIPPED
ORD001675,2026-07-02,Chicago,TEA50,14741.0,SHIPPED
ORD003761,2026-03-30,Philadelphia,ENER25,31659.0,SHIPPED
ORD005373,2025-10-30,Seattle,TEA50,297.0,SHIPPED
ORD001111,2026-02-06,Los Angeles,JUICE10,13146.0,SHIPPED
ORD002690,29/01/2026,Phoenix,SPARK10,13332.0,SHIPPED
ORD008435,29/01/2026,San Francisco,COLA33,16427.0,SHIPPED
ORD002038,2026-02-06,Houston,SPARK10,11454.0,SHIPPED
ORD008415,2025-12-03,San Francisco,COLA33,16671.0,SHIPPED
ORD007358,24/11/2025,Minneapolis,JUICE10,296.0,SHIPPED
ORD006419,2025-11-28,BOSTON,SPARK10,7823.0,SHIPPED
ORD002516,2026-06-08,Houston,ENER25,276.0,SHIPPED
ORD008612,22/10/2025,San Francisco,JUICE10,3522.0,SHIPPED
ORD008790,18/06/2026,San Francisco,ENER25,27156.0,SHIPPED
ORD002763,2025-10-17,Phoenix,COLA33,10291.0,SHIPPED
ORD004993,2025-12-24,Miami,ENER25,10729.0,SHIPPED
ORD006993,20/04/2026, minneapolis,STILL15,568.0,SHIPPED
ORD008815,2026-04-02,San Francisco ,ENER25,1637.0,CANCELLED
ORD004426,01/07/2026,Atlanta,ENER25,31683.0,SHIPPED
ORD000546,2025-09-23,New York,ENER25,47341.0,SHIPPED
ORD008986,2025-12-26,Boston,TEA50,18427.0,CANCELLED
ORD004543,13/07/2026,Miami,STILL15,1549.0,SHIPPED
ORD005845,01/04/2026,Denver,SPARK10,2361.0,SHIPPED
ORD005696,20/11/2025,Denver,STILL15,3983.0,SHIPPED
ORD000560,2025-11-12,New York,ENER25,46248.0,SHIPPED
ORD004501,2026-03-03,Miami,STILL15,8008.0,SHIPPED
ORD002440,22/10/2025,Houston,ENER25,9563.0,SHIPPED
ORD002161,12/03/2026,HOUSTON,COLA33,16427.0,SHIPPED
ORD001202,2025-12-24,Los Angeles,ENER25,14394.0,SHIPPED
ORD000313,2026-08-21,New York,COLA33,21641.0,SHIPPED
ORD008454,17/04/2026,San Francisco,COLA33,89539.0,SHIPPED
ORD001878,2026-06-11,Chicago,ENER25,37422.0,SHIPPED
ORD001838,02/02/2026,Chicago,ENER25,30121.0,SHIPPED
ORD001995,2026-08-10, houston,STILL15,13005.0,SHIPPED
ORD006873,2026-02-26,Boston,ENER25,3433.0,SHIPPED
ORD002124,2025-10-27,Houston,COLA33,90220.0,SHIPPED
ORD006501,25/08/2026,Boston,SPARK10,9960.0,SHIPPED
ORD004379,2026-01-14,Atlanta ,ENER25,18448.0,SHIPPED
ORD002090,2026-07-21, houston,SPARK10,6528.0,SHIPPED
ORD001638,12/02/2026,Chicago,TEA50,19196.0,SHIPPED
ORD005824,2026-01-19,Denver ,SPARK10,462.0,SHIPPED
ORD002678,2025-12-12,Phoenix,SPARK10,5700.0,SHIPPED
ORD005584,2025-10-27,Seattle,ENER25,11753.0,SHIPPED
ORD003364,2026-05-28,Philadelphia,SPARK10,1063.0,SHIPPED
ORD002884,2025-12-18,Phoenix,TEA50,8861.0,SHIPPED
ORD002137,2025-12-17,Houston,COLA33,65550.0,SHIPPED
ORD007424,13/07/2026,Minneapolis,JUICE10,2626.0,SHIPPED
ORD000862,20/08/2026,Los Angeles ,SPARK10,6783.0,SHIPPED
ORD006178,04/06/2026,Denver,JUICE10,2908.0,SHIPPED
ORD004039,14/11/2025,Atlanta,COLA33,45136.0,SHIPPED
ORD006866,02/02/2026,Boston,ENER25,21664.0,SHIPPED
ORD001332,2026-03-30,Chicago,STILL15,5283.0,SHIPPED
ORD002663,2025-10-29,PHOENIX,SPARK10,576.0,SHIPPED
ORD007782,11/12/2025,Detroit,COLA33,57343.0,SHIPPED
ORD000419,28/07/2026,NEW YORK,TEA50,15558.0,SHIPPED
ORD001796,2025-09-09,Chicago,ENER25,5237.0,SHIPPED
ORD006897,2026-05-13,Boston,ENER25,30832.0,SHIPPED
ORD003051,30/06/2026,Phoenix,JUICE10,10694.0,SHIPPED
ORD007726,18/05/2026,Detroit,SPARK10,7194.0,SHIPPED
ORD004807,16/03/2026,MIAMI,TEA50,26244.0,SHIPPED
ORD004639,2026-06-22,Miami,SPARK10,3848.0,SHIPPED
ORD002845,2026-07-24,Phoenix,COLA33,43098.0,SHIPPED
ORD006351,24/03/2026, boston,STILL15,14239.0,SHIPPED
ORD003903,2026-08-10,Atlanta,STILL15,5946.0,SHIPPED
ORD008889,2025-09-19,PHILADELPHIA,STILL15,2620.0,CANCELLED
ORD002859,18/09/2025,PHOENIX,TEA50,23080.0,SHIPPED
ORD007671,2025-10-31,Detroit,SPARK10,7551.0,SHIPPED
ORD005945,2026-04-03,Denver,COLA33,28021.0,SHIPPED
ORD003795,2026-08-04,PHILADELPHIA,ENER25,19944.0,SHIPPED
ORD005257,18/09/2025,SEATTLE,COLA33,60601.0,SHIPPED
ORD008018,2026-02-11,Detroit,JUICE10,2897.0,SHIPPED
ORD001021,2026-02-26, los angeles,TEA50,4689.0,SHIPPED
ORD006064,2026-04-27,Denver,TEA50,3720.0,SHIPPED
ORD006125,28/11/2025,Denver,JUICE10,1372.0,SHIPPED
ORD007002,2026-05-15,Minneapolis,STILL15,8088.0,SHIPPED
ORD007367,2025-12-23,Minneapolis,JUICE10,1134.0,SHIPPED
ORD004860,2025-09-04,Miami,JUICE10,1153.0,SHIPPED
ORD001787,13/08/2026,Chicago,JUICE10,949.0,SHIPPED
ORD008992,06/10/2025,SEATTLE,,1813.0,SHIPPED
ORD006472,28/04/2026, boston,SPARK10,3302.0,SHIPPED
ORD003087,2025-11-05,Phoenix,ENER25,19803.0,SHIPPED
ORD008851,2026-07-29,Houston,STILL15,13509.0,CANCELLED
ORD001591,2025-09-16,Chicago,TEA50,14209.0,SHIPPED
ORD006900,2026-05-21,Boston,ENER25,5078.0,SHIPPED
ORD002002,2025-09-11,Houston,SPARK10,15084.0,SHIPPED
ORD001162,21/08/2026,LOS ANGELES,JUICE10,4633.0,SHIPPED
ORD006504,2025-09-02,Boston,COLA33,11322.0,SHIPPED
ORD007940,2026-06-15, detroit,TEA50,3190.0,SHIPPED
ORD005329,04/06/2026,Seattle,COLA33,7093.0,SHIPPED
ORD004763,26/09/2025,Miami,TEA50,7010.0,SHIPPED
ORD006345,2026-03-02,Boston,STILL15,14516.0,SHIPPED
ORD000124,10/11/2025,New York,SPARK10,1031.0,SHIPPED
ORD003944,2025-12-23,Atlanta,SPARK10,11312.0,SHIPPED
ORD000095,11/08/2026,New York,STILL15,1952.0,SHIPPED
ORD007778,2025-12-04,Detroit ,COLA33,6536.0,SHIPPED
ORD004000,06/07/2026,Atlanta,SPARK10,11957.0,SHIPPED
ORD003626,2026-01-19,Philadelphia,JUICE10,3283.0,SHIPPED
ORD003242,08/04/2026,Philadelphia,STILL15,864.0,SHIPPED
ORD006034,2026-02-12,Denver ,TEA50,17223.0,SHIPPED
ORD002073,2026-05-25,Houston,SPARK10,5338.0,SHIPPED
ORD008720,2025-10-14,San Francisco,ENER25,16974.0,SHIPPED
ORD007225,2026-08-28,Minneapolis,COLA33,23509.0,SHIPPED
ORD007218,29/07/2026,Minneapolis,COLA33,54414.0,SHIPPED
ORD008618,2025-11-10, san francisco,JUICE10,4126.0,SHIPPED
ORD003771,2026-05-13,Philadelphia,ENER25,9957.0,SHIPPED
ORD006912,2026-06-30,Boston,ENER25,9983.0,SHIPPED
ORD008064,2026-07-21,Detroit,JUICE10,9193.0,SHIPPED
ORD000315,2026-08-19,New York,COLA33,5145.0,SHIPPED
ORD003951,2026-01-15,Atlanta,SPARK10,21011.0,SHIPPED
ORD000822,2026-04-14,Los Angeles,SPARK10,2216.0,SHIPPED
ORD003234,2026-03-18,Philadelphia,STILL15,16153.0,SHIPPED
ORD000858,04/08/2026,Los Angeles,SPARK10,13456.0,SHIPPED
ORD003267,29/06/2026,Philadelphia,STILL15,13306.0,SHIPPED
ORD004099,2026-06-19,Atlanta,COLA33,64613.0,SHIPPED
ORD007783,16/12/2025,Detroit,COLA33,32989.0,SHIPPED
ORD005961,2026-05-21,Denver,COLA33,31699.0,SHIPPED
ORD002024,09/12/2025,Houston,SPARK10,17773.0,SHIPPED
ORD004866,01/10/2025,Miami,JUICE10,7905.0,SHIPPED
ORD001501,14/11/2025,Chicago,COLA33,34180.0,SHIPPED
ORD001547,16/04/2026,Chicago,COLA33,122302.0,SHIPPED
ORD008126,2026-02-04,Detroit,ENER25,1692.0,SHIPPED
ORD008621,18/11/2025, san francisco,JUICE10,2235.0,SHIPPED
ORD005968,2026-06-17,Denver,COLA33,28038.0,SHIPPED
ORD004804,10/03/2026,Miami,TEA50,1240.0,SHIPPED
ORD000976,2025-09-18,Los Angeles,TEA50,26712.0,SHIPPED
ORD007947,2026-07-14,Detroit,TEA50,14810.0,SHIPPED
ORD005184,2026-01-02,Seattle,SPARK10,6472.0,SHIPPED
ORD008925,2025-09-01,Detroit,ENER25,5008.0,CANCELLED
ORD001689,2026-08-11,Chicago,TEA50,1752.0,SHIPPED
ORD004450,2025-09-16,MIAMI,STILL15,8187.0,SHIPPED
ORD006329,2025-12-31,Boston,STILL15,11089.0,SHIPPED
ORD008078,01/09/2025,Detroit ,ENER25,23572.0,SHIPPED
ORD008678,2026-05-27,SAN FRANCISCO,JUICE10,3149.0,SHIPPED
ORD005294,2026-01-26,Seattle,COLA33,73770.0,SHIPPED
ORD005595,04/12/2025,Seattle,ENER25,15355.0,SHIPPED
ORD003596,07/10/2025,Philadelphia,JUICE10,16210.0,SHIPPED
ORD008957,2026-02-09,Miami,STILL15,14006.0,CANCELLED
ORD000797,20/01/2026,Los Angeles,SPARK10,30491.0,SHIPPED
ORD004917,2026-03-18,Miami ,JUICE10,8404.0,SHIPPED
ORD002893,2026-01-13,Phoenix,TEA50,3149.0,SHIPPED
ORD005241,2026-07-07,Seattle,SPARK10,2012.0,SHIPPED
ORD001883,2026-07-03,Chicago,ENER25,33977.0,SHIPPED
ORD002445,2025-11-17,Houston,ENER25,27669.0,SHIPPED
ORD006294,2026-08-27,Denver,ENER25,1232.0,SHIPPED
ORD007465,27/11/2025,MINNEAPOLIS,ENER25,7600.0,SHIPPED
ORD001717,24/11/2025,Chicago,JUICE10,13998.0,SHIPPED
ORD004137,2025-10-23,Atlanta,TEA50,22571.0,SHIPPED
ORD003790,2026-07-15,PHILADELPHIA,ENER25,11194.0,SHIPPED
ORD005682,01/10/2025,Denver,STILL15,1800.0,SHIPPED
ORD008044,2026-05-14, detroit,JUICE10,5784.0,SHIPPED
ORD000873,2025-09-26,Los Angeles ,COLA33,98521.0,SHIPPED
ORD000748,2026-07-24,Los Angeles,STILL15,23514.0,SHIPPED
ORD002513,04/06/2026,Houston,ENER25,36196.0,SHIPPED
ORD007199,2026-05-13,Minneapolis,COLA33,46895.0,SHIPPED
ORD006114,2025-10-22, denver,JUICE10,4241.0,SHIPPED
ORD001241,2026-05-29,Los Angeles,ENER25,67232.0,SHIPPED
ORD002928,2026-04-22,Phoenix,TEA50,4385.0,SHIPPED
ORD001215,2026-02-17,Los Angeles ,ENER25,30809.0,SHIPPED
ORD004166,30/01/2026,Atlanta,TEA50,12941.0,SHIPPED
ORD004888,2025-12-26,Miami,JUICE10,5584.0,SHIPPED
ORD002367,2026-02-24,Houston,JUICE10,9535.0,SHIPPED
ORD004343,2025-09-08,Atlanta,ENER25,7503.0,SHIPPED
ORD008728,2025-11-04,San Francisco ,ENER25,1200.0,SHIPPED
ORD007607,16/03/2026,Detroit,STILL15,13549.0,SHIPPED
ORD003601,2025-10-20,Philadelphia,JUICE10,7249.0,SHIPPED
ORD007170,2026-01-29,Minneapolis,COLA33,67574.0,SHIPPED
ORD002021,2025-11-28,Houston,SPARK10,7438.0,SHIPPED
ORD002224,2025-10-17,Houston,TEA50,10582.0,SHIPPED
ORD003467,05/06/2026,PHILADELPHIA,COLA33,57548.0,SHIPPED
ORD002527,2026-07-24,HOUSTON,ENER25,38810.0,SHIPPED
ORD001611,2025-11-20,Chicago ,TEA50,10462.0,SHIPPED
ORD008134,2026-03-02,Detroit,ENER25,9803.0,SHIPPED
ORD001564,2026-06-18,Chicago,COLA33,73244.0,SHIPPED
ORD000586,2026-02-05,New York,ENER25,18205.0,SHIPPED
ORD007076,16/01/2026,Minneapolis,SPARK10,12923.0,SHIPPED
ORD007215,2026-07-23,Minneapolis,COLA33,2540.0,SHIPPED
ORD002116,2025-09-29,Houston ,COLA33,51176.0,SHIPPED
ORD005952,2026-04-13,Denver ,COLA33,1604.0,SHIPPED
ORD008205,2025-11-11,San Francisco,STILL15,15321.0,SHIPPED
ORD008081,2025-09-19, detroit,ENER25,27301.0,SHIPPED
ORD006825,2025-09-12,Boston ,ENER25,3254.0,SHIPPED
ORD007131,2026-08-14,Minneapolis,SPARK10,9848.0,SHIPPED
ORD004591,2025-12-26,Miami,SPARK10,15904.0,SHIPPED
ORD002526,2026-07-15,Houston,ENER25,22583.0,SHIPPED
ORD007082,06/02/2026,MINNEAPOLIS,SPARK10,16506.0,SHIPPED
ORD003486,2026-08-12,Philadelphia,COLA33,44691.0,SHIPPED
ORD005869,2026-06-23,Denver,SPARK10,13595.0,SHIPPED
ORD003106,2026-01-15,Phoenix,ENER25,9261.0,SHIPPED
ORD008711,2025-09-19,San Francisco ,ENER25,8050.0,SHIPPED
ORD005949,2026-04-09, denver,COLA33,52723.0,SHIPPED
ORD001012,2026-01-30,Los Angeles,TEA50,10387.0,SHIPPED
ORD007805,2026-02-16,Detroit ,COLA33,49263.0,SHIPPED
ORD002351,09/01/2026,Houston,JUICE10,1412.0,SHIPPED
ORD003701,2025-09-08,Philadelphia,ENER25,14578.0,SHIPPED
ORD000129,2025-11-20,New York,SPARK10,16588.0,SHIPPED
ORD001988,24/07/2026,Houston,STILL15,8134.0,SHIPPED
ORD004669,16/10/2025,Miami,COLA33,89901.0,SHIPPED
ORD007276,2026-02-02,Minneapolis,TEA50,9019.0,SHIPPED
ORD002637,2026-07-16,Phoenix,STILL15,15205.0,SHIPPED
ORD001407,15/12/2025,Chicago,SPARK10,24422.0,SHIPPED
ORD004989,03/12/2025, miami,ENER25,15123.0,SHIPPED
ORD003249,2026-04-29,Philadelphia,STILL15,12920.0,SHIPPED
ORD008958,04/08/2026,Boston,TEA50,5287.0,CANCELLED
ORD006057,2026-04-07,Denver ,TEA50,6592.0,SHIPPED
ORD001365,17/07/2026,Chicago,STILL15,5702.0,SHIPPED
ORD000437,2025-10-03,New York,JUICE10,4208.0,SHIPPED
ORD008985,2026-07-24,Seattle,JUICE10,5465.0,CANCELLED
ORD002166,24/03/2026,Houston,COLA33,543.0,SHIPPED
ORD003149,05/06/2026,Phoenix ,ENER25,21107.0,SHIPPED
ORD008511,03/11/2025, san francisco,TEA50,12034.0,SHIPPED
ORD000577,2026-01-12,New York,ENER25,8939.0,SHIPPED
ORD007505,2026-04-20, minneapolis,ENER25,1715.0,SHIPPED
ORD001090,20/11/2025,Los Angeles,JUICE10,8209.0,SHIPPED
ORD001595,2025-09-25,Chicago,TEA50,18831.0,SHIPPED
ORD002077,17/06/2026,Houston,SPARK10,14809.0,SHIPPED
ORD002007,01/10/2025,Houston,SPARK10,27143.0,SHIPPED
ORD005640,2026-05-01,Seattle,ENER25,10605.0,SHIPPED
ORD006777,16/04/2026,Boston ,JUICE10,5954.0,SHIPPED
ORD000562,2025-11-26,New York,ENER25,12359.0,SHIPPED
ORD006519,24/10/2025,BOSTON,COLA33,2575.0,SHIPPED
ORD003328,2026-02-02,Philadelphia,SPARK10,16373.0,SHIPPED
ORD002071,2026-05-20,Houston,SPARK10,7443.0,SHIPPED
ORD001587,27/08/2026,Chicago,COLA33,29110.0,SHIPPED
ORD004267,2026-01-08,Atlanta,JUICE10,4765.0,SHIPPED
ORD000277,2026-03-26,New York,COLA33,131498.0,SHIPPED
ORD007770,2025-11-07,Detroit,COLA33,8413.0,SHIPPED
ORD008367,2026-06-19, san francisco,SPARK10,2386.0,SHIPPED
ORD005203,09/03/2026,Seattle,SPARK10,5226.0,SHIPPED
ORD000806,16/02/2026,Los Angeles,SPARK10,7125.0,SHIPPED
ORD001064,17/08/2026,Los Angeles,TEA50,15996.0,SHIPPED
ORD000753,2026-08-19,Los Angeles,STILL15,37201.0,SHIPPED
ORD005512,03/03/2026,Seattle,JUICE10,8917.0,SHIPPED
ORD008374,2026-07-02,San Francisco,SPARK10,2762.0,SHIPPED
ORD000779,26/11/2025,Los Angeles,SPARK10,19890.0,SHIPPED
ORD004374,29/12/2025,Atlanta,ENER25,22960.0,SHIPPED
ORD006868,13/02/2026,Boston,ENER25,338.0,SHIPPED
ORD004705,2026-02-12, miami,COLA33,1665.0,SHIPPED
ORD008396,19/09/2025,San Francisco,COLA33,73921.0,SHIPPED
ORD008981,2026-02-13,Seattle,SPARK10,5551.0,CANCELLED
ORD001001,15/12/2025,Los Angeles,TEA50,51793.0,SHIPPED
ORD000397,2026-05-18, new york,TEA50,29571.0,SHIPPED
ORD007120,06/07/2026,Minneapolis ,SPARK10,9658.0,SHIPPED
ORD007852,2026-08-14,Detroit ,COLA33,62241.0,SHIPPED
ORD000907,2026-01-14,Los Angeles,COLA33,50895.0,SHIPPED
ORD002538,2026-08-21, houston,ENER25,23158.0,SHIPPED
ORD006358,20/04/2026,Boston ,STILL15,20910.0,SHIPPED
ORD005499,2026-01-28,Seattle,JUICE10,10815.0,SHIPPED
ORD005572,2025-09-22,Seattle,ENER25,15830.0,SHIPPED
ORD000893,04/12/2025, los angeles,COLA33,83712.0,SHIPPED
ORD004270,2026-01-21,Atlanta,JUICE10,7397.0,SHIPPED
ORD004580,2025-11-21,Miami,SPARK10,23080.0,SHIPPED
ORD008352,2026-04-22, san francisco,SPARK10,68.0,SHIPPED
ORD007789,06/01/2026, detroit,COLA33,62210.0,SHIPPED
ORD004177,2026-03-12,Atlanta,TEA50,26050.0,SHIPPED
ORD000311,2026-08-13,New York,COLA33,141319.0,SHIPPED
ORD002223,2025-10-08,Houston,TEA50,35873.0,SHIPPED
ORD005753,2026-05-06, denver,STILL15,16228.0,SHIPPED
ORD006967,05/02/2026,Minneapolis,STILL15,3189.0,SHIPPED
ORD003616,16/12/2025,Philadelphia,JUICE10,332.0,SHIPPED
ORD003860,2026-03-23, atlanta,STILL15,7095.0,SHIPPED
ORD006780,27/04/2026,Boston,JUICE10,2830.0,SHIPPED
ORD004445,04/09/2025,Miami,STILL15,14612.0,SHIPPED
ORD003344,2026-03-20,PHILADELPHIA,SPARK10,1052.0,SHIPPED
ORD007381,2026-02-06,MINNEAPOLIS,JUICE10,3311.0,SHIPPED
ORD007955,2026-08-06,Detroit,TEA50,4613.0,SHIPPED
ORD002968,03/09/2025,Phoenix,JUICE10,3646.0,SHIPPED
ORD008602,2025-09-15,San Francisco,JUICE10,1218.0,SHIPPED
ORD006633,2025-12-01,Boston,TEA50,9334.0,SHIPPED
ORD002941,2026-06-04,Phoenix,TEA50,600.0,SHIPPED
ORD002466,2026-01-22,HOUSTON,ENER25,24231.0,SHIPPED
ORD005182,22/12/2025,Seattle,SPARK10,14327.0,SHIPPED
ORD003524,2026-01-22, philadelphia,TEA50,5398.0,SHIPPED
ORD004765,2025-09-30,Miami,TEA50,28312.0,SHIPPED
ORD007881,2025-11-18,Detroit,TEA50,7394.0,SHIPPED
ORD007859,2025-09-03,DETROIT,TEA50,100.0,SHIPPED
ORD000286,04/05/2026,New York,COLA33,78317.0,SHIPPED
ORD002101,17/08/2026,Houston ,SPARK10,19753.0,SHIPPED
ORD008670,2026-05-08,San Francisco,JUICE10,1317.0,SHIPPED
ORD002878,24/11/2025,Phoenix,TEA50,14559.0,SHIPPED
ORD008629,2025-12-22,San Francisco,JUICE10,527.0,SHIPPED
ORD005571,24/09/2025,Seattle,ENER25,8660.0,SHIPPED
ORD005024,13/04/2026,Miami,ENER25,17413.0,SHIPPED
ORD002791,12/01/2026, phoenix,COLA33,55413.0,SHIPPED
ORD005877,2026-07-23,Denver ,SPARK10,14545.0,SHIPPED
ORD001834,30/01/2026,Chicago,ENER25,4394.0,SHIPPED
ORD004190,23/04/2026,ATLANTA,TEA50,189.0,SHIPPED
ORD008623,25/11/2025,San Francisco,JUICE10,8465.0,SHIPPED
ORD006779,2026-04-21,Boston,JUICE10,10330.0,SHIPPED
ORD007512,2026-05-07,Minneapolis,ENER25,20423.0,SHIPPED
ORD001245,2026-06-05,Los Angeles,ENER25,21561.0,SHIPPED
ORD002436,2025-10-13,Houston,ENER25,38852.0,SHIPPED
ORD001486,2025-10-01,Chicago,COLA33,16751.0,SHIPPED
ORD001497,2025-11-05,Chicago,COLA33,20237.0,SHIPPED
ORD006046,19/03/2026,Denver,TEA50,3852.0,SHIPPED
ORD004776,12/11/2025,Miami,TEA50,14767.0,SHIPPED
ORD005879,2026-08-03,Denver,SPARK10,5099.0,SHIPPED
ORD008590,14/08/2026,San Francisco,TEA50,3196.0,SHIPPED
ORD006861,2026-01-13,Boston ,ENER25,21662.0,SHIPPED
ORD008560,29/04/2026,San Francisco,TEA50,1879.0,SHIPPED
ORD005653,2026-06-12,Seattle,ENER25,18424.0,SHIPPED
ORD006234,2026-01-08,Denver,ENER25,1907.0,SHIPPED
ORD006130,10/12/2025,Denver,JUICE10,6497.0,SHIPPED
ORD005534,2026-05-26,Seattle,JUICE10,5217.0,SHIPPED
ORD007534,24/07/2026,Minneapolis,ENER25,28254.0,SHIPPED
ORD001308,2026-01-07,Chicago,STILL15,5499.0,SHIPPED
ORD004784,2025-12-26,Miami,TEA50,19708.0,SHIPPED
ORD007658,2025-09-05,Detroit,SPARK10,4844.0,SHIPPED
ORD006322,05/12/2025,Boston,STILL15,3412.0,SHIPPED
ORD006562,2026-04-02,Boston,COLA33,1297.0,SHIPPED
ORD006006,23/10/2025,Denver,TEA50,17997.0,SHIPPED
ORD006469,22/04/2026,Boston,SPARK10,2130.0,SHIPPED
ORD001283,14/10/2025,Chicago,STILL15,32580.0,SHIPPED
ORD008070,13/08/2026,Detroit,JUICE10,3044.0,SHIPPED
ORD005035,2026-05-25,MIAMI,ENER25,9866.0,SHIPPED
ORD006343,2026-02-27,Boston,STILL15,3277.0,SHIPPED
ORD005171,07/11/2025,Seattle,SPARK10,1192.0,SHIPPED
ORD005834,18/02/2026, denver,SPARK10,17624.0,SHIPPED
ORD008467,26/05/2026,San Francisco,COLA33,19390.0,SHIPPED
ORD007158,2025-11-27,Minneapolis,COLA33,51352.0,SHIPPED
ORD007470,17/12/2025,Minneapolis,ENER25,11652.0,SHIPPED
ORD000578,2026-01-15,NEW YORK,ENER25,21459.0,SHIPPED
ORD001570,2026-07-03,Chicago,COLA33,98726.0,SHIPPED
ORD003135,2026-04-21,Phoenix,ENER25,9012.0,SHIPPED
ORD005218,2026-04-24,Seattle,SPARK10,125.0,SHIPPED
ORD006627,2025-11-18,BOSTON,TEA50,8829.0,SHIPPED
ORD001859,2026-04-13, chicago,ENER25,541.0,SHIPPED
ORD004615,06/04/2026,Miami,SPARK10,15691.0,SHIPPED
ORD007797,2026-01-26,Detroit,COLA33,29270.0,SHIPPED
ORD006197,2026-08-17,Denver,JUICE10,1293.0,SHIPPED
ORD005188,14/01/2026,SEATTLE,SPARK10,13596.0,SHIPPED
ORD007526,22/06/2026,Minneapolis,ENER25,1395.0,SHIPPED
ORD000788,18/12/2025,Los Angeles ,SPARK10,17069.0,SHIPPED
ORD006781,2026-04-29,Boston,JUICE10,5240.0,SHIPPED
ORD003659,2026-05-07,Philadelphia,JUICE10,7126.0,SHIPPED
ORD002943,01/06/2026,Phoenix,TEA50,1890.0,SHIPPED
ORD003918,10/10/2025,Atlanta,SPARK10,12279.0,SHIPPED
ORD002640,30/07/2026,PHOENIX,STILL15,11062.0,SHIPPED
ORD008729,2025-11-11,San Francisco,ENER25,8371.0,SHIPPED
ORD000768,2025-10-21,Los Angeles,SPARK10,7146.0,SHIPPED
ORD004279,2026-02-13,Atlanta,JUICE10,5836.0,SHIPPED
ORD003884,2026-06-08,Atlanta,STILL15,5848.0,SHIPPED
ORD006464,2026-04-09,Boston,SPARK10,5095.0,SHIPPED
ORD004880,18/11/2025,Miami ,JUICE10,11154.0,SHIPPED
ORD001288,2025-11-07,Chicago,STILL15,8044.0,SHIPPED
ORD004305,2026-05-20,ATLANTA,JUICE10,3992.0,SHIPPED
ORD005556,2026-08-13,Seattle,JUICE10,871.0,SHIPPED
ORD006951,2025-11-27,Minneapolis,STILL15,4069.0,SHIPPED
ORD005314,15/04/2026,Seattle,COLA33,3021.0,SHIPPED
ORD003194,06/11/2025, philadelphia,STILL15,224.0,SHIPPED
ORD003264,2026-06-18, philadelphia,STILL15,7840.0,SHIPPED
ORD007845,2026-07-22,Detroit,COLA33,2246.0,SHIPPED
ORD001402,2025-12-01,Chicago,SPARK10,802.0,SHIPPED
ORD000323,2025-09-26,New York,TEA50,4976.0,SHIPPED
ORD008630,2025-12-26,San Francisco ,JUICE10,10838.0,SHIPPED
ORD006291,2026-08-21,DENVER,ENER25,2325.0,SHIPPED
ORD006347,2026-03-12,Boston,STILL15,6872.0,SHIPPED
ORD000106,2025-09-17,New York,SPARK10,3370.0,SHIPPED
ORD003205,2025-12-11,Philadelphia,STILL15,1365.0,SHIPPED
ORD008923,2025-11-27,Phoenix ,ENER25,3757.0,CANCELLED
ORD008535,2026-01-28,San Francisco,TEA50,10379.0,SHIPPED
ORD001237,2026-05-13,LOS ANGELES,ENER25,7478.0,SHIPPED
ORD003624,2026-01-12,Philadelphia,JUICE10,7436.0,SHIPPED
ORD007112,2026-06-04,MINNEAPOLIS,SPARK10,8099.0,SHIPPED
ORD007067,2025-12-10,Minneapolis,SPARK10,3904.0,SHIPPED
ORD006762,24/02/2026,Boston,JUICE10,5676.0,SHIPPED
ORD002967,04/09/2025,Phoenix,JUICE10,6598.0,SHIPPED
ORD001767,2026-05-28,Chicago,JUICE10,10154.0,SHIPPED
ORD007337,16/09/2025,Minneapolis ,JUICE10,2596.0,SHIPPED
ORD002944,2026-06-08,Phoenix,TEA50,14776.0,SHIPPED
ORD007106,2026-05-19,Minneapolis,SPARK10,14422.0,SHIPPED
ORD005874,2026-07-15,Denver,SPARK10,6080.0,SHIPPED
ORD001925,2025-11-28,Houston,STILL15,3956.0,SHIPPED
ORD008193,2025-09-29,San Francisco,STILL15,2867.0,SHIPPED
ORD000626,2026-06-19,NEW YORK,ENER25,9680.0,SHIPPED
ORD003502,17/10/2025,Philadelphia,TEA50,24475.0,SHIPPED
ORD001854,02/04/2026,Chicago,ENER25,5264.0,SHIPPED
ORD003250,2026-05-08,Philadelphia,STILL15,19950.0,SHIPPED
ORD003799,2026-08-10,Philadelphia,ENER25,25043.0,SHIPPED
ORD002517,2026-06-17,Houston,ENER25,36146.0,SHIPPED
ORD000609,2026-04-30,New York,ENER25,14150.0,SHIPPED
ORD000951,2026-06-17,Los Angeles,COLA33,16484.0,SHIPPED
ORD001341,05/05/2026,Chicago,STILL15,5926.0,SHIPPED
ORD001092,28/11/2025, los angeles,JUICE10,4030.0,SHIPPED
ORD005155,2026-08-27,Seattle ,STILL15,8428.0,SHIPPED
ORD007523,2026-06-16,Minneapolis,ENER25,5285.0,SHIPPED
ORD003378,2026-07-20,PHILADELPHIA,SPARK10,12228.0,SHIPPED
ORD001305,29/12/2025,Chicago,STILL15,13984.0,SHIPPED
ORD005887,2025-09-04,Denver,COLA33,44222.0,SHIPPED
ORD006470,2026-04-29,Boston,SPARK10,3459.0,SHIPPED
ORD008645,13/02/2026,SAN FRANCISCO,JUICE10,6684.0,SHIPPED
ORD005741,2026-04-03,Denver,STILL15,4850.0,SHIPPED
ORD002386,2026-05-05,Houston,JUICE10,8931.0,SHIPPED
ORD003304,2025-11-07,Philadelphia,SPARK10,5411.0,SHIPPED
ORD000396,2026-05-19,New York,TEA50,1197.0,SHIPPED
ORD000794,2025-12-30,Los Angeles,SPARK10,27195.0,SHIPPED
ORD005474,2025-11-04,Seattle,JUICE10,5411.0,SHIPPED
ORD004961,2026-08-18,MIAMI,JUICE10,4218.0,SHIPPED
ORD004130,2025-09-30,ATLANTA,TEA50,7391.0,SHIPPED
ORD002045,2026-03-05,Houston,SPARK10,19954.0,SHIPPED
ORD004061,2026-02-05,Atlanta,COLA33,31858.0,SHIPPED
ORD004984,2025-11-20,Miami,ENER25,1574.0,SHIPPED
ORD007332,24/08/2026,Minneapolis,TEA50,1595.0,SHIPPED
ORD008941,2026-05-15,Detroit,JUICE10,2606.0,CANCELLED
ORD002668,2025-11-14,Phoenix,SPARK10,23636.0,SHIPPED
ORD005360,2025-09-12,Seattle,TEA50,19468.0,SHIPPED
ORD002353,23/01/2026, houston,JUICE10,13036.0,SHIPPED
ORD003970,07/04/2026,Atlanta ,SPARK10,1507.0,SHIPPED
ORD004044,09/12/2025,Atlanta,COLA33,38834.0,SHIPPED
ORD003166,2026-08-13,Phoenix,ENER25,4541.0,SHIPPED
ORD003737,16/01/2026,Philadelphia,ENER25,2653.0,SHIPPED
ORD007052,2025-10-20, minneapolis,SPARK10,7294.0,SHIPPED
ORD008786,2026-06-04,San Francisco ,ENER25,24112.0,SHIPPED
ORD006113,2025-10-22,Denver,JUICE10,7560.0,SHIPPED
ORD001937,2026-01-01,Houston,STILL15,16728.0,SHIPPED
ORD005153,18/08/2026,Seattle,STILL15,12371.0,SHIPPED
ORD006758,16/02/2026,Boston,JUICE10,416.0,SHIPPED
ORD005144,09/07/2026,Seattle,STILL15,2962.0,SHIPPED
ORD007585,26/12/2025,Detroit,STILL15,15879.0,SHIPPED
ORD000541,05/09/2025,New York,ENER25,21952.0,SHIPPED
ORD005163,2025-09-22,Seattle,SPARK10,12511.0,SHIPPED
ORD002993,2025-12-08,Phoenix,JUICE10,5291.0,SHIPPED
ORD003065,14/08/2026,Phoenix ,JUICE10,11443.0,SHIPPED
ORD008171,14/07/2026,Detroit,ENER25,1500.0,SHIPPED
ORD008673,2026-05-22, san francisco,JUICE10,7722.0,SHIPPED
ORD004225,2026-08-19,Atlanta,TEA50,26984.0,SHIPPED
ORD008353,2026-04-30,San Francisco,SPARK10,16781.0,SHIPPED
ORD002782,2025-12-08,Phoenix,COLA33,16516.0,SHIPPED
ORD003349,2026-04-10, philadelphia,SPARK10,12786.0,SHIPPED
ORD007663,17/09/2025,Detroit,SPARK10,473.0,SHIPPED
ORD005282,2025-12-16,Seattle,COLA33,1784.0,SHIPPED
ORD002469,2026-01-26,Houston,ENER25,10169.0,SHIPPED
ORD000713,13/04/2026,Los Angeles,STILL15,12744.0,SHIPPED
ORD006272,2026-06-15,Denver,ENER25,26988.0,SHIPPED
ORD007473,2025-12-29,Minneapolis,ENER25,1086.0,SHIPPED
ORD006194,2026-08-04,Denver,JUICE10,8068.0,SHIPPED
ORD000430,03/09/2025,New York,JUICE10,9308.0,SHIPPED
ORD006266,2026-05-26,Denver,ENER25,21111.0,SHIPPED
ORD002604,2026-03-31,Phoenix,STILL15,1128.0,SHIPPED
ORD002812,2026-04-03,Phoenix,COLA33,81005.0,SHIPPED
ORD000359,20/01/2026,NEW YORK,TEA50,11222.0,SHIPPED
ORD000869,09/09/2025,Los Angeles,COLA33,58732.0,SHIPPED
ORD003054,2026-07-13,Phoenix,JUICE10,7690.0,SHIPPED
ORD005900,2025-10-22, denver,COLA33,21379.0,SHIPPED
ORD006196,10/08/2026,Denver,JUICE10,4130.0,SHIPPED
ORD000642,2026-08-26,New York,ENER25,58423.0,SHIPPED
ORD001685,2026-07-28,CHICAGO,TEA50,33965.0,SHIPPED
ORD006658,2026-03-19, boston,TEA50,10635.0,SHIPPED
ORD001994,2026-08-13,Houston,STILL15,3288.0,SHIPPED
ORD008146,2026-04-21,DETROIT,ENER25,26291.0,SHIPPED
ORD005401,2026-02-13,Seattle,TEA50,17883.0,SHIPPED
ORD001880,15/06/2026,Chicago,ENER25,2728.0,SHIPPED
ORD002260,11/02/2026,HOUSTON,TEA50,8843.0,SHIPPED
ORD007496,2026-03-16,Minneapolis,ENER25,359.0,SHIPPED
ORD005393,2026-01-05,Seattle,TEA50,18573.0,SHIPPED
ORD008928,2026-03-02,Atlanta,COLA33,9699.0,CANCELLED
ORD001061,2026-08-06,Los Angeles,TEA50,11819.0,SHIPPED
ORD007723,2026-05-15,Detroit,SPARK10,6882.0,SHIPPED
ORD005996,2025-09-22,Denver,TEA50,3464.0,SHIPPED
ORD004467,2025-11-17,Miami,STILL15,10268.0,SHIPPED
ORD007612,2026-04-06,DETROIT,STILL15,6903.0,SHIPPED
ORD008493,24/08/2026,San Francisco,COLA33,39242.0,SHIPPED
ORD001023,11/03/2026,Los Angeles,TEA50,34546.0,SHIPPED
ORD005482,2025-11-27,Seattle,JUICE10,427.0,SHIPPED
ORD000954,2026-06-29,Los Angeles,COLA33,64254.0,SHIPPED
ORD003668,2026-05-25,Philadelphia,JUICE10,2295.0,SHIPPED
ORD007091,2026-03-02,Minneapolis,SPARK10,3331.0,SHIPPED
ORD006557,2026-03-13,Boston,COLA33,33520.0,SHIPPED
ORD007178,06/03/2026,Minneapolis,COLA33,37360.0,SHIPPED
ORD002343,2025-12-16,Houston,JUICE10,1243.0,SHIPPED
ORD000454,2025-11-20,New York ,JUICE10,5061.0,SHIPPED
ORD005168,16/10/2025,SEATTLE,SPARK10,14591.0,SHIPPED
ORD008639,2026-01-23,San Francisco,JUICE10,87.0,SHIPPED
ORD001596,2025-09-23,Chicago,TEA50,2994.0,SHIPPED
ORD006287,31/07/2026,DENVER,ENER25,1631.0,SHIPPED
ORD004910,26/02/2026,Miami ,JUICE10,1636.0,SHIPPED
ORD008933,2025-09-23,Minneapolis,TEA50,9006.0,CANCELLED
ORD000335,28/10/2025, new york,TEA50,895.0,SHIPPED
ORD000302,09/07/2026,New York,COLA33,50680.0,SHIPPED
ORD001060,03/08/2026,Los Angeles ,TEA50,8039.0,SHIPPED
ORD003697,2025-09-04,Philadelphia ,ENER25,2305.0,SHIPPED
ORD004140,04/11/2025, atlanta,TEA50,4512.0,SHIPPED
ORD003779,03/06/2026, philadelphia,ENER25,28228.0,SHIPPED
ORD004242,2025-10-09,Atlanta,JUICE10,462.0,SHIPPED
ORD007216,2026-07-24,Minneapolis,COLA33,52934.0,SHIPPED
ORD001958,26/03/2026,HOUSTON,STILL15,17300.0,SHIPPED
ORD005973,01/07/2026,Denver,COLA33,61514.0,SHIPPED
ORD003644,2026-03-16, philadelphia,JUICE10,3802.0,SHIPPED
ORD006256,06/04/2026,DENVER,ENER25,22657.0,SHIPPED
ORD007261,2025-12-01,Minneapolis,TEA50,3783.0,SHIPPED
ORD003271,2026-07-07,Philadelphia,STILL15,1922.0,SHIPPED
ORD004466,2025-11-19,Miami,STILL15,3565.0,SHIPPED
ORD007906,27/02/2026,Detroit,TEA50,18038.0,SHIPPED
ORD005609,2026-01-16,Seattle,ENER25,17525.0,SHIPPED
ORD003313,2025-12-03,Philadelphia,SPARK10,1081.0,SHIPPED
ORD005297,12/02/2026,SEATTLE,COLA33,55962.0,SHIPPED
ORD004376,05/01/2026,Atlanta,ENER25,14195.0,SHIPPED
ORD003712,2025-10-14,Philadelphia,ENER25,28945.0,SHIPPED
ORD004823,2026-05-22,MIAMI,TEA50,29134.0,SHIPPED
ORD004086,2026-04-23,Atlanta ,COLA33,85585.0,SHIPPED
ORD001734,02/02/2026,Chicago,JUICE10,10858.0,SHIPPED
ORD000180,2026-05-04,New York,SPARK10,17105.0,SHIPPED
ORD006809,17/07/2026,Boston,JUICE10,27.0,SHIPPED
ORD006573,08/05/2026,Boston,COLA33,91995.0,SHIPPED
ORD008293,28/08/2026,San Francisco ,STILL15,2693.0,SHIPPED
ORD002996,26/12/2025,Phoenix,JUICE10,12435.0,SHIPPED
ORD001140,2026-05-28, los angeles,JUICE10,12077.0,SHIPPED
ORD002472,12/02/2026,Houston,ENER25,11715.0,SHIPPED
ORD007907,2026-03-02,Detroit,TEA50,6149.0,SHIPPED
ORD000004,19/09/2025,NEW YORK,STILL15,18837.0,SHIPPED
ORD006702,2026-08-19, boston,TEA50,21929.0,SHIPPED
ORD003022,2026-03-25,Phoenix,JUICE10,10329.0,SHIPPED
ORD001127,2026-04-08,Los Angeles,JUICE10,2495.0,SHIPPED
ORD000110,2025-09-25,New York,SPARK10,395.0,SHIPPED
ORD007010,04/06/2026,Minneapolis,STILL15,726.0,SHIPPED
ORD004193,2026-04-30,Atlanta,TEA50,7458.0,SHIPPED
ORD001476,2026-08-21,Chicago,SPARK10,6613.0,SHIPPED
ORD003064,2026-08-13,Phoenix,JUICE10,3270.0,SHIPPED
ORD007701,2026-02-02,Detroit ,SPARK10,801.0,SHIPPED
ORD005053,2026-07-24,Miami,ENER25,19842.0,SHIPPED
ORD007047,2025-10-08,Minneapolis,SPARK10,3498.0,SHIPPED
ORD006369,2026-06-02,Boston,STILL15,10691.0,SHIPPED
ORD001768,2026-06-02,Chicago,JUICE10,5558.0,SHIPPED
ORD000657,2025-10-10,Los Angeles ,STILL15,5129.0,SHIPPED
ORD006415,2025-11-14,Boston,SPARK10,1276.0,SHIPPED
ORD007209,2026-06-17,Minneapolis,COLA33,3108.0,SHIPPED
ORD006964,2026-01-26, minneapolis,STILL15,5377.0,SHIPPED
ORD002713,17/04/2026,Phoenix,SPARK10,3472.0,SHIPPED
ORD008431,13/01/2026,San Francisco ,COLA33,80897.0,SHIPPED
ORD003102,2026-01-02,Phoenix,ENER25,14625.0,SHIPPED
ORD008896,2026-05-01,Denver,TEA50,12739.0,CANCELLED
ORD005323,2026-05-21,Seattle,COLA33,44892.0,SHIPPED
ORD006313,2025-11-04,Boston ,STILL15,5070.0,SHIPPED
ORD004015,27/08/2026,Atlanta,SPARK10,5367.0,SHIPPED
ORD008144,2026-04-17, detroit,ENER25,7469.0,SHIPPED
ORD004833,24/06/2026,Miami ,TEA50,3668.0,SHIPPED
ORD001212,2026-01-28,Los Angeles,ENER25,48353.0,SHIPPED
ORD008026,2026-03-02,Detroit,JUICE10,2568.0,SHIPPED
ORD006396,03/09/2025,Boston,SPARK10,7118.0,SHIPPED
ORD004337,24/08/2026,Atlanta,JUICE10,1790.0,SHIPPED
ORD001747,05/03/2026,Chicago,JUICE10,3767.0,SHIPPED
ORD002300,23/07/2026,Houston,TEA50,6910.0,SHIPPED
ORD002089,2026-07-13,Houston,SPARK10,746.0,SHIPPED
ORD007535,20/07/2026,MINNEAPOLIS,ENER25,4475.0,SHIPPED
ORD008425,2025-12-23,San Francisco,COLA33,28653.0,SHIPPED
ORD005216,2026-04-17,Seattle,SPARK10,15633.0,SHIPPED
ORD006515,2025-10-06, boston,COLA33,27180.0,SHIPPED
ORD004407,2026-04-13,Atlanta,ENER25,3148.0,SHIPPED
ORD003469,2026-06-09,Philadelphia,COLA33,66976.0,SHIPPED
ORD004700,2026-01-26,Miami,COLA33,86296.0,SHIPPED
ORD003148,2026-06-05,Phoenix,ENER25,2167.0,SHIPPED
ORD004664,2025-10-03,Miami,COLA33,3656.0,SHIPPED
ORD001397,2025-11-13,Chicago,SPARK10,17669.0,SHIPPED
ORD001024,11/03/2026,Los Angeles,TEA50,4104.0,SHIPPED
ORD003215,2026-01-20, philadelphia,STILL15,27201.0,SHIPPED
ORD005896,30/09/2025,Denver,COLA33,7120.0,SHIPPED
ORD000406,2026-06-17, new york,TEA50,34556.0,SHIPPED
ORD003777,25/05/2026,PHILADELPHIA,ENER25,20433.0,SHIPPED
ORD000193,2026-06-17,New York ,SPARK10,12212.0,SHIPPED
ORD004100,17/06/2026, atlanta,COLA33,6646.0,SHIPPED
ORD000121,2025-11-06,New York,SPARK10,16084.0,SHIPPED
ORD006335,22/01/2026,Boston,STILL15,6477.0,SHIPPED
ORD004075,2026-03-19,Atlanta,COLA33,21830.0,SHIPPED
ORD002856,04/09/2025,Phoenix,TEA50,18404.0,SHIPPED
ORD007408,2026-05-11,Minneapolis,JUICE10,9586.0,SHIPPED
ORD006280,2026-07-07,Denver,ENER25,8903.0,SHIPPED
ORD004726,2026-04-20,Miami,COLA33,29527.0,SHIPPED
ORD002670,2025-11-28,Phoenix,SPARK10,1384.0,SHIPPED
ORD006075,2026-06-08,Denver ,TEA50,6894.0,SHIPPED
ORD000607,17/04/2026,New York ,ENER25,15375.0,SHIPPED
ORD001210,2026-01-21,Los Angeles,ENER25,48556.0,SHIPPED
ORD000849,2026-07-16,Los Angeles ,SPARK10,8575.0,SHIPPED
ORD008603,2025-09-19,San Francisco,JUICE10,5544.0,SHIPPED
ORD002076,11/06/2026,Houston,SPARK10,25515.0,SHIPPED
ORD001411,2025-12-24,Chicago,SPARK10,11141.0,SHIPPED
ORD008514,2025-11-13,San Francisco,TEA50,1774.0,SHIPPED
ORD003334,2026-02-16,Philadelphia,SPARK10,561.0,SHIPPED
ORD006306,2025-10-17,Boston ,STILL15,12430.0,SHIPPED
ORD005277,27/11/2025,Seattle,COLA33,68098.0,SHIPPED
ORD008288,13/08/2026,San Francisco,STILL15,17446.0,SHIPPED
ORD002902,2026-02-11,Phoenix,TEA50,8959.0,SHIPPED
ORD003025,2026-03-31,PHOENIX,JUICE10,12891.0,SHIPPED
ORD008086,2025-10-10,DETROIT,ENER25,12239.0,SHIPPED
ORD000254,2026-01-06,New York,COLA33,11886.0,SHIPPED
ORD002031,07/01/2026,Houston,SPARK10,4514.0,SHIPPED
ORD003534,23/02/2026,Philadelphia,TEA50,18463.0,SHIPPED
ORD005528,2026-05-07,Seattle,JUICE10,1813.0,SHIPPED
ORD002153,02/02/2026,Houston,COLA33,60394.0,SHIPPED
ORD000816,30/03/2026,Los Angeles,SPARK10,17797.0,SHIPPED
ORD008186,10/09/2025,San Francisco,STILL15,27595.0,SHIPPED
ORD003636,17/02/2026,Philadelphia,JUICE10,11997.0,SHIPPED
ORD001410,2025-12-23,Chicago,SPARK10,15553.0,SHIPPED
ORD006357,16/04/2026,Boston,STILL15,13852.0,SHIPPED
ORD006277,01/07/2026,Denver,ENER25,829.0,SHIPPED
ORD003207,2025-12-19,Philadelphia ,STILL15,24184.0,SHIPPED
ORD004503,09/03/2026,Miami,STILL15,11235.0,SHIPPED
ORD003500,2025-10-07,Philadelphia ,TEA50,256.0,SHIPPED
ORD006957,24/12/2025,Minneapolis,STILL15,8897.0,SHIPPED
ORD005473,31/10/2025,Seattle ,JUICE10,7308.0,SHIPPED
ORD001264,2026-08-13,LOS ANGELES,ENER25,13660.0,SHIPPED
ORD002210,19/08/2026,Houston,COLA33,115439.0,SHIPPED
ORD005063,2026-08-26,Miami,ENER25,16672.0,SHIPPED
ORD007123,2026-07-15,Minneapolis,SPARK10,7444.0,SHIPPED
ORD000053,11/03/2026,NEW YORK,STILL15,2063.0,SHIPPED
ORD003708,2025-10-02,Philadelphia,ENER25,13741.0,SHIPPED
ORD006571,30/04/2026,Boston,COLA33,10154.0,SHIPPED
ORD000162,2026-03-09,New York,SPARK10,4524.0,SHIPPED
ORD003069,05/09/2025,PHOENIX,ENER25,2479.0,SHIPPED
ORD007849,2026-08-04,Detroit,COLA33,15318.0,SHIPPED
ORD006700,2026-08-12,BOSTON,TEA50,14826.0,SHIPPED
ORD002568,2025-11-26,Phoenix ,STILL15,8674.0,SHIPPED
ORD004625,18/05/2026,Miami,SPARK10,8930.0,SHIPPED
ORD000900,2025-12-31,Los Angeles,COLA33,22913.0,SHIPPED
ORD007985,2025-11-07,Detroit,JUICE10,12341.0,SHIPPED
ORD007121,2026-07-07,Minneapolis,SPARK10,5953.0,SHIPPED
ORD001124,2026-03-30,Los Angeles,JUICE10,15761.0,SHIPPED
ORD002409,2026-07-23,Houston,JUICE10,3907.0,SHIPPED
ORD000133,03/12/2025,New York,SPARK10,2576.0,SHIPPED
ORD005749,2026-04-24,Denver,STILL15,3138.0,SHIPPED
ORD004124,2025-09-02,Atlanta,TEA50,27964.0,SHIPPED
ORD001919,2025-11-05,Houston,STILL15,10153.0,SHIPPED
ORD006816,2026-08-03,BOSTON,JUICE10,2849.0,SHIPPED
ORD007270,2026-01-07,Minneapolis,TEA50,14656.0,SHIPPED
ORD007963,2026-08-27, detroit,TEA50,3886.0,SHIPPED
ORD001008,12/01/2026,Los Angeles,TEA50,20498.0,SHIPPED
ORD008140,2026-03-26,Detroit,ENER25,7256.0,SHIPPED
ORD001598,08/10/2025,Chicago,TEA50,29975.0,SHIPPED
ORD004179,19/03/2026,Atlanta,TEA50,1617.0,SHIPPED
ORD006401,2025-09-29, boston,SPARK10,15612.0,SHIPPED
ORD008240,2026-02-25, san francisco,STILL15,3914.0,SHIPPED
ORD004245,2025-10-23,Atlanta,JUICE10,3164.0,SHIPPED
ORD000334,2025-10-29,New York,TEA50,10904.0,SHIPPED
ORD003332,2026-02-20,Philadelphia,SPARK10,10996.0,SHIPPED
ORD001696,2025-09-12,Chicago,JUICE10,14605.0,SHIPPED
ORD006491,06/07/2026,Boston,SPARK10,8537.0,SHIPPED
ORD003142,11/05/2026,Phoenix,ENER25,24379.0,SHIPPED
ORD002405,2026-07-06, houston,JUICE10,3278.0,SHIPPED
ORD006059,2026-04-17,Denver,TEA50,2493.0,SHIPPED
ORD006222,24/11/2025,Denver,ENER25,23140.0,SHIPPED
ORD003245,13/04/2026,Philadelphia ,STILL15,7036.0,SHIPPED
ORD001713,14/11/2025,Chicago,JUICE10,12894.0,SHIPPED
ORD000665,03/11/2025,Los Angeles,STILL15,32694.0,SHIPPED
ORD005045,2026-06-29,Miami,ENER25,8488.0,SHIPPED
ORD002012,22/10/2025, houston,SPARK10,22053.0,SHIPPED
ORD006247,05/03/2026,Denver,ENER25,13918.0,SHIPPED
ORD004335,2026-08-18,Atlanta,JUICE10,4415.0,SHIPPED
ORD005888,2025-09-09,Denver,COLA33,11178.0,SHIPPED
ORD005875,2026-07-17,Denver ,SPARK10,3265.0,SHIPPED
ORD001189,24/11/2025,Los Angeles,ENER25,2863.0,SHIPPED
ORD003527,27/01/2026,Philadelphia,TEA50,22722.0,SHIPPED
ORD004740,25/06/2026,Miami,COLA33,35992.0,SHIPPED
ORD002126,2025-11-14,HOUSTON,COLA33,27967.0,SHIPPED
ORD007994,02/12/2025,Detroit,JUICE10,6580.0,SHIPPED
ORD006179,2026-06-02,Denver,JUICE10,2055.0,SHIPPED
ORD004276,2026-02-05,Atlanta,JUICE10,2189.0,SHIPPED
ORD003527,27/01/2026,Philadelphia,TEA50,22722.0,SHIPPED
ORD008259,2026-04-28,SAN FRANCISCO,STILL15,7384.0,SHIPPED
ORD002194,03/07/2026,Houston ,COLA33,28913.0,SHIPPED
ORD003741,2026-01-30,Philadelphia,ENER25,3951.0,SHIPPED
ORD002293,01/07/2026,HOUSTON,TEA50,3573.0,SHIPPED
ORD000037,2026-01-05,New York,STILL15,43319.0,SHIPPED
ORD000961,2026-07-29,Los Angeles,COLA33,105700.0,SHIPPED
ORD006427,16/12/2025,Boston,SPARK10,3520.0,SHIPPED
ORD005178,09/12/2025,Seattle,SPARK10,8222.0,SHIPPED
ORD007489,2026-02-11,Minneapolis,ENER25,6061.0,SHIPPED
ORD004055,2026-01-09,Atlanta,COLA33,58329.0,SHIPPED
ORD000789,26/12/2025,Los Angeles,SPARK10,10603.0,SHIPPED
ORD000963,2026-08-10,Los Angeles,COLA33,75922.0,SHIPPED
ORD003750,06/03/2026,PHILADELPHIA,ENER25,49.0,SHIPPED
ORD007838,2026-06-22,Detroit,COLA33,46692.0,SHIPPED
ORD008015,2026-02-02,Detroit,JUICE10,1654.0,SHIPPED
ORD004237,23/09/2025,Atlanta,JUICE10,3060.0,SHIPPED
ORD005668,13/08/2026,Seattle,ENER25,21414.0,SHIPPED
ORD005092,2025-12-16,Seattle,STILL15,4485.0,SHIPPED
ORD006692,2026-07-21,Boston,TEA50,531.0,SHIPPED
ORD005429,2026-05-13,Seattle,TEA50,3835.0,SHIPPED
ORD004362,2025-11-19,Atlanta,ENER25,8572.0,SHIPPED
ORD003293,2025-09-15, philadelphia,SPARK10,17880.0,SHIPPED
ORD002507,2026-05-11,Houston ,ENER25,14167.0,SHIPPED
ORD000076,2026-06-12,NEW YORK,STILL15,21857.0,SHIPPED
ORD008264,2026-05-06,San Francisco,STILL15,15837.0,SHIPPED
ORD004718,2026-03-23,MIAMI,COLA33,104501.0,SHIPPED
ORD000675,2025-12-12,Los Angeles,STILL15,38694.0,SHIPPED
ORD000588,02/02/2026,New York,ENER25,12329.0,SHIPPED
ORD003579,05/08/2026,Philadelphia,TEA50,22461.0,SHIPPED
ORD003294,2025-09-24,Philadelphia,SPARK10,17166.0,SHIPPED
ORD008581,29/06/2026,San Francisco,TEA50,5636.0,SHIPPED
ORD005292,20/01/2026,Seattle,COLA33,62860.0,SHIPPED
ORD002767,2025-10-29,Phoenix,COLA33,73381.0,SHIPPED
ORD006521,07/11/2025,BOSTON,COLA33,71017.0,SHIPPED
ORD003492,2025-09-19,Philadelphia,TEA50,6823.0,SHIPPED
ORD002813,2026-04-08,Phoenix ,COLA33,56339.0,SHIPPED
ORD006881,20/03/2026,Boston,ENER25,28863.0,SHIPPED
ORD008614,2025-10-29,San Francisco,JUICE10,7622.0,SHIPPED
ORD003632,2026-02-11,Philadelphia,JUICE10,389.0,SHIPPED
ORD008087,2025-10-13,Detroit,ENER25,10204.0,SHIPPED
ORD004549,2026-08-05,MIAMI,STILL15,28058.0,SHIPPED
ORD000525,29/06/2026,New York,JUICE10,21104.0,SHIPPED
ORD007813,2026-04-01,Detroit,COLA33,18346.0,SHIPPED
ORD000320,2025-09-12,New York,TEA50,29460.0,SHIPPED
ORD003637,26/02/2026,Philadelphia ,JUICE10,4192.0,SHIPPED
ORD004779,2025-12-04,Miami,TEA50,26232.0,SHIPPED
ORD000798,27/01/2026, los angeles,SPARK10,2729.0,SHIPPED
ORD004119,11/08/2026,Atlanta ,COLA33,9507.0,SHIPPED
ORD001509,2025-12-09,Chicago,COLA33,11535.0,SHIPPED
ORD007722,2026-05-08,Detroit,SPARK10,9191.0,SHIPPED
ORD004867,30/09/2025,MIAMI,JUICE10,4205.0,SHIPPED
ORD000882,2025-10-30,Los Angeles,COLA33,38637.0,SHIPPED
ORD001622,24/12/2025,Chicago,TEA50,9068.0,SHIPPED
ORD004635,10/06/2026,Miami,SPARK10,10045.0,SHIPPED
ORD001425,10/02/2026,CHICAGO,SPARK10,924.0,SHIPPED
ORD007393,2026-03-20,Minneapolis,JUICE10,903.0,SHIPPED
ORD008671,07/05/2026,San Francisco,JUICE10,3638.0,SHIPPED
ORD001266,2026-08-21,Los Angeles,ENER25,11477.0,SHIPPED
ORD003146,2026-05-29,Phoenix,ENER25,2097.0,SHIPPED
ORD001225,2026-03-26,Los Angeles,ENER25,34812.0,SHIPPED
ORD001797,2025-09-08,Chicago,ENER25,21282.0,SHIPPED
ORD007986,2025-11-13,DETROIT,JUICE10,8985.0,SHIPPED
ORD005860,2026-05-11,Denver,SPARK10,8602.0,SHIPPED
ORD001054,2026-07-22,Los Angeles,TEA50,24718.0,SHIPPED
ORD006783,07/05/2026,Boston,JUICE10,2486.0,SHIPPED
ORD004968,2025-09-18,Miami,ENER25,36384.0,SHIPPED
ORD008893,27/10/2025, atlanta,SPARK10,2872.0,CANCELLED
ORD007089,2026-02-24,Minneapolis,SPARK10,3037.0,SHIPPED
ORD006154,2026-03-04,Denver,JUICE10,3626.0,SHIPPED
ORD003383,2026-08-19,Philadelphia,SPARK10,4663.0,SHIPPED
ORD003647,2026-03-26,Philadelphia,JUICE10,2505.0,SHIPPED
ORD001742,2026-02-24, chicago,JUICE10,10110.0,SHIPPED
ORD008865,2026-06-08,Boston,SPARK10,4144.0,CANCELLED
ORD008583,15/07/2026,San Francisco,TEA50,22776.0,SHIPPED
ORD001870,2026-05-19,Chicago,ENER25,19941.0,SHIPPED
ORD001456,2026-06-09,Chicago,SPARK10,22826.0,SHIPPED
ORD007107,2026-05-22,Minneapolis,SPARK10,5073.0,SHIPPED
ORD002612,2026-04-22,Phoenix,STILL15,13175.0,SHIPPED
ORD003982,2026-05-14,Atlanta,SPARK10,7062.0,SHIPPED
ORD002936,2026-05-22,Phoenix,TEA50,420.0,SHIPPED
ORD002155,2026-02-16,Houston ,COLA33,95595.0,SHIPPED
ORD007206,2026-06-08,Minneapolis,COLA33,30496.0,SHIPPED
ORD004661,16/09/2025,Miami,COLA33,3016.0,SHIPPED
ORD006160,25/03/2026,Denver,JUICE10,2180.0,SHIPPED
ORD005881,12/08/2026,DENVER,SPARK10,16076.0,SHIPPED
ORD003145,2026-05-28,Phoenix,ENER25,16300.0,SHIPPED
ORD001548,24/04/2026,Chicago,COLA33,26759.0,SHIPPED
ORD001114,2026-02-11,Los Angeles ,JUICE10,13994.0,SHIPPED
ORD002607,2026-04-08, phoenix,STILL15,20053.0,SHIPPED
ORD004526,2026-05-11,Miami,STILL15,17248.0,SHIPPED
ORD002831,10/06/2026, phoenix,COLA33,40171.0,SHIPPED
ORD006745,05/01/2026,Boston,JUICE10,2925.0,SHIPPED
ORD002750,2026-08-25,Phoenix,SPARK10,12884.0,SHIPPED
ORD008451,2026-03-27,San Francisco,COLA33,24463.0,SHIPPED
ORD003141,2026-05-06,Phoenix,ENER25,2098.0,SHIPPED
ORD004095,02/06/2026,ATLANTA,COLA33,10786.0,SHIPPED
ORD006680,25/05/2026,Boston,TEA50,1637.0,SHIPPED
ORD008165,22/06/2026,DETROIT,ENER25,8137.0,SHIPPED
ORD002565,2025-11-20,Phoenix,STILL15,12432.0,SHIPPED
ORD000055,23/03/2026, new york,STILL15,23848.0,SHIPPED
ORD003498,2025-09-30,Philadelphia,TEA50,6888.0,SHIPPED
ORD004945,2026-06-10,Miami,JUICE10,3089.0,SHIPPED
ORD000115,2025-10-13,NEW YORK,SPARK10,18325.0,SHIPPED
ORD003784,2026-06-23,Philadelphia,ENER25,25967.0,SHIPPED
ORD006083,2026-07-07,Denver,TEA50,15729.0,SHIPPED
ORD000238,2025-11-19,New York,COLA33,65005.0,SHIPPED
ORD007438,2026-08-28,Minneapolis,JUICE10,4956.0,SHIPPED
ORD006119,2025-11-13,Denver,JUICE10,4261.0,SHIPPED
ORD005979,30/07/2026,Denver,COLA33,55877.0,SHIPPED
ORD003773,2026-05-22,Philadelphia,ENER25,21211.0,SHIPPED
ORD001946,05/02/2026,Houston,STILL15,20463.0,SHIPPED
ORD002226,2025-10-20,Houston ,TEA50,18651.0,SHIPPED
ORD007320,14/07/2026,Minneapolis,TEA50,7818.0,SHIPPED
ORD004213,15/07/2026,Atlanta,TEA50,28666.0,SHIPPED
ORD006903,2026-05-27, boston,ENER25,5651.0,SHIPPED
ORD005997,2025-09-25,Denver,TEA50,3338.0,SHIPPED
ORD007088,26/02/2026,Minneapolis,SPARK10,6482.0,SHIPPED
ORD000955,2026-06-29,Los Angeles ,COLA33,15679.0,SHIPPED
ORD006246,2026-02-23,Denver,ENER25,10165.0,SHIPPED
ORD007462,2025-11-20, minneapolis,ENER25,2586.0,SHIPPED
ORD004877,2025-11-10,Miami,JUICE10,8497.0,SHIPPED
ORD002430,2025-09-16,Houston,ENER25,18330.0,SHIPPED
ORD005963,29/05/2026,Denver,COLA33,63728.0,SHIPPED
ORD008110,2025-12-17,Detroit,ENER25,14782.0,SHIPPED
ORD001594,25/09/2025,Chicago,TEA50,5145.0,SHIPPED
ORD001841,2026-02-09,Chicago,ENER25,4983.0,SHIPPED
ORD000533,21/07/2026, new york,JUICE10,4122.0,SHIPPED
ORD002470,2026-02-02,Houston,ENER25,44668.0,SHIPPED
ORD004216,2026-07-24,Atlanta,TEA50,12090.0,SHIPPED
ORD002633,2026-07-06,Phoenix ,STILL15,20645.0,SHIPPED
ORD001188,18/11/2025,Los Angeles,ENER25,7848.0,SHIPPED
ORD007676,17/11/2025,Detroit,SPARK10,2075.0,SHIPPED
ORD002783,2025-12-19,Phoenix,COLA33,47023.0,SHIPPED
ORD003575,2026-07-21,Philadelphia,TEA50,22649.0,SHIPPED
ORD007083,2026-02-06,Minneapolis,SPARK10,1673.0,SHIPPED
ORD000791,2025-12-24,Los Angeles,SPARK10,14330.0,SHIPPED
ORD005079,2025-10-29,Seattle,STILL15,13721.0,SHIPPED
ORD001386,08/10/2025,Chicago ,SPARK10,6237.0,SHIPPED
ORD000336,2025-11-05,New York,TEA50,43747.0,SHIPPED
ORD005935,2026-02-27,DENVER,COLA33,650.0,SHIPPED
ORD006603,2026-08-12,Boston,COLA33,35475.0,SHIPPED
ORD001555,22/05/2026,CHICAGO,COLA33,97325.0,SHIPPED
ORD007114,2026-06-09, minneapolis,SPARK10,2898.0,SHIPPED
ORD005345,2026-07-23,Seattle,COLA33,7215.0,SHIPPED
ORD004403,30/03/2026, atlanta,ENER25,16262.0,SHIPPED
ORD005273,2025-11-12,Seattle,COLA33,33227.0,SHIPPED
ORD004648,23/07/2026,Miami,SPARK10,7330.0,SHIPPED
ORD006275,23/06/2026,Denver,ENER25,7586.0,SHIPPED
ORD004003,17/07/2026,ATLANTA,SPARK10,309.0,SHIPPED
ORD002039,2026-02-05,Houston,SPARK10,350.0,SHIPPED
ORD008659,25/03/2026,San Francisco,JUICE10,3666.0,SHIPPED
ORD000221,02/10/2025,New York,COLA33,93172.0,SHIPPED
ORD008055,2026-06-18,Detroit,JUICE10,726.0,SHIPPED
ORD006456,2026-03-19,Boston,SPARK10,2675.0,SHIPPED
ORD000158,2026-02-24,New York,SPARK10,4020.0,SHIPPED
ORD006187,2026-07-07,Denver ,JUICE10,2579.0,SHIPPED
ORD006876,2026-03-05,Boston,ENER25,6203.0,SHIPPED
ORD001110,29/01/2026,Los Angeles ,JUICE10,5368.0,SHIPPED
ORD004727,2026-04-29,Miami,COLA33,103698.0,SHIPPED
ORD001488,2025-09-29,Chicago,COLA33,37601.0,SHIPPED
ORD008665,2026-04-16,SAN FRANCISCO,JUICE10,6429.0,SHIPPED
ORD002844,2026-07-23,Phoenix,COLA33,44573.0,SHIPPED
ORD005033,2026-05-21,Miami ,ENER25,25435.0,SHIPPED
ORD008513,2025-11-06,San Francisco,TEA50,469.0,SHIPPED
ORD007057,2025-11-03,Minneapolis,SPARK10,8320.0,SHIPPED
ORD001311,12/01/2026, chicago,STILL15,8212.0,SHIPPED
ORD002634,06/07/2026,Phoenix ,STILL15,7500.0,SHIPPED
ORD001260,31/07/2026,Los Angeles,ENER25,56753.0,SHIPPED
ORD003063,2026-08-03,Phoenix,JUICE10,10349.0,SHIPPED
ORD005713,2026-01-05,Denver,STILL15,8628.0,SHIPPED
ORD004667,2025-10-10,Miami,COLA33,9213.0,SHIPPED
ORD003444,2026-03-09,Philadelphia ,COLA33,14706.0,SHIPPED
ORD006968,2026-02-09,Minneapolis,STILL15,19462.0,SHIPPED
ORD006376,2026-06-24, boston,STILL15,7052.0,SHIPPED
ORD007273,2026-01-19,Minneapolis,TEA50,2080.0,SHIPPED
ORD000318,2026-08-26,New York,COLA33,24417.0,SHIPPED
ORD004875,2025-10-28,Miami,JUICE10,9941.0,SHIPPED
ORD005157,02/09/2025,Seattle,SPARK10,10672.0,SHIPPED
ORD008366,2026-06-10,SAN FRANCISCO,SPARK10,9546.0,SHIPPED
ORD002778,2025-12-05,Phoenix,COLA33,41348.0,SHIPPED
ORD005906,24/11/2025,Denver ,COLA33,65717.0,SHIPPED
ORD006509,25/09/2025,BOSTON,COLA33,1968.0,SHIPPED
ORD002543,2025-09-10,Phoenix,STILL15,19607.0,SHIPPED
ORD006722,15/10/2025,Boston,JUICE10,1427.0,SHIPPED
ORD000920,04/03/2026,Los Angeles,COLA33,3631.0,SHIPPED
ORD006264,18/05/2026,Denver,ENER25,4426.0,SHIPPED
ORD002534,2026-08-14,HOUSTON,ENER25,30803.0,SHIPPED
ORD006836,15/10/2025,Boston,ENER25,5788.0,SHIPPED
ORD006449,2026-02-26,BOSTON,SPARK10,14887.0,SHIPPED
ORD000804,2026-02-19,Los Angeles,SPARK10,5004.0,SHIPPED
ORD000701,23/02/2026,Los Angeles,STILL15,3803.0,SHIPPED
ORD000668,2025-11-12,Los Angeles,STILL15,43369.0,SHIPPED
ORD003496,2025-09-24,Philadelphia,TEA50,7322.0,SHIPPED
ORD000463,2025-12-09,New York,JUICE10,3429.0,SHIPPED
ORD003224,16/02/2026, philadelphia,STILL15,652.0,SHIPPED
ORD004127,18/09/2025,Atlanta,TEA50,19991.0,SHIPPED
ORD007956,11/08/2026,Detroit,TEA50,9115.0,SHIPPED
ORD006360,2026-04-29,Boston,STILL15,11732.0,SHIPPED
ORD003856,2026-03-11,Atlanta,STILL15,9039.0,SHIPPED
ORD004976,2025-10-16,Miami ,ENER25,46879.0,SHIPPED
ORD003613,09/12/2025,PHILADELPHIA,JUICE10,708.0,SHIPPED
ORD004162,2026-01-20,Atlanta ,TEA50,4952.0,SHIPPED
ORD005398,2026-01-29,Seattle,TEA50,2158.0,SHIPPED
ORD007477,2026-01-16,Minneapolis,ENER25,2267.0,SHIPPED
ORD007277,2026-02-04,Minneapolis,TEA50,3349.0,SHIPPED
ORD008698,2026-07-27,San Francisco,JUICE10,930.0,SHIPPED
ORD005396,2026-01-26,Seattle,TEA50,22023.0,SHIPPED
ORD007592,16/01/2026,Detroit ,STILL15,219.0,SHIPPED
ORD005417,2026-04-09,Seattle,TEA50,15978.0,SHIPPED
ORD003640,03/03/2026,Philadelphia,JUICE10,4672.0,SHIPPED
ORD004532,2026-05-25,Miami,STILL15,6385.0,SHIPPED
ORD003204,09/12/2025,Philadelphia,STILL15,1785.0,SHIPPED
ORD007694,2026-01-21,Detroit,SPARK10,5250.0,SHIPPED
ORD000843,2026-07-02, los angeles,SPARK10,18490.0,SHIPPED
ORD006739,2025-12-09,Boston,JUICE10,1146.0,SHIPPED
ORD000774,14/11/2025,Los Angeles,SPARK10,27168.0,SHIPPED
ORD008756,2026-02-16,San Francisco,ENER25,15651.0,SHIPPED
ORD000399,2026-05-27,New York,TEA50,35395.0,SHIPPED
ORD004699,20/01/2026,MIAMI,COLA33,53120.0,SHIPPED
ORD001196,2025-12-11,Los Angeles,ENER25,27077.0,SHIPPED
ORD001363,2026-07-06,Chicago,STILL15,20736.0,SHIPPED
ORD001236,2026-05-15,Los Angeles,ENER25,20493.0,SHIPPED
ORD006155,10/03/2026, denver,JUICE10,7979.0,SHIPPED
ORD000001,2025-09-03,New York,STILL15,33544.0,SHIPPED
ORD005889,2025-09-08,Denver,COLA33,20394.0,SHIPPED
ORD002592,2026-02-16,Phoenix,STILL15,6735.0,SHIPPED
ORD004922,2026-04-07, miami,JUICE10,9470.0,SHIPPED
ORD004045,2025-12-11,ATLANTA,COLA33,13944.0,SHIPPED
ORD007807,2026-02-24,Detroit,COLA33,12648.0,SHIPPED
ORD006807,2026-07-07,Boston ,JUICE10,1934.0,SHIPPED
ORD001479,2025-09-09,Chicago,COLA33,71978.0,SHIPPED
ORD006389,06/08/2026,Boston,STILL15,12053.0,SHIPPED
ORD008027,2026-03-03,Detroit,JUICE10,1644.0,SHIPPED
ORD001323,04/03/2026,Chicago,STILL15,10372.0,SHIPPED
ORD000081,2026-06-25,New York,STILL15,1884.0,SHIPPED
ORD001480,2025-09-08,Chicago,COLA33,33955.0,SHIPPED
ORD002485,16/03/2026, houston,ENER25,37691.0,SHIPPED
ORD008276,2026-07-01,San Francisco ,STILL15,7550.0,SHIPPED
ORD001992,2026-08-05,Houston,STILL15,15679.0,SHIPPED
ORD005551,2026-07-27,Seattle,JUICE10,10205.0,SHIPPED
ORD004284,2026-03-09,Atlanta,JUICE10,11077.0,SHIPPED
ORD006684,2026-06-10, boston,TEA50,19667.0,SHIPPED
ORD008741,2026-01-06,San Francisco,ENER25,6702.0,SHIPPED
ORD004864,23/09/2025, miami,JUICE10,1055.0,SHIPPED
ORD008536,2026-01-28,San Francisco,TEA50,1518.0,SHIPPED
ORD001106,2026-01-14,LOS ANGELES,JUICE10,1959.0,SHIPPED
ORD002521,29/06/2026,Houston,ENER25,55900.0,SHIPPED
ORD002648,03/09/2025, phoenix,SPARK10,5099.0,SHIPPED
ORD004106,2026-06-29,Atlanta,COLA33,19482.0,SHIPPED
ORD004748,13/07/2026,Miami,COLA33,68319.0,SHIPPED
ORD000677,2025-12-16, los angeles,STILL15,5602.0,SHIPPED
ORD001907,2025-09-16,HOUSTON,STILL15,5363.0,SHIPPED
ORD005371,2025-10-20,Seattle,TEA50,1425.0,SHIPPED
ORD008604,2025-09-17,San Francisco ,JUICE10,1652.0,SHIPPED
ORD001911,2025-10-08, houston,STILL15,17014.0,SHIPPED
ORD001022,2026-03-06,Los Angeles,TEA50,39149.0,SHIPPED
ORD008931,2026-04-06,Miami,ENER25,33546.0,CANCELLED
ORD003028,2026-04-09,Phoenix,JUICE10,1960.0,SHIPPED
ORD007297,2026-05-07, minneapolis,TEA50,16136.0,SHIPPED
ORD006718,2025-10-06,Boston,JUICE10,1325.0,SHIPPED
ORD002157,2026-03-03,Houston,COLA33,17022.0,SHIPPED
ORD004886,19/12/2025,Miami,JUICE10,4739.0,SHIPPED
ORD008675,2026-05-22,San Francisco,JUICE10,2455.0,SHIPPED
ORD001887,24/07/2026,Chicago,ENER25,24209.0,SHIPPED
ORD008558,20/04/2026,San Francisco,TEA50,23086.0,SHIPPED
ORD002245,2025-12-23,Houston,TEA50,15869.0,SHIPPED
ORD002531,2026-07-30,Houston,ENER25,37459.0,SHIPPED
ORD007996,2025-12-09, detroit,JUICE10,4913.0,SHIPPED
ORD005446,2026-07-01,Seattle,TEA50,15469.0,SHIPPED
ORD006426,2025-12-17,Boston,SPARK10,6527.0,SHIPPED
ORD004373,23/12/2025,Atlanta,ENER25,3788.0,SHIPPED
ORD005704,2025-12-10,Denver,STILL15,7896.0,SHIPPED
ORD003991,2026-06-19,Atlanta,SPARK10,6305.0,SHIPPED
ORD002395,2026-06-10,Houston,JUICE10,7018.0,SHIPPED
ORD000863,25/08/2026,Los Angeles,SPARK10,11341.0,SHIPPED
ORD004269,15/01/2026,Atlanta,JUICE10,941.0,SHIPPED
ORD000165,16/03/2026,New York,SPARK10,1386.0,SHIPPED
ORD002951,30/06/2026,Phoenix ,TEA50,19802.0,SHIPPED
ORD007574,2025-11-21,Detroit,STILL15,9688.0,SHIPPED
ORD003473,01/07/2026,Philadelphia,COLA33,16089.0,SHIPPED
ORD006823,04/09/2025,Boston,ENER25,4747.0,SHIPPED
ORD005986,2026-08-21,Denver,COLA33,54129.0,SHIPPED
ORD006649,03/02/2026,Boston,TEA50,16431.0,SHIPPED
ORD007259,2025-12-04,MINNEAPOLIS,TEA50,8286.0,SHIPPED
ORD005444,22/06/2026,SEATTLE,TEA50,4097.0,SHIPPED
ORD003703,2025-09-18, philadelphia,ENER25,22741.0,SHIPPED
ORD000292,29/05/2026,New York,COLA33,9450.0,SHIPPED
ORD004252,12/11/2025,Atlanta,JUICE10,6647.0,SHIPPED
ORD003321,2026-01-12,Philadelphia,SPARK10,10246.0,SHIPPED
ORD007069,19/12/2025,Minneapolis,SPARK10,2426.0,SHIPPED
ORD003938,2025-12-03,Atlanta,SPARK10,3389.0,SHIPPED
ORD003936,2025-11-28,Atlanta ,SPARK10,16097.0,SHIPPED
ORD002621,2026-05-20,PHOENIX,STILL15,14824.0,SHIPPED
ORD001099,15/12/2025, los angeles,JUICE10,13129.0,SHIPPED
ORD008356,11/05/2026,San Francisco,SPARK10,13517.0,SHIPPED
ORD006053,2026-04-01,Denver,TEA50,712.0,SHIPPED
ORD001498,2025-11-04,Chicago,COLA33,66014.0,SHIPPED
ORD008296,08/09/2025,San Francisco,SPARK10,8395.0,SHIPPED
ORD006992,2026-04-14,Minneapolis,STILL15,20634.0,SHIPPED
ORD002751,2025-09-01,Phoenix,COLA33,6981.0,SHIPPED
ORD004324,23/07/2026, atlanta,JUICE10,1642.0,SHIPPED
ORD000028,01/12/2025,New York,STILL15,21363.0,SHIPPED
ORD002188,09/06/2026,Houston,COLA33,38835.0,SHIPPED
ORD002225,2025-10-20,Houston,TEA50,22170.0,SHIPPED
ORD003021,2026-03-16,Phoenix,JUICE10,3596.0,SHIPPED
ORD005903,2025-11-05, denver,COLA33,53154.0,SHIPPED
ORD008833,2026-06-17, houston,COLA33,17157.0,CANCELLED
ORD002471,2026-02-09,Houston,ENER25,7782.0,SHIPPED
ORD005207,2026-03-20,Seattle,SPARK10,3983.0,SHIPPED
ORD004951,2026-07-07, miami,JUICE10,2220.0,SHIPPED
ORD001098,17/12/2025,LOS ANGELES,JUICE10,232.0,SHIPPED
ORD000207,2026-07-27,New York,SPARK10,32612.0,SHIPPED
ORD001997,2026-08-17,Houston,STILL15,23204.0,SHIPPED
ORD002311,2026-08-28,Houston ,TEA50,11642.0,SHIPPED
ORD003193,2025-11-06,Philadelphia,STILL15,13771.0,SHIPPED
ORD006854,2025-12-19,Boston,ENER25,22891.0,SHIPPED
ORD005142,07/07/2026,Seattle,STILL15,8757.0,SHIPPED
ORD004027,2025-10-01,Atlanta,COLA33,27043.0,SHIPPED
ORD001828,2026-01-08,Chicago ,ENER25,18996.0,SHIPPED
ORD007927,2026-05-04,Detroit,TEA50,9093.0,SHIPPED
ORD001216,18/02/2026,Los Angeles,ENER25,29728.0,SHIPPED
ORD004885,18/12/2025,Miami ,JUICE10,323.0,SHIPPED
ORD003887,2026-06-17,Atlanta,STILL15,1576.0,SHIPPED
ORD003433,03/02/2026,Philadelphia,COLA33,90022.0,SHIPPED
ORD002841,17/07/2026,Phoenix,COLA33,32686.0,SHIPPED
ORD006748,2026-01-15,Boston,JUICE10,6203.0,SHIPPED
ORD003832,2025-12-03,Atlanta,STILL15,25764.0,SHIPPED
ORD003723,2025-11-20,Philadelphia,ENER25,4868.0,SHIPPED
ORD006918,27/07/2026,Boston,ENER25,11762.0,SHIPPED
ORD006089,2026-07-28,Denver,TEA50,4949.0,SHIPPED
ORD006297,2025-09-04,Boston,STILL15,10664.0,SHIPPED
ORD002698,2026-02-18,Phoenix,SPARK10,14841.0,SHIPPED
ORD008203,05/11/2025, san francisco,STILL15,13492.0,SHIPPED
ORD006494,31/07/2026,Boston,SPARK10,14723.0,SHIPPED
ORD004037,2025-11-14,Atlanta,COLA33,4640.0,SHIPPED
ORD008339,2026-03-02,San Francisco,SPARK10,16141.0,SHIPPED
ORD001968,2026-05-14,Houston,STILL15,3790.0,SHIPPED
ORD005406,05/03/2026,Seattle,TEA50,7495.0,SHIPPED
ORD002676,2025-12-12,Phoenix,SPARK10,4486.0,SHIPPED
ORD002402,2026-07-01, houston,JUICE10,6054.0,SHIPPED
ORD006828,2025-09-24,Boston ,ENER25,14218.0,SHIPPED
ORD008559,01/05/2026,San Francisco,TEA50,7483.0,SHIPPED
ORD008063,2026-07-16,Detroit,JUICE10,3403.0,SHIPPED
ORD003292,2025-09-10,Philadelphia,SPARK10,3747.0,SHIPPED
ORD003355,2026-04-29,Philadelphia,SPARK10,2241.0,SHIPPED
ORD000035,30/12/2025,NEW YORK,STILL15,6431.0,SHIPPED
ORD001296,2025-12-02,Chicago ,STILL15,7882.0,SHIPPED
ORD002476,2026-02-17,Houston ,ENER25,15928.0,SHIPPED
ORD004103,2026-06-22,Atlanta,COLA33,1735.0,SHIPPED
ORD006610,2025-09-03,Boston,TEA50,15348.0,SHIPPED
ORD002874,2025-11-21,PHOENIX,TEA50,4629.0,SHIPPED
ORD005126,2026-05-12,SEATTLE,STILL15,8805.0,SHIPPED
ORD000312,2026-08-14,NEW YORK,COLA33,41852.0,SHIPPED
ORD006930,03/09/2025,Minneapolis ,STILL15,7813.0,SHIPPED
ORD004848,2026-08-03,Miami,TEA50,14331.0,SHIPPED
ORD001665,2026-05-21,CHICAGO,TEA50,11690.0,SHIPPED
ORD002383,2026-04-21,Houston,JUICE10,3967.0,SHIPPED
ORD007952,2026-07-27, detroit,TEA50,995.0,SHIPPED
ORD004795,2026-01-26,Miami,TEA50,12533.0,SHIPPED
ORD001270,25/08/2026, los angeles,ENER25,1356.0,SHIPPED
ORD005620,2026-03-06,Seattle,ENER25,19532.0,SHIPPED
ORD003531,2026-02-12,Philadelphia,TEA50,9661.0,SHIPPED
ORD000108,2025-09-22,New York,SPARK10,17725.0,SHIPPED
ORD008859,20/11/2025,Atlanta,COLA33,133665.0,CANCELLED
ORD007394,2026-03-19,Minneapolis,JUICE10,5465.0,SHIPPED
ORD002187,09/06/2026,Houston,COLA33,44984.0,SHIPPED
ORD004626,19/05/2026,Miami,SPARK10,11751.0,SHIPPED
ORD000293,04/06/2026,New York,COLA33,59324.0,SHIPPED
ORD003319,2026-01-01,Philadelphia ,SPARK10,14763.0,SHIPPED
ORD000477,2026-01-28,New York,JUICE10,22642.0,SHIPPED
ORD000347,2025-12-08,New York,TEA50,13466.0,SHIPPED
ORD004998,2026-01-09,Miami,ENER25,4850.0,SHIPPED
ORD001408,15/12/2025,Chicago ,SPARK10,137.0,SHIPPED
ORD001712,2025-11-11,Chicago,JUICE10,2715.0,SHIPPED
ORD000278,25/03/2026,New York,COLA33,4267.0,SHIPPED
ORD002709,31/03/2026,Phoenix,SPARK10,17764.0,SHIPPED
ORD005251,2026-08-20,Seattle,SPARK10,13760.0,SHIPPED
ORD006110,2025-10-15,Denver,JUICE10,560.0,SHIPPED
ORD000603,01/04/2026,New York,ENER25,40502.0,SHIPPED
ORD003842,14/01/2026,Atlanta,STILL15,19286.0,SHIPPED
ORD008861,01/07/2026,Denver,ENER25,1077.0,CANCELLED
ORD007056,2025-11-03,Minneapolis ,SPARK10,11696.0,SHIPPED
ORD006937,2025-10-07,Minneapolis,STILL15,9893.0,SHIPPED
ORD004495,2026-02-17,Miami ,STILL15,2989.0,SHIPPED
ORD004478,25/12/2025,Miami,STILL15,10068.0,SHIPPED
ORD005466,23/09/2025,Seattle,JUICE10,8654.0,SHIPPED
ORD007734,2026-06-08,Detroit,SPARK10,9385.0,SHIPPED
ORD005124,2026-05-05, seattle,STILL15,1563.0,SHIPPED
ORD004036,2025-11-03,Atlanta,COLA33,11166.0,SHIPPED
ORD004409,24/04/2026,Atlanta,ENER25,6966.0,SHIPPED
ORD002563,12/11/2025,PHOENIX,STILL15,19831.0,SHIPPED
ORD005293,2026-01-19,Seattle,COLA33,6051.0,SHIPPED
ORD000950,2026-06-09,Los Angeles,COLA33,122226.0,SHIPPED
ORD003676,2026-07-02,Philadelphia,JUICE10,12854.0,SHIPPED
ORD007147,16/10/2025,Minneapolis,COLA33,18577.0,SHIPPED
ORD006581,2026-05-25,Boston,COLA33,89169.0,SHIPPED
ORD007863,17/09/2025,Detroit,TEA50,11430.0,SHIPPED
ORD005120,2026-04-24, seattle,STILL15,12964.0,SHIPPED
ORD001605,2025-10-31,Chicago,TEA50,6395.0,SHIPPED
ORD000187,2026-05-20,New York,SPARK10,441.0,SHIPPED
ORD004109,2026-07-08,Atlanta,COLA33,89215.0,SHIPPED
ORD007650,2026-08-12,Detroit ,STILL15,3354.0,SHIPPED
ORD000087,13/07/2026,NEW YORK,STILL15,28414.0,SHIPPED
ORD005923,2026-01-23,DENVER,COLA33,42521.0,SHIPPED
ORD006691,2026-07-16,BOSTON,TEA50,15492.0,SHIPPED
ORD000500,30/03/2026,New York ,JUICE10,23022.0,SHIPPED
ORD005664,2026-07-20,Seattle,ENER25,4497.0,SHIPPED
ORD005269,2025-10-27,Seattle ,COLA33,54722.0,SHIPPED
ORD005838,09/03/2026,DENVER,SPARK10,13438.0,SHIPPED
ORD001163,2026-08-27,Los Angeles,JUICE10,4318.0,SHIPPED
ORD001867,2026-05-12,Chicago,ENER25,25368.0,SHIPPED
ORD000839,2026-06-17,Los Angeles ,SPARK10,1675.0,SHIPPED
ORD004113,23/07/2026,Atlanta ,COLA33,104468.0,SHIPPED
ORD007143,2025-09-29, minneapolis,COLA33,31398.0,SHIPPED
ORD007092,13/03/2026,Minneapolis,SPARK10,13452.0,SHIPPED
ORD007639,2026-06-26,Detroit,STILL15,3653.0,SHIPPED
ORD005603,30/12/2025,Seattle,ENER25,6062.0,SHIPPED
ORD004268,2026-01-15,Atlanta,JUICE10,9964.0,SHIPPED
ORD006726,2025-11-05,Boston,JUICE10,2165.0,SHIPPED
ORD008913,2026-06-02,Chicago,JUICE10,4195.0,CANCELLED
ORD003633,2026-02-11,Philadelphia,JUICE10,5645.0,SHIPPED
ORD000710,2026-04-01, los angeles,STILL15,2316.0,SHIPPED
ORD005742,02/04/2026, denver,STILL15,3162.0,SHIPPED
ORD002393,2026-06-01,Houston,JUICE10,7129.0,SHIPPED
ORD001490,2025-10-13,Chicago,COLA33,66039.0,SHIPPED
ORD001051,2026-07-07,Los Angeles ,TEA50,17219.0,SHIPPED
ORD002400,2026-06-24,Houston,JUICE10,1754.0,SHIPPED
ORD003690,10/08/2026,PHILADELPHIA,JUICE10,7498.0,SHIPPED
ORD004766,2025-10-10,MIAMI,TEA50,25001.0,SHIPPED
ORD008850,2026-01-09,Detroit,STILL15,12868.0,CANCELLED
ORD004996,2026-01-01, miami,ENER25,29421.0,SHIPPED
ORD003085,2025-10-28,Phoenix,ENER25,14409.0,SHIPPED
ORD004509,2026-03-27,Miami,STILL15,8865.0,SHIPPED
ORD007190,13/04/2026,MINNEAPOLIS,COLA33,11487.0,SHIPPED
ORD005760,05/06/2026, denver,STILL15,13766.0,SHIPPED
ORD002506,2026-05-14, houston,ENER25,11711.0,SHIPPED
ORD000857,04/08/2026,LOS ANGELES,SPARK10,17084.0,SHIPPED
ORD001144,2026-06-15,Los Angeles,JUICE10,9437.0,SHIPPED
ORD003611,2025-12-05,Philadelphia,JUICE10,18607.0,SHIPPED
ORD008704,2026-08-18,San Francisco,JUICE10,8781.0,SHIPPED
ORD005635,2026-04-23,Seattle,ENER25,8237.0,SHIPPED
ORD007403,2026-04-24,Minneapolis ,JUICE10,6790.0,SHIPPED
ORD001629,16/01/2026,Chicago ,TEA50,32403.0,SHIPPED
ORD003685,2026-07-31,Philadelphia,JUICE10,4977.0,SHIPPED
ORD001395,30/10/2025,CHICAGO,SPARK10,10162.0,SHIPPED
ORD001851,2026-03-19,Chicago,ENER25,33659.0,SHIPPED
ORD007621,05/05/2026,Detroit,STILL15,1940.0,SHIPPED
ORD007420,25/06/2026, minneapolis,JUICE10,7597.0,SHIPPED
ORD005208,23/03/2026,Seattle,SPARK10,1313.0,SHIPPED
ORD003196,2025-11-11,PHILADELPHIA,STILL15,4995.0,SHIPPED
ORD005477,13/11/2025, seattle,JUICE10,6524.0,SHIPPED
ORD002932,2026-05-08,Phoenix,TEA50,13678.0,SHIPPED
ORD007134,2026-08-27,Minneapolis ,SPARK10,3607.0,SHIPPED
ORD008595,25/08/2026,San Francisco,TEA50,5959.0,SHIPPED
ORD002858,2025-09-08,Phoenix,TEA50,10325.0,SHIPPED
ORD003961,2026-03-06, atlanta,SPARK10,13283.0,SHIPPED
ORD000592,2026-02-18,New York,ENER25,4579.0,SHIPPED
ORD005428,2026-05-07,Seattle,TEA50,12440.0,SHIPPED
ORD001298,11/12/2025,Chicago,STILL15,720.0,SHIPPED
ORD006563,2026-03-30,Boston,COLA33,11732.0,SHIPPED
ORD000266,23/02/2026,New York,COLA33,31749.0,SHIPPED
ORD007645,2026-07-21,Detroit ,STILL15,2066.0,SHIPPED
ORD007620,2026-04-28,DETROIT,STILL15,5127.0,SHIPPED
ORD004290,2026-03-23,Atlanta,JUICE10,969.0,SHIPPED
ORD007700,2026-02-04,Detroit,SPARK10,12915.0,SHIPPED
ORD000498,2026-03-23,New York,JUICE10,14464.0,SHIPPED
ORD007847,2026-07-28,Detroit,COLA33,3224.0,SHIPPED
ORD003329,04/02/2026,PHILADELPHIA,SPARK10,4227.0,SHIPPED
ORD000826,29/04/2026,Los Angeles,SPARK10,21111.0,SHIPPED
ORD005199,02/03/2026,Seattle,SPARK10,7760.0,SHIPPED
ORD005143,2026-07-09,Seattle,STILL15,5104.0,SHIPPED
ORD005515,17/03/2026,Seattle ,JUICE10,10407.0,SHIPPED
ORD007364,2025-12-19,Minneapolis ,JUICE10,9823.0,SHIPPED
ORD006259,2026-04-22,Denver,ENER25,7337.0,SHIPPED
ORD005965,01/06/2026,Denver,COLA33,5441.0,SHIPPED
ORD000655,01/10/2025,Los Angeles,STILL15,7807.0,SHIPPED
ORD001963,2026-04-17, houston,STILL15,19492.0,SHIPPED
ORD002882,2025-12-12,Phoenix,TEA50,17114.0,SHIPPED
ORD001884,10/07/2026,Chicago,ENER25,30389.0,SHIPPED
ORD005631,2026-04-08,Seattle,ENER25,17097.0,SHIPPED
ORD002838,2026-07-03,Phoenix,COLA33,77820.0,SHIPPED
ORD001136,2026-05-13,Los Angeles ,JUICE10,5031.0,SHIPPED
ORD005214,13/04/2026,Seattle,SPARK10,3944.0,SHIPPED
ORD000909,2026-01-21,Los Angeles,COLA33,76735.0,SHIPPED
ORD004203,2026-06-04, atlanta,TEA50,7565.0,SHIPPED
ORD001660,2026-04-29,Chicago,TEA50,21580.0,SHIPPED
ORD006520,2025-10-30,Boston,COLA33,74100.0,SHIPPED
ORD005011,2026-02-19,Miami,ENER25,7142.0,SHIPPED
ORD006008,2025-10-28,Denver,TEA50,14564.0,SHIPPED
ORD002854,2026-08-26,Phoenix,COLA33,26661.0,SHIPPED
ORD008672,2026-05-15,San Francisco ,JUICE10,6598.0,SHIPPED
ORD008074,27/08/2026,Detroit,JUICE10,4137.0,SHIPPED
ORD003789,2026-07-10,Philadelphia,ENER25,19181.0,SHIPPED
ORD000878,2025-10-07,Los Angeles ,COLA33,102042.0,SHIPPED
ORD002319,2025-09-24,Houston,JUICE10,5647.0,SHIPPED
ORD006301,17/09/2025,Boston,STILL15,13079.0,SHIPPED
ORD002870,03/11/2025, phoenix,TEA50,24758.0,SHIPPED
ORD000726,2026-05-19,Los Angeles,STILL15,33837.0,SHIPPED
ORD001485,23/09/2025, chicago,COLA33,36892.0,SHIPPED
ORD002855,2025-09-03,Phoenix,TEA50,2395.0,SHIPPED
ORD005911,2025-12-17,Denver,COLA33,22220.0,SHIPPED
ORD007817,2026-04-08,Detroit,COLA33,37778.0,SHIPPED
ORD000993,2025-11-18,Los Angeles,TEA50,27541.0,SHIPPED
ORD007696,2026-01-26,Detroit,SPARK10,2109.0,SHIPPED
ORD001998,2026-08-25,Houston,STILL15,11356.0,SHIPPED
ORD008826,10/03/2026,Boston ,SPARK10,6176.0,CANCELLED
ORD006899,2026-05-22,Boston,ENER25,22663.0,SHIPPED
ORD004417,25/05/2026,Atlanta,ENER25,38336.0,SHIPPED
ORD005857,2026-05-08,Denver,SPARK10,12223.0,SHIPPED
ORD004785,22/12/2025, miami,TEA50,1437.0,SHIPPED
ORD001299,2025-12-09,Chicago,STILL15,16195.0,SHIPPED
ORD007224,2026-08-17,Minneapolis,COLA33,55965.0,SHIPPED
ORD008693,2026-07-15,San Francisco,JUICE10,4061.0,SHIPPED
ORD002647,26/08/2026,Phoenix,STILL15,1454.0,SHIPPED
ORD002010,13/10/2025,Houston,SPARK10,7446.0,SHIPPED
ORD006062,2026-04-20,Denver,TEA50,6474.0,SHIPPED
ORD008921,27/04/2026,Denver,COLA33,48134.0,CANCELLED
ORD001468,20/07/2026,Chicago,SPARK10,18415.0,SHIPPED
ORD008568,19/05/2026,San Francisco,TEA50,15094.0,SHIPPED
ORD003033,23/04/2026,Phoenix ,JUICE10,4157.0,SHIPPED
ORD001420,2026-02-06,Chicago,SPARK10,8236.0,SHIPPED
ORD008432,19/01/2026,San Francisco,COLA33,51700.0,SHIPPED
ORD006681,28/05/2026,Boston,TEA50,2070.0,SHIPPED
ORD008810,2026-08-11,San Francisco,ENER25,8966.0,SHIPPED
ORD002743,29/07/2026,Phoenix,SPARK10,6998.0,SHIPPED
ORD002200,13/07/2026,Houston,COLA33,24791.0,SHIPPED
ORD000425,18/08/2026,New York,TEA50,2090.0,SHIPPED
ORD000959,17/07/2026,Los Angeles,COLA33,127300.0,SHIPPED
ORD003950,06/01/2026,Atlanta,SPARK10,4407.0,SHIPPED
ORD004717,2026-03-20, miami,COLA33,62443.0,SHIPPED
ORD005119,13/04/2026,Seattle,STILL15,227.0,SHIPPED
ORD004002,2026-07-17,Atlanta,SPARK10,10791.0,SHIPPED
ORD001938,2026-01-07,HOUSTON,STILL15,5978.0,SHIPPED
ORD004668,2025-10-08,Miami,COLA33,66221.0,SHIPPED
ORD002118,2025-10-09,Houston,COLA33,38738.0,SHIPPED
ORD008216,2025-12-11,San Francisco,STILL15,4066.0,SHIPPED
ORD008192,2025-10-03,San Francisco,STILL15,98.0,SHIPPED
ORD004749,24/07/2026,Miami,COLA33,106509.0,SHIPPED
ORD001387,08/10/2025,Chicago,SPARK10,1366.0,SHIPPED
ORD006027,2026-01-22,Denver,TEA50,9577.0,SHIPPED
ORD007252,2025-11-14,Minneapolis,TEA50,14307.0,SHIPPED
ORD004732,2026-05-15,Miami,COLA33,55239.0,SHIPPED
ORD007747,2026-08-07,Detroit,SPARK10,4182.0,SHIPPED
ORD003520,09/01/2026,Philadelphia,TEA50,15269.0,SHIPPED
ORD008789,2026-06-10, san francisco,ENER25,13205.0,SHIPPED
ORD007426,21/07/2026,Minneapolis,JUICE10,2094.0,SHIPPED
ORD007151,2025-10-27,Minneapolis,COLA33,53579.0,SHIPPED
ORD004594,2026-01-16,Miami ,SPARK10,10913.0,SHIPPED
ORD001892,27/07/2026,Chicago,ENER25,4807.0,SHIPPED
ORD001443,2026-05-01,Chicago,SPARK10,1178.0,SHIPPED
ORD001446,2026-05-06,CHICAGO,SPARK10,21938.0,SHIPPED
ORD003236,2026-03-24,Philadelphia,STILL15,14856.0,SHIPPED
ORD006061,23/04/2026,Denver ,TEA50,527.0,SHIPPED
ORD005437,10/06/2026,Seattle,TEA50,3922.0,SHIPPED
ORD003437,2026-02-18,Philadelphia,COLA33,34091.0,SHIPPED
ORD002572,16/12/2025,Phoenix,STILL15,5879.0,SHIPPED
ORD000030,09/12/2025,New York,STILL15,18631.0,SHIPPED
ORD008781,2026-05-12,San Francisco,ENER25,19464.0,SHIPPED
ORD000360,21/01/2026,New York,TEA50,20741.0,SHIPPED
ORD004342,09/09/2025,Atlanta,ENER25,8888.0,SHIPPED
ORD000310,2026-08-06,New York,COLA33,161759.0,SHIPPED
ORD003551,28/04/2026,Philadelphia,TEA50,8517.0,SHIPPED
ORD004451,2025-09-26,Miami,STILL15,13792.0,SHIPPED
ORD005310,23/03/2026,Seattle,COLA33,81575.0,SHIPPED
ORD008766,2026-03-23,San Francisco,ENER25,16979.0,SHIPPED
ORD005093,22/12/2025,Seattle,STILL15,3383.0,SHIPPED
ORD001463,29/06/2026,Chicago,SPARK10,2958.0,SHIPPED
ORD005491,24/12/2025, seattle,JUICE10,3252.0,SHIPPED
ORD000730,2026-06-04, los angeles,STILL15,41282.0,SHIPPED
ORD007085,19/02/2026,Minneapolis,SPARK10,16184.0,SHIPPED
ORD006233,02/01/2026,Denver,ENER25,28422.0,SHIPPED
ORD004819,04/05/2026,Miami,TEA50,23912.0,SHIPPED
ORD001692,2026-08-27, chicago,TEA50,3517.0,SHIPPED
ORD004981,05/11/2025, miami,ENER25,37128.0,SHIPPED
ORD008912,2025-09-16,Houston,ENER25,18993.0,CANCELLED
ORD000977,2025-09-23,Los Angeles,TEA50,7227.0,SHIPPED
ORD002228,28/10/2025,Houston,TEA50,8680.0,SHIPPED
ORD008949,2025-11-21,Boston,COLA33,28155.0,CANCELLED
ORD003476,2026-07-10,Philadelphia,COLA33,44054.0,SHIPPED
ORD000540,2025-09-04, new york,ENER25,5546.0,SHIPPED
ORD001029,2026-04-07,Los Angeles,TEA50,4702.0,SHIPPED
ORD001849,2026-03-02,CHICAGO,ENER25,1134.0,SHIPPED
ORD007631,2026-06-01,DETROIT,STILL15,3902.0,SHIPPED
ORD006020,24/12/2025,Denver,TEA50,4827.0,SHIPPED
ORD000096,2026-08-14,New York,STILL15,38622.0,SHIPPED
ORD001169,2025-09-08,Los Angeles ,ENER25,19231.0,SHIPPED
ORD008085,2025-10-08,Detroit,ENER25,6732.0,SHIPPED
ORD008751,05/02/2026,San Francisco ,ENER25,5610.0,SHIPPED
ORD007366,2025-12-22,Minneapolis,JUICE10,2933.0,SHIPPED
ORD001573,10/07/2026,Chicago ,COLA33,270.0,SHIPPED
ORD007981,2025-10-21,Detroit,JUICE10,1056.0,SHIPPED
ORD008199,2025-10-20,San Francisco,STILL15,9512.0,SHIPPED
ORD003999,2026-07-09,Atlanta ,SPARK10,2530.0,SHIPPED
ORD006395,2026-08-27,Boston,STILL15,21682.0,SHIPPED
ORD007487,05/02/2026, minneapolis,ENER25,7711.0,SHIPPED
ORD002830,2026-06-11,Phoenix,COLA33,12331.0,SHIPPED
ORD003845,19/01/2026,Atlanta,STILL15,13225.0,SHIPPED
ORD001409,2025-12-19,Chicago,SPARK10,5762.0,SHIPPED
ORD005176,2025-12-02,Seattle,SPARK10,16050.0,SHIPPED
ORD006974,2026-02-24,Minneapolis,STILL15,1562.0,SHIPPED
ORD004610,20/03/2026,Miami,SPARK10,16343.0,SHIPPED
ORD002121,13/10/2025, houston,COLA33,19495.0,SHIPPED
ORD006870,20/02/2026,Boston ,ENER25,8203.0,SHIPPED
ORD000342,2025-11-24,New York,TEA50,1882.0,SHIPPED
ORD005353,2026-08-10,Seattle,COLA33,4460.0,SHIPPED
ORD003089,2025-11-11,Phoenix ,ENER25,21317.0,SHIPPED
ORD000681,30/12/2025,Los Angeles,STILL15,3260.0,SHIPPED
ORD005902,30/10/2025,Denver,COLA33,53664.0,SHIPPED
ORD007946,2026-07-09,Detroit,TEA50,5209.0,SHIPPED
ORD008137,2026-03-12,Detroit ,ENER25,9982.0,SHIPPED
ORD007395,2026-03-27,Minneapolis,JUICE10,6712.0,SHIPPED
ORD000941,2026-05-14,Los Angeles,COLA33,39493.0,SHIPPED
ORD005452,2026-07-30,Seattle ,TEA50,19717.0,SHIPPED
ORD008499,15/09/2025,San Francisco,TEA50,17919.0,SHIPPED
ORD002028,2025-12-31,Houston,SPARK10,8147.0,SHIPPED
ORD000137,2025-12-10,New York,SPARK10,26622.0,SHIPPED
ORD003805,01/09/2025, atlanta,STILL15,18452.0,SHIPPED
ORD003841,08/01/2026,Atlanta,STILL15,13034.0,SHIPPED
ORD006262,2026-05-04,Denver,ENER25,34850.0,SHIPPED
ORD006559,2026-03-16,Boston,COLA33,13637.0,SHIPPED
ORD000840,18/06/2026,LOS ANGELES,SPARK10,34772.0,SHIPPED
ORD006839,2025-10-20,Boston,ENER25,3451.0,SHIPPED
ORD004761,2025-09-15,Miami,TEA50,5261.0,SHIPPED
ORD000341,2025-11-17, new york,TEA50,705.0,SHIPPED
ORD000608,23/04/2026,New York,ENER25,29786.0,SHIPPED
ORD003770,2026-05-08,Philadelphia,ENER25,19220.0,SHIPPED
ORD000606,2026-04-16,New York,ENER25,60790.0,SHIPPED
ORD003769,2026-05-01,Philadelphia,ENER25,27512.0,SHIPPED
ORD001077,09/10/2025,Los Angeles,JUICE10,20533.0,SHIPPED
ORD004538,2026-06-26,Miami,STILL15,25662.0,SHIPPED
ORD000175,2026-04-23, new york,SPARK10,2383.0,SHIPPED
ORD002613,2026-05-01,Phoenix,STILL15,7367.0,SHIPPED
ORD002473,10/02/2026,Houston,ENER25,10786.0,SHIPPED
ORD001542,2026-03-27,Chicago,COLA33,12864.0,SHIPPED
ORD004387,2026-02-09,Atlanta,ENER25,23545.0,SHIPPED
ORD008879,2025-11-13,San Francisco,TEA50,2303.0,CANCELLED
ORD006944,2025-11-05,Minneapolis,STILL15,21283.0,SHIPPED
ORD008551,23/03/2026,San Francisco,TEA50,8131.0,SHIPPED
ORD001274,11/09/2025,Chicago ,STILL15,9327.0,SHIPPED
ORD005842,2026-03-23,DENVER,SPARK10,19735.0,SHIPPED
ORD004609,2026-03-19,Miami,SPARK10,1468.0,SHIPPED
ORD008220,2025-12-25,San Francisco,STILL15,10424.0,SHIPPED
ORD005095,2025-12-31,Seattle,STILL15,19281.0,SHIPPED
ORD004520,23/04/2026,Miami,STILL15,17728.0,SHIPPED
ORD000413,2026-07-07,New York,TEA50,42256.0,SHIPPED
ORD002119,07/10/2025,Houston,COLA33,2320.0,SHIPPED
ORD005855,2026-04-28,DENVER,SPARK10,12439.0,SHIPPED
ORD004184,2026-04-07,Atlanta ,TEA50,7698.0,SHIPPED
ORD008695,15/07/2026,San Francisco ,JUICE10,4217.0,SHIPPED
ORD003172,27/08/2026,Phoenix,ENER25,6483.0,SHIPPED
ORD006862,23/01/2026,Boston,ENER25,24007.0,SHIPPED
ORD000974,2025-09-12,Los Angeles,TEA50,42270.0,SHIPPED
ORD008335,26/02/2026,San Francisco,SPARK10,1428.0,SHIPPED
ORD000747,2026-07-22,Los Angeles,STILL15,12805.0,SHIPPED
ORD000520,12/06/2026,New York,JUICE10,6884.0,SHIPPED
ORD000211,2026-08-21,New York,SPARK10,13093.0,SHIPPED
ORD001416,2026-01-14,Chicago,SPARK10,27604.0,SHIPPED
ORD001512,2025-12-25,Chicago,COLA33,21731.0,SHIPPED
ORD002148,2026-01-12,Houston,COLA33,27607.0,SHIPPED
ORD007384,10/02/2026,Minneapolis,JUICE10,4533.0,SHIPPED
ORD007342,07/10/2025,Minneapolis,JUICE10,7521.0,SHIPPED
ORD006300,2025-09-18,Boston,STILL15,687.0,SHIPPED
ORD003435,12/02/2026,Philadelphia,COLA33,1438.0,SHIPPED
ORD000986,21/10/2025,Los Angeles,TEA50,11635.0,SHIPPED
ORD000020,2025-11-06, new york,STILL15,43476.0,SHIPPED
ORD002535,10/08/2026,Houston ,ENER25,9017.0,SHIPPED
ORD005794,2025-10-06,Denver,SPARK10,12676.0,SHIPPED
ORD008572,2026-06-05,SAN FRANCISCO,TEA50,24291.0,SHIPPED
ORD007702,10/02/2026,Detroit,SPARK10,5325.0,SHIPPED
ORD004396,12/03/2026,ATLANTA,ENER25,38552.0,SHIPPED
ORD008172,2026-07-14,Detroit,ENER25,15100.0,SHIPPED
ORD008400,2025-10-08,San Francisco,COLA33,86187.0,SHIPPED
ORD007683,2025-12-11,Detroit,SPARK10,18593.0,SHIPPED
ORD003621,01/01/2026,Philadelphia,JUICE10,3709.0,SHIPPED
ORD000709,03/04/2026,LOS ANGELES,STILL15,34833.0,SHIPPED
ORD002281,2026-05-14,Houston,TEA50,3260.0,SHIPPED
ORD000279,2026-03-30, new york,COLA33,160929.0,SHIPPED
ORD000787,2025-12-15,Los Angeles,SPARK10,6887.0,SHIPPED
ORD005460,2026-08-27,Seattle,TEA50,3543.0,SHIPPED
ORD008857,21/07/2026,Detroit,STILL15,11801.0,CANCELLED
ORD006981,18/03/2026,Minneapolis,STILL15,4488.0,SHIPPED
ORD001586,2026-08-26,Chicago,COLA33,58955.0,SHIPPED
ORD004123,26/08/2026,Atlanta,COLA33,81433.0,SHIPPED
ORD006744,2026-01-02,Boston,JUICE10,4897.0,SHIPPED
ORD003273,13/07/2026,Philadelphia,STILL15,15543.0,SHIPPED
ORD007978,14/10/2025,Detroit,JUICE10,5123.0,SHIPPED
ORD005338,29/06/2026,Seattle,COLA33,47709.0,SHIPPED
ORD005633,2026-04-17, seattle,ENER25,13526.0,SHIPPED
ORD002347,2026-01-01,Houston,JUICE10,1727.0,SHIPPED
ORD005978,2026-07-23,Denver,COLA33,15352.0,SHIPPED
ORD007938,2026-06-11,Detroit,TEA50,11493.0,SHIPPED
ORD008638,23/01/2026,San Francisco,JUICE10,8594.0,SHIPPED
ORD005578,06/10/2025,SEATTLE,ENER25,1813.0,SHIPPED
ORD003117,2026-02-23,Phoenix,ENER25,1499.0,SHIPPED
ORD003663,22/05/2026, philadelphia,JUICE10,11214.0,SHIPPED
ORD007105,2026-05-14,Minneapolis ,SPARK10,14600.0,SHIPPED
ORD006999,05/05/2026,Minneapolis,STILL15,3759.0,SHIPPED
ORD008875,2026-06-15,Miami,JUICE10,10069.0,CANCELLED
ORD006497,2026-08-10,Boston,SPARK10,8251.0,SHIPPED
ORD008828,07/11/2025,DENVER,SPARK10,1734.0,CANCELLED
ORD007752,17/08/2026,Detroit,SPARK10,3114.0,SHIPPED
ORD006678,2026-05-22,Boston,TEA50,17412.0,SHIPPED
ORD007501,02/04/2026,Minneapolis,ENER25,3633.0,SHIPPED
ORD004404,2026-04-07,Atlanta,ENER25,28512.0,SHIPPED
ORD002894,2026-01-21,Phoenix,TEA50,14785.0,SHIPPED
ORD000415,2026-07-16,New York,TEA50,2561.0,SHIPPED
ORD008713,2025-09-25,San Francisco,ENER25,29456.0,SHIPPED
ORD000671,2025-11-27,Los Angeles,STILL15,11832.0,SHIPPED
ORD006694,2026-07-20,Boston,TEA50,12503.0,SHIPPED
ORD002493,07/04/2026,Houston,ENER25,4784.0,SHIPPED
ORD005844,2026-04-02,DENVER,SPARK10,1266.0,SHIPPED
ORD005557,2026-08-10,Seattle,JUICE10,309.0,SHIPPED
ORD006541,30/12/2025,Boston,COLA33,8603.0,SHIPPED
ORD006366,2026-05-21,Boston,STILL15,4167.0,SHIPPED
ORD002322,2025-09-30,HOUSTON,JUICE10,2911.0,SHIPPED
ORD001626,09/01/2026,Chicago,TEA50,4164.0,SHIPPED
ORD002541,2025-09-02,Phoenix,STILL15,15826.0,SHIPPED
ORD003353,20/04/2026,PHILADELPHIA,SPARK10,3876.0,SHIPPED
ORD006727,2025-11-07,Boston,JUICE10,9371.0,SHIPPED
ORD006946,13/11/2025, minneapolis,STILL15,8014.0,SHIPPED
ORD001524,30/01/2026,Chicago,COLA33,81692.0,SHIPPED
ORD008474,2026-06-15,San Francisco,COLA33,7844.0,SHIPPED
ORD004715,2026-03-11, miami,COLA33,82649.0,SHIPPED
ORD007803,12/02/2026,Detroit,COLA33,13127.0,SHIPPED
ORD007988,17/11/2025,Detroit,JUICE10,9844.0,SHIPPED
ORD006097,2026-08-26,Denver,TEA50,18330.0,SHIPPED
ORD006342,20/02/2026, boston,STILL15,19323.0,SHIPPED
ORD007601,17/02/2026,Detroit,STILL15,3868.0,SHIPPED
ORD003027,10/04/2026, phoenix,JUICE10,1308.0,SHIPPED
ORD005694,2025-11-07,Denver,STILL15,7496.0,SHIPPED
ORD002801,2026-02-17,Phoenix,COLA33,17990.0,SHIPPED
ORD008010,13/01/2026,Detroit,JUICE10,793.0,SHIPPED
ORD003216,2026-01-29,Philadelphia,STILL15,22099.0,SHIPPED
ORD005449,15/07/2026, seattle,TEA50,11594.0,SHIPPED
ORD001481,2025-09-17,Chicago,COLA33,7474.0,SHIPPED
ORD006629,2025-11-18,Boston,TEA50,6806.0,SHIPPED
ORD001393,22/10/2025,Chicago,SPARK10,21065.0,SHIPPED
ORD002661,20/10/2025,Phoenix,SPARK10,7952.0,SHIPPED
ORD006817,2026-08-07,Boston,JUICE10,9334.0,SHIPPED
ORD002178,20/05/2026,Houston,COLA33,29764.0,SHIPPED
ORD006659,19/03/2026,Boston,TEA50,836.0,SHIPPED
ORD001447,2026-05-08,Chicago,SPARK10,11888.0,SHIPPED
ORD007086,20/02/2026,Minneapolis,SPARK10,438.0,SHIPPED
ORD007460,2025-11-13,Minneapolis,ENER25,11094.0,SHIPPED
ORD002535,10/08/2026,Houston ,ENER25,9017.0,SHIPPED
ORD002208,03/08/2026,Houston,COLA33,82812.0,SHIPPED
ORD000267,25/02/2026,New York,COLA33,29264.0,SHIPPED
ORD001355,2026-06-10,Chicago,STILL15,2290.0,SHIPPED
ORD008703,2026-08-10,San Francisco,JUICE10,4006.0,SHIPPED
ORD008813,2026-08-28,San Francisco,ENER25,24469.0,SHIPPED
ORD006051,2026-03-27,Denver,TEA50,6640.0,SHIPPED
ORD004357,2025-11-06,Atlanta,ENER25,15539.0,SHIPPED
ORD002170,16/04/2026,Houston ,COLA33,63011.0,SHIPPED
ORD008181,20/08/2026,Detroit ,ENER25,12277.0,SHIPPED
ORD005716,13/01/2026,Denver,STILL15,985.0,SHIPPED
ORD003572,2026-06-30, philadelphia,TEA50,6680.0,SHIPPED
ORD003494,2025-09-15,PHILADELPHIA,TEA50,6484.0,SHIPPED
ORD003185,2025-10-17,Philadelphia,STILL15,5927.0,SHIPPED
ORD005561,2026-08-26,Seattle,JUICE10,898.0,SHIPPED
ORD001103,2025-12-29,Los Angeles,JUICE10,11487.0,SHIPPED
ORD000744,2026-07-07,LOS ANGELES,STILL15,7934.0,SHIPPED
ORD004174,23/02/2026,Atlanta,TEA50,26844.0,SHIPPED
ORD008005,06/01/2026,Detroit,JUICE10,1346.0,SHIPPED
ORD006798,2026-06-18,Boston,JUICE10,2685.0,SHIPPED
ORD003311,04/12/2025,Philadelphia,SPARK10,920.0,SHIPPED
ORD004633,2026-06-12,Miami,SPARK10,3158.0,SHIPPED
ORD004958,10/08/2026,Miami,JUICE10,8450.0,SHIPPED
ORD005763,2026-06-09,Denver,STILL15,8376.0,SHIPPED
ORD006655,2026-03-04,Boston,TEA50,21666.0,SHIPPED
ORD003687,2026-08-07,Philadelphia,JUICE10,6052.0,SHIPPED
ORD003277,2026-07-31,PHILADELPHIA,STILL15,12498.0,SHIPPED
ORD008750,2026-02-02, san francisco,ENER25,19167.0,SHIPPED
ORD004028,2025-10-10,Atlanta,COLA33,112957.0,SHIPPED
ORD002172,23/04/2026, houston,COLA33,89531.0,SHIPPED
ORD003518,2025-12-24,PHILADELPHIA,TEA50,7157.0,SHIPPED
ORD001793,24/08/2026,Chicago,JUICE10,436.0,SHIPPED
ORD004013,2026-08-21, atlanta,SPARK10,27623.0,SHIPPED
ORD005328,2026-06-03,Seattle,COLA33,38339.0,SHIPPED
ORD005720,27/01/2026,Denver,STILL15,12986.0,SHIPPED
ORD005582,2025-10-24,Seattle,ENER25,26609.0,SHIPPED
ORD000825,27/04/2026,Los Angeles,SPARK10,26136.0,SHIPPED
ORD003133,2026-04-13,Phoenix,ENER25,8057.0,SHIPPED
ORD003459,04/05/2026,Philadelphia,COLA33,77726.0,SHIPPED
ORD008024,2026-02-26, detroit,JUICE10,2483.0,SHIPPED
ORD006052,2026-04-03, denver,TEA50,514.0,SHIPPED
ORD007525,15/06/2026,Minneapolis ,ENER25,3131.0,SHIPPED
ORD008610,2025-10-15,San Francisco,JUICE10,9712.0,SHIPPED
ORD007463,2025-11-27,MINNEAPOLIS,ENER25,705.0,SHIPPED
ORD006696,2026-07-30,Boston,TEA50,616.0,SHIPPED
ORD004975,06/10/2025,Miami,ENER25,2783.0,SHIPPED
ORD002218,2025-09-26, houston,TEA50,2214.0,SHIPPED
ORD008642,2026-01-28,San Francisco,JUICE10,1097.0,SHIPPED
ORD008709,2025-09-11,San Francisco,ENER25,12696.0,SHIPPED
ORD001778,06/07/2026,Chicago,JUICE10,6616.0,SHIPPED
ORD003289,2025-09-01,Philadelphia,SPARK10,3023.0,SHIPPED
ORD006148,2026-02-16,Denver,JUICE10,1008.0,SHIPPED
ORD008617,2025-11-12,San Francisco,JUICE10,4253.0,SHIPPED
ORD007452,2025-10-15,Minneapolis,ENER25,9469.0,SHIPPED
ORD000511,2026-05-19,New York,JUICE10,5310.0,SHIPPED
ORD008274,16/06/2026,San Francisco,STILL15,4978.0,SHIPPED
ORD007966,2025-09-05,Detroit,JUICE10,4102.0,SHIPPED
ORD003699,2025-09-03,Philadelphia,ENER25,18843.0,SHIPPED
ORD006478,29/05/2026,Boston,SPARK10,6842.0,SHIPPED
ORD006670,2026-04-16,Boston,TEA50,17900.0,SHIPPED
ORD007417,2026-06-16, minneapolis,JUICE10,6157.0,SHIPPED
ORD007546,2026-08-28,Minneapolis,ENER25,9141.0,SHIPPED
ORD003114,2026-02-18,Phoenix,ENER25,26887.0,SHIPPED
ORD007776,2025-11-21,Detroit ,COLA33,5066.0,SHIPPED
ORD002193,29/06/2026,Houston ,COLA33,2099.0,SHIPPED
ORD002562,2025-11-07,Phoenix,STILL15,23039.0,SHIPPED
ORD004479,2025-12-30,Miami,STILL15,11588.0,SHIPPED
ORD005370,2025-10-22,Seattle ,TEA50,214.0,SHIPPED
ORD006530,01/12/2025,Boston,COLA33,32613.0,SHIPPED
ORD000656,2025-10-07,Los Angeles,STILL15,42851.0,SHIPPED
ORD000435,22/09/2025,New York ,JUICE10,12413.0,SHIPPED
ORD002614,01/05/2026,PHOENIX,STILL15,3625.0,SHIPPED
ORD005048,2026-07-08,Miami ,ENER25,2993.0,SHIPPED
ORD008631,2025-12-29,SAN FRANCISCO,JUICE10,12153.0,SHIPPED
ORD004129,26/09/2025,Atlanta,TEA50,32039.0,SHIPPED
ORD006382,2026-07-09,Boston,STILL15,9491.0,SHIPPED
ORD001158,2026-08-13,Los Angeles,JUICE10,4721.0,SHIPPED
ORD006547,2026-02-06,Boston,COLA33,66845.0,SHIPPED
ORD004286,2026-03-18,Atlanta,JUICE10,11236.0,SHIPPED
ORD004586,2025-12-10,Miami,SPARK10,4255.0,SHIPPED
ORD002779,2025-12-02,Phoenix,COLA33,3876.0,SHIPPED
ORD004224,2026-08-13,Atlanta,TEA50,14276.0,SHIPPED
ORD001846,2026-02-23,Chicago,ENER25,9755.0,SHIPPED
ORD002523,09/07/2026,Houston ,ENER25,42171.0,SHIPPED
ORD001897,2026-08-18,Chicago,ENER25,25879.0,SHIPPED
ORD004408,2026-04-21,Atlanta,ENER25,23996.0,SHIPPED
ORD006626,14/11/2025,Boston,TEA50,15590.0,SHIPPED
ORD003480,2026-07-23,Philadelphia,COLA33,68066.0,SHIPPED
ORD002708,2026-03-23,Phoenix,SPARK10,11590.0,SHIPPED
ORD000764,2025-10-06,Los Angeles,SPARK10,22509.0,SHIPPED
ORD007973,2025-10-01, detroit,JUICE10,2370.0,SHIPPED
ORD002238,2025-12-02,Houston,TEA50,28424.0,SHIPPED
ORD008253,08/04/2026,San Francisco,STILL15,6220.0,SHIPPED
ORD006589,2026-06-25,Boston,COLA33,19907.0,SHIPPED
ORD004787,2026-01-02,Miami ,TEA50,19976.0,SHIPPED
ORD006631,2025-11-24,Boston,TEA50,3490.0,SHIPPED
ORD007354,17/11/2025,Minneapolis,JUICE10,213.0,SHIPPED
ORD005280,2025-12-10,Seattle ,COLA33,41690.0,SHIPPED
ORD008093,2025-10-27, detroit,ENER25,9997.0,SHIPPED
ORD001088,2025-11-11,Los Angeles ,JUICE10,12026.0,SHIPPED
ORD006482,2026-06-08,Boston,SPARK10,4331.0,SHIPPED
ORD004083,2026-04-06,Atlanta,COLA33,114357.0,SHIPPED
ORD004513,08/04/2026,Miami,STILL15,7700.0,SHIPPED
ORD001748,09/03/2026,Chicago,JUICE10,2275.0,SHIPPED
ORD002315,17/09/2025,Houston,JUICE10,5733.0,SHIPPED
ORD007572,2025-11-19,Detroit,STILL15,4203.0,SHIPPED
ORD002847,27/07/2026,Phoenix ,COLA33,15893.0,SHIPPED
ORD002023,2025-12-04, houston,SPARK10,19997.0,SHIPPED
ORD000201,2026-07-09,NEW YORK,SPARK10,12367.0,SHIPPED
ORD005133,2026-06-01,Seattle,STILL15,10020.0,SHIPPED
ORD008388,2026-08-19,San Francisco,SPARK10,13174.0,SHIPPED
ORD004195,2026-05-05,ATLANTA,TEA50,16020.0,SHIPPED
ORD000480,2026-02-03,New York,JUICE10,7755.0,SHIPPED
ORD006644,2026-01-15,Boston,TEA50,21370.0,SHIPPED
ORD003689,11/08/2026,Philadelphia,JUICE10,2168.0,SHIPPED
ORD002332,2025-10-29,Houston,JUICE10,4730.0,SHIPPED
ORD008734,2025-11-28,San Francisco,ENER25,23664.0,SHIPPED
ORD005545,2026-07-06,Seattle,JUICE10,11733.0,SHIPPED
ORD003510,2025-12-03,Philadelphia,TEA50,20905.0,SHIPPED
ORD004255,2025-11-18,Atlanta,JUICE10,3915.0,SHIPPED
ORD005150,2026-08-06,Seattle,STILL15,14685.0,SHIPPED
ORD004087,2026-04-29,Atlanta,COLA33,117056.0,SHIPPED
ORD008989,23/04/2026,Phoenix,ENER25,30028.0,CANCELLED
ORD005807,2025-11-19,Denver,SPARK10,7601.0,SHIPPED
ORD007874,20/10/2025,Detroit,TEA50,3655.0,SHIPPED
ORD005717,23/01/2026,DENVER,STILL15,6119.0,SHIPPED
ORD005101,2026-01-27,SEATTLE,STILL15,11132.0,SHIPPED
ORD008441,2026-02-16,San Francisco,COLA33,5000.0,SHIPPED
ORD005912,15/12/2025, denver,COLA33,41556.0,SHIPPED
ORD006612,08/09/2025,Boston ,TEA50,24327.0,SHIPPED
ORD007732,03/06/2026, detroit,SPARK10,8499.0,SHIPPED
ORD000050,2026-03-03,New York ,STILL15,24917.0,SHIPPED
ORD004617,2026-04-17,Miami,SPARK10,19911.0,SHIPPED
ORD005651,2026-06-10,Seattle ,ENER25,1302.0,SHIPPED
ORD002427,2025-09-11,Houston,ENER25,19526.0,SHIPPED
ORD002910,13/03/2026,Phoenix,TEA50,13592.0,SHIPPED
ORD000866,2025-09-02,Los Angeles,COLA33,85923.0,SHIPPED
ORD002406,2026-07-08,Houston,JUICE10,10215.0,SHIPPED
ORD003112,2026-02-09,Phoenix,ENER25,25669.0,SHIPPED
ORD008001,2025-12-22,Detroit,JUICE10,3798.0,SHIPPED
ORD007772,2025-11-12,Detroit,COLA33,52380.0,SHIPPED
ORD005610,2026-01-23,Seattle,ENER25,22024.0,SHIPPED
ORD005315,15/04/2026,Seattle,COLA33,104123.0,SHIPPED
ORD002978,2025-10-14,Phoenix,JUICE10,11976.0,SHIPPED
ORD003084,2025-10-20,Phoenix,ENER25,3532.0,SHIPPED
ORD004629,27/05/2026,MIAMI,SPARK10,3528.0,SHIPPED
ORD006312,29/10/2025,Boston,STILL15,1185.0,SHIPPED
ORD007618,22/04/2026,Detroit ,STILL15,477.0,SHIPPED
ORD008360,2026-05-29,San Francisco,SPARK10,2909.0,SHIPPED
ORD005094,22/12/2025,Seattle,STILL15,19496.0,SHIPPED
ORD000247,2025-12-23,New York,COLA33,91762.0,SHIPPED
ORD002186,09/06/2026,Houston ,COLA33,15140.0,SHIPPED
ORD005808,2025-11-20,DENVER,SPARK10,2016.0,SHIPPED
ORD002687,14/01/2026,Phoenix,SPARK10,22588.0,SHIPPED
ORD002004,2025-09-08,Houston ,SPARK10,3557.0,SHIPPED
ORD004254,2025-11-21, atlanta,JUICE10,135.0,SHIPPED
ORD000559,2025-11-13,New York,ENER25,18076.0,SHIPPED
ORD007563,2025-10-21,DETROIT,STILL15,11531.0,SHIPPED
ORD000616,18/05/2026,New York,ENER25,8593.0,SHIPPED
ORD006985,24/03/2026,Minneapolis,STILL15,404.0,SHIPPED
ORD005010,09/02/2026,Miami,ENER25,6554.0,SHIPPED
ORD008555,2026-04-15,San Francisco,TEA50,10187.0,SHIPPED
ORD006654,2026-02-24,Boston ,TEA50,8325.0,SHIPPED
ORD006933,25/09/2025,Minneapolis,STILL15,18810.0,SHIPPED
ORD008029,2026-03-16, detroit,JUICE10,9186.0,SHIPPED
ORD000720,2026-04-27,Los Angeles,STILL15,4149.0,SHIPPED
ORD003629,26/01/2026,PHILADELPHIA,JUICE10,2613.0,SHIPPED
ORD002695,2026-02-10,Phoenix,SPARK10,69.0,SHIPPED
ORD000684,06/01/2026,Los Angeles,STILL15,35030.0,SHIPPED
ORD007625,2026-05-11,Detroit,STILL15,2363.0,SHIPPED
ORD000196,2026-06-26,New York ,SPARK10,11360.0,SHIPPED
ORD001179,15/10/2025,Los Angeles ,ENER25,50517.0,SHIPPED
ORD003348,01/04/2026,Philadelphia,SPARK10,10846.0,SHIPPED
ORD000981,30/09/2025,LOS ANGELES,TEA50,34139.0,SHIPPED
ORD000811,2026-03-06,Los Angeles,SPARK10,20303.0,SHIPPED
ORD000629,23/06/2026,New York,ENER25,27784.0,SHIPPED
ORD006289,12/08/2026,Denver ,ENER25,15015.0,SHIPPED
ORD004722,2026-04-09, miami,COLA33,72370.0,SHIPPED
ORD001160,2026-08-13,Los Angeles,JUICE10,5550.0,SHIPPED
ORD000461,2025-12-09,New York,JUICE10,8422.0,SHIPPED
ORD001530,09/02/2026,Chicago,COLA33,46193.0,SHIPPED
ORD004251,2025-11-06,Atlanta ,JUICE10,1455.0,SHIPPED
ORD005309,17/03/2026,Seattle,COLA33,210.0,SHIPPED
ORD004158,2026-01-09,ATLANTA,TEA50,9487.0,SHIPPED
ORD000248,2025-12-23,New York,COLA33,46303.0,SHIPPED
ORD008684,2026-06-10,San Francisco,JUICE10,208.0,SHIPPED
ORD007858,05/09/2025,DETROIT,TEA50,3054.0,SHIPPED
ORD002954,2026-07-08,PHOENIX,TEA50,10259.0,SHIPPED
ORD008491,2026-08-17,SAN FRANCISCO,COLA33,43413.0,SHIPPED
ORD000259,30/01/2026,NEW YORK,COLA33,145267.0,SHIPPED
ORD002671,2025-11-28,Phoenix,SPARK10,9509.0,SHIPPED
ORD006922,2026-08-13,Boston,ENER25,21273.0,SHIPPED
ORD008724,30/10/2025,San Francisco,ENER25,11753.0,SHIPPED
ORD007181,2026-03-10, minneapolis,COLA33,41999.0,SHIPPED
ORD005031,2026-05-14,MIAMI,ENER25,14631.0,SHIPPED
ORD008763,18/03/2026,San Francisco,ENER25,1869.0,SHIPPED
ORD008862,2026-01-20,Atlanta,ENER25,50743.0,CANCELLED
ORD002593,2026-02-26,Phoenix,STILL15,12973.0,SHIPPED
ORD004994,26/12/2025,Miami,ENER25,15083.0,SHIPPED
ORD006965,05/02/2026, minneapolis,STILL15,4886.0,SHIPPED
ORD004651,2026-08-07,MIAMI,SPARK10,25187.0,SHIPPED
ORD000702,2026-03-02,Los Angeles,STILL15,33861.0,SHIPPED
ORD001427,2026-02-20,Chicago,SPARK10,9402.0,SHIPPED
ORD008115,2025-12-29,Detroit,ENER25,2952.0,SHIPPED
ORD003315,2025-12-17,Philadelphia,SPARK10,3849.0,SHIPPED
ORD004903,05/02/2026,Miami ,JUICE10,5122.0,SHIPPED
ORD006354,2026-04-09,Boston ,STILL15,22071.0,SHIPPED
ORD007063,05/12/2025,MINNEAPOLIS,SPARK10,3903.0,SHIPPED
ORD008522,02/12/2025, san francisco,TEA50,23762.0,SHIPPED
ORD002714,2026-04-17,Phoenix,SPARK10,5500.0,SHIPPED
ORD002318,2025-09-23,Houston ,JUICE10,9511.0,SHIPPED
ORD000931,16/04/2026,Los Angeles,COLA33,69185.0,SHIPPED
ORD005249,2026-08-06,Seattle ,SPARK10,8164.0,SHIPPED
ORD006789,2026-05-28,Boston,JUICE10,601.0,SHIPPED
ORD001738,12/02/2026,Chicago,JUICE10,2929.0,SHIPPED
ORD004484,16/01/2026,Miami,STILL15,14811.0,SHIPPED
ORD000357,07/01/2026,New York,TEA50,15300.0,SHIPPED
ORD000817,31/03/2026, los angeles,SPARK10,3837.0,SHIPPED
ORD008230,2026-01-22,San Francisco,STILL15,2947.0,SHIPPED
ORD008882,2026-08-12,Boston,COLA33,37058.0,CANCELLED
ORD006819,12/08/2026,Boston,JUICE10,7287.0,SHIPPED
ORD000215,2025-09-02,NEW YORK,COLA33,3643.0,SHIPPED
ORD005342,2026-07-08,Seattle,COLA33,34338.0,SHIPPED
ORD001568,25/06/2026,Chicago,COLA33,26220.0,SHIPPED
ORD004841,2026-07-15,Miami,TEA50,10324.0,SHIPPED
ORD004464,2025-11-11,Miami,STILL15,18954.0,SHIPPED
ORD004443,2026-08-24,Atlanta,ENER25,6337.0,SHIPPED
ORD005998,2025-09-29,Denver,TEA50,6375.0,SHIPPED
ORD007071,2025-12-30,Minneapolis,SPARK10,11030.0,SHIPPED
ORD004829,08/06/2026,Miami,TEA50,3436.0,SHIPPED
ORD004183,03/04/2026,ATLANTA,TEA50,20547.0,SHIPPED
ORD006605,19/08/2026,Boston,COLA33,12275.0,SHIPPED
ORD007613,06/04/2026,Detroit,STILL15,6162.0,SHIPPED
ORD006961,22/01/2026,Minneapolis ,STILL15,15365.0,SHIPPED
ORD003879,2026-05-29,Atlanta,STILL15,1380.0,SHIPPED
ORD006833,2025-10-09,Boston,ENER25,5076.0,SHIPPED
ORD005819,2026-01-05,Denver,SPARK10,11731.0,SHIPPED
ORD005731,2026-02-27, denver,STILL15,3752.0,SHIPPED
ORD007950,2026-07-23,Detroit,TEA50,6833.0,SHIPPED
ORD000241,2025-11-28,New York,COLA33,113586.0,SHIPPED
ORD001259,2026-07-23,Los Angeles ,ENER25,47048.0,SHIPPED
ORD000590,2026-02-12,NEW YORK,ENER25,28283.0,SHIPPED
ORD006127,02/12/2025,Denver,JUICE10,9102.0,SHIPPED
ORD000865,2025-09-03,Los Angeles,COLA33,43002.0,SHIPPED
ORD008309,12/11/2025, san francisco,SPARK10,5125.0,SHIPPED
ORD000847,2026-07-14,LOS ANGELES,SPARK10,3591.0,SHIPPED
ORD001185,03/11/2025,Los Angeles,ENER25,1377.0,SHIPPED
ORD004523,2026-05-05,Miami,STILL15,12276.0,SHIPPED
ORD006546,2026-01-28,Boston,COLA33,51033.0,SHIPPED
ORD002261,09/02/2026, houston,TEA50,12573.0,SHIPPED
ORD006085,2026-07-16,Denver,TEA50,5621.0,SHIPPED
ORD006564,2026-04-01,Boston,COLA33,13244.0,SHIPPED
ORD001321,23/02/2026,Chicago,STILL15,11563.0,SHIPPED
ORD006213,2025-10-15, denver,ENER25,14948.0,SHIPPED
ORD008174,2026-07-30,Detroit,ENER25,18358.0,SHIPPED
ORD000892,04/12/2025,Los Angeles,COLA33,13063.0,SHIPPED
ORD006537,2025-12-24, boston,COLA33,4782.0,SHIPPED
ORD003422,2026-01-02,Philadelphia,COLA33,44441.0,SHIPPED
ORD005589,2025-11-21,Seattle,ENER25,18770.0,SHIPPED
ORD003211,09/01/2026,Philadelphia,STILL15,3141.0,SHIPPED
ORD004799,2026-02-19,Miami,TEA50,32022.0,SHIPPED
ORD000088,2026-07-15,New York,STILL15,10772.0,SHIPPED
ORD007275,2026-02-04,Minneapolis,TEA50,5601.0,SHIPPED
ORD007869,2025-09-29,DETROIT,TEA50,6757.0,SHIPPED
ORD007339,2025-09-23,Minneapolis ,JUICE10,11673.0,SHIPPED
ORD001728,2026-01-12,Chicago,JUICE10,1979.0,SHIPPED
ORD005226,2026-05-20,SEATTLE,SPARK10,3001.0,SHIPPED
ORD000652,2025-09-22,Los Angeles,STILL15,27756.0,SHIPPED
ORD004803,04/03/2026,Miami,TEA50,2443.0,SHIPPED
ORD001075,24/09/2025,Los Angeles,JUICE10,14075.0,SHIPPED
ORD000601,25/03/2026,New York ,ENER25,77190.0,SHIPPED
ORD000754,2026-08-27,Los Angeles,STILL15,32257.0,SHIPPED
ORD002827,03/06/2026,Phoenix,COLA33,41702.0,SHIPPED
ORD002817,17/04/2026,Phoenix,COLA33,57756.0,SHIPPED
ORD001310,2026-01-14,Chicago,STILL15,13762.0,SHIPPED
ORD006359,2026-04-29,Boston,STILL15,3854.0,SHIPPED
ORD005818,31/12/2025,Denver ,SPARK10,16989.0,SHIPPED
ORD003830,2025-11-28,Atlanta,STILL15,9862.0,SHIPPED
ORD004512,2026-03-30,MIAMI,STILL15,1465.0,SHIPPED
ORD005773,17/07/2026,Denver,STILL15,1185.0,SHIPPED
ORD004050,2025-12-24,Atlanta,COLA33,62737.0,SHIPPED
ORD004955,2026-07-31,Miami,JUICE10,2330.0,SHIPPED
ORD001881,2026-06-15,Chicago ,ENER25,23753.0,SHIPPED
ORD005681,29/09/2025,Denver ,STILL15,16432.0,SHIPPED
ORD008946,20/08/2026,Philadelphia,TEA50,14631.0,CANCELLED
ORD000988,31/10/2025,Los Angeles,TEA50,50659.0,SHIPPED
ORD007647,31/07/2026,DETROIT,STILL15,8511.0,SHIPPED
ORD005614,05/02/2026,Seattle,ENER25,15926.0,SHIPPED
ORD000339,14/11/2025, new york,TEA50,12377.0,SHIPPED
ORD006490,2026-07-09,Boston,SPARK10,1012.0,SHIPPED
ORD007132,2026-08-19,Minneapolis,SPARK10,12673.0,SHIPPED
ORD003585,20/08/2026,Philadelphia,TEA50,10641.0,SHIPPED
ORD004153,24/12/2025,Atlanta,TEA50,6625.0,SHIPPED
ORD002786,2025-12-29,Phoenix,COLA33,78233.0,SHIPPED
ORD003419,2025-12-09,Philadelphia,COLA33,25538.0,SHIPPED
ORD002744,2026-08-07,PHOENIX,SPARK10,8287.0,SHIPPED
ORD007387,23/02/2026,Minneapolis,JUICE10,7724.0,SHIPPED
ORD005172,2025-11-04,Seattle,SPARK10,13825.0,SHIPPED
ORD003604,06/11/2025,Philadelphia,JUICE10,2941.0,SHIPPED
ORD001200,23/12/2025,Los Angeles,ENER25,17568.0,SHIPPED
ORD001695,2025-09-01,Chicago ,JUICE10,2204.0,SHIPPED
ORD005311,30/03/2026,Seattle,COLA33,35582.0,SHIPPED
ORD004428,2026-07-07,Atlanta ,ENER25,36504.0,SHIPPED
ORD003588,2026-08-24,Philadelphia ,TEA50,7740.0,SHIPPED
ORD005341,2026-07-07,Seattle,COLA33,23446.0,SHIPPED
ORD002129,21/11/2025,HOUSTON,COLA33,60867.0,SHIPPED
ORD004942,2026-05-28,Miami,JUICE10,3629.0,SHIPPED
ORD001096,2025-12-12,Los Angeles ,JUICE10,1528.0,SHIPPED
ORD004847,2026-07-28,MIAMI,TEA50,4346.0,SHIPPED
ORD003386,2025-09-03,Philadelphia,COLA33,42909.0,SHIPPED
ORD007168,2026-01-22,Minneapolis,COLA33,61437.0,SHIPPED
ORD007742,30/06/2026,Detroit,SPARK10,8246.0,SHIPPED
ORD008817,2026-08-07,Los Angeles ,COLA33,128065.0,CANCELLED
ORD008416,2025-12-02,San Francisco,COLA33,60843.0,SHIPPED
ORD000134,2025-12-01,New York,SPARK10,19016.0,SHIPPED
ORD005441,17/06/2026,Seattle,TEA50,1675.0,SHIPPED
ORD005088,2025-12-02,Seattle,STILL15,13782.0,SHIPPED
ORD000824,21/04/2026,Los Angeles,SPARK10,10671.0,SHIPPED
ORD003797,2026-08-14,Philadelphia,ENER25,3122.0,SHIPPED
ORD002715,2026-04-24,Phoenix ,SPARK10,9475.0,SHIPPED
ORD005950,08/04/2026,Denver,COLA33,4831.0,SHIPPED
ORD005699,27/11/2025,Denver,STILL15,7660.0,SHIPPED
ORD003061,2026-08-03,PHOENIX,JUICE10,2310.0,SHIPPED
ORD007885,27/11/2025,Detroit ,TEA50,5588.0,SHIPPED
ORD006953,2025-12-12,Minneapolis,STILL15,14252.0,SHIPPED
ORD007377,2026-01-27,Minneapolis,JUICE10,3877.0,SHIPPED
ORD001682,20/07/2026, chicago,TEA50,9752.0,SHIPPED
ORD002251,12/01/2026,Houston,TEA50,43037.0,SHIPPED
ORD008771,03/04/2026,San Francisco,ENER25,3992.0,SHIPPED
ORD001248,2026-06-18,Los Angeles,ENER25,47932.0,SHIPPED
ORD007616,2026-04-22,Detroit,STILL15,1201.0,SHIPPED
ORD006734,2025-12-03,Boston,JUICE10,6742.0,SHIPPED
ORD001990,2026-07-28,Houston,STILL15,3311.0,SHIPPED
ORD007564,2025-10-29,Detroit,STILL15,7135.0,SHIPPED
ORD003976,2026-04-27,Atlanta,SPARK10,2057.0,SHIPPED
ORD008337,2026-02-23,San Francisco,SPARK10,3788.0,SHIPPED
ORD006673,2026-04-29,Boston,TEA50,6008.0,SHIPPED
ORD006443,2026-02-11,Boston,SPARK10,1707.0,SHIPPED
ORD001650,2026-04-10,CHICAGO,TEA50,9975.0,SHIPPED
ORD006378,2026-06-30,Boston,STILL15,2036.0,SHIPPED
ORD005433,2026-05-27,Seattle,TEA50,10364.0,SHIPPED
ORD001228,2026-03-31,Los Angeles,ENER25,5103.0,SHIPPED
ORD002330,2025-10-27,Houston,JUICE10,3473.0,SHIPPED
ORD008395,2025-09-11,SAN FRANCISCO,COLA33,40644.0,SHIPPED
ORD008554,09/04/2026,San Francisco,TEA50,18738.0,SHIPPED
ORD002616,2026-05-06,Phoenix,STILL15,23608.0,SHIPPED
ORD002804,05/03/2026,Phoenix,COLA33,101709.0,SHIPPED
ORD003405,2025-10-30, philadelphia,COLA33,39789.0,SHIPPED
ORD005690,27/10/2025,Denver,STILL15,15832.0,SHIPPED
ORD001571,2026-07-06,Chicago,COLA33,97796.0,SHIPPED
ORD003563,28/05/2026,Philadelphia,TEA50,8843.0,SHIPPED
ORD002136,17/12/2025,Houston ,COLA33,2963.0,SHIPPED
ORD008453,2026-04-08,SAN FRANCISCO,COLA33,47976.0,SHIPPED
ORD003814,2025-09-30,Atlanta,STILL15,2038.0,SHIPPED
ORD003848,2026-02-06,Atlanta,STILL15,16857.0,SHIPPED
ORD004092,2026-05-18,Atlanta,COLA33,51122.0,SHIPPED
ORD002306,2026-08-12,Houston,TEA50,13303.0,SHIPPED
ORD005040,2026-06-15, miami,ENER25,22227.0,SHIPPED
ORD001809,2025-10-23,Chicago,ENER25,5734.0,SHIPPED
ORD008162,2026-06-18,Detroit,ENER25,20484.0,SHIPPED
ORD006087,2026-07-23,Denver,TEA50,20513.0,SHIPPED
ORD003298,07/10/2025,Philadelphia ,SPARK10,9005.0,SHIPPED
ORD001101,31/12/2025,Los Angeles,JUICE10,661.0,SHIPPED
ORD006340,2026-02-03,Boston ,STILL15,16807.0,SHIPPED
ORD005138,2026-06-25, seattle,STILL15,9309.0,SHIPPED
ORD008508,2025-10-21,San Francisco,TEA50,6005.0,SHIPPED
ORD005660,17/07/2026,Seattle,ENER25,1880.0,SHIPPED
ORD007989,18/11/2025,Detroit,JUICE10,623.0,SHIPPED
ORD004071,2026-03-10,Atlanta,COLA33,13240.0,SHIPPED
ORD006285,23/07/2026,Denver,ENER25,145.0,SHIPPED
ORD005615,2026-02-10,Seattle,ENER25,17224.0,SHIPPED
ORD006150,26/02/2026,Denver,JUICE10,5707.0,SHIPPED
ORD004940,25/05/2026,Miami,JUICE10,6479.0,SHIPPED
ORD001454,2026-06-02,Chicago,SPARK10,7022.0,SHIPPED
ORD006162,30/03/2026, denver,JUICE10,6357.0,SHIPPED
ORD004656,2026-08-26,Miami ,SPARK10,21266.0,SHIPPED
ORD003002,2026-01-15,Phoenix,JUICE10,9710.0,SHIPPED
ORD007210,2026-06-24,Minneapolis,COLA33,39128.0,SHIPPED
ORD008654,12/03/2026,SAN FRANCISCO,JUICE10,6399.0,SHIPPED
ORD008464,15/05/2026, san francisco,COLA33,7118.0,SHIPPED
ORD000235,2025-11-07,New York,COLA33,47184.0,SHIPPED
ORD007314,2026-06-26,Minneapolis,TEA50,14549.0,SHIPPED
ORD002864,2025-10-14,Phoenix ,TEA50,23865.0,SHIPPED
ORD002109,16/09/2025, houston,COLA33,834.0,SHIPPED
ORD005730,2026-02-24,Denver,STILL15,7486.0,SHIPPED
ORD000535,2026-08-05,New York,JUICE10,19156.0,SHIPPED
ORD002217,18/09/2025,Houston,TEA50,32573.0,SHIPPED
ORD001755,2026-04-02,Chicago ,JUICE10,2279.0,SHIPPED
ORD006698,04/08/2026,Boston,TEA50,3935.0,SHIPPED
ORD002415,2026-08-04,Houston,JUICE10,1694.0,SHIPPED
ORD006451,2026-03-06,Boston,SPARK10,3538.0,SHIPPED
ORD006623,2025-10-22, boston,TEA50,23013.0,SHIPPED
ORD006281,16/07/2026,Denver,ENER25,1264.0,SHIPPED
ORD006569,14/04/2026,Boston,COLA33,6168.0,SHIPPED
ORD005413,2026-03-27,Seattle,TEA50,14499.0,SHIPPED
ORD005471,2025-10-14,Seattle,JUICE10,10991.0,SHIPPED
ORD003548,2026-04-22,Philadelphia,TEA50,19441.0,SHIPPED
ORD002088,2026-07-16,Houston,SPARK10,3793.0,SHIPPED
ORD006969,2026-02-19,Minneapolis,STILL15,2749.0,SHIPPED
ORD002495,17/04/2026,Houston,ENER25,24736.0,SHIPPED
ORD005052,23/07/2026,Miami ,ENER25,11143.0,SHIPPED
ORD002376,03/04/2026,Houston,JUICE10,14604.0,SHIPPED
ORD004777,2025-11-21,Miami,TEA50,19348.0,SHIPPED
ORD001526,2026-02-06, chicago,COLA33,29539.0,SHIPPED
ORD003325,22/01/2026,Philadelphia,SPARK10,6248.0,SHIPPED
ORD002143,2025-12-29,Houston ,COLA33,45697.0,SHIPPED
ORD007628,2026-05-18, detroit,STILL15,9053.0,SHIPPED
ORD008009,2026-01-16,Detroit,JUICE10,5803.0,SHIPPED
ORD000506,30/04/2026,New York ,JUICE10,20047.0,SHIPPED
ORD001984,10/07/2026,Houston,STILL15,6045.0,SHIPPED
ORD007617,20/04/2026,Detroit ,STILL15,13922.0,SHIPPED
ORD007638,25/06/2026,Detroit,STILL15,156.0,SHIPPED
ORD000640,2026-08-11,New York,ENER25,43082.0,SHIPPED
ORD005187,2026-01-09,SEATTLE,SPARK10,10824.0,SHIPPED
ORD003029,15/04/2026,Phoenix,JUICE10,4715.0,SHIPPED
ORD004330,2026-08-06,Atlanta,JUICE10,3697.0,SHIPPED
ORD002182,2026-05-26,Houston,COLA33,37028.0,SHIPPED
ORD004105,01/07/2026,Atlanta,COLA33,38691.0,SHIPPED
ORD004042,2025-12-03,Atlanta,COLA33,55155.0,SHIPPED
ORD007850,2026-08-04,Detroit,COLA33,10664.0,SHIPPED
ORD001936,2026-01-02,HOUSTON,STILL15,15097.0,SHIPPED
ORD002510,19/05/2026,Houston,ENER25,11580.0,SHIPPED
ORD003540,2026-03-17, philadelphia,TEA50,7481.0,SHIPPED
ORD007310,2026-06-10,Minneapolis,TEA50,2970.0,SHIPPED
ORD000512,2026-05-22,New York,JUICE10,19458.0,SHIPPED
ORD001678,2026-07-06,Chicago,TEA50,16539.0,SHIPPED
ORD002875,2025-11-20, phoenix,TEA50,3017.0,SHIPPED
ORD006143,05/02/2026,Denver ,JUICE10,1499.0,SHIPPED
ORD007718,2026-04-22,Detroit,SPARK10,11980.0,SHIPPED
ORD004813,2026-04-22,MIAMI,TEA50,28476.0,SHIPPED
ORD008768,2026-03-24,San Francisco,ENER25,11677.0,SHIPPED
ORD001433,2026-03-16,Chicago,SPARK10,6662.0,SHIPPED
ORD004132,2025-10-08,Atlanta,TEA50,5618.0,SHIPPED
ORD004861,05/09/2025,Miami,JUICE10,94.0,SHIPPED
ORD008744,2026-01-13,San Francisco,ENER25,27163.0,SHIPPED
ORD008490,11/08/2026,San Francisco,COLA33,4631.0,SHIPPED
ORD005450,16/07/2026,Seattle,TEA50,6083.0,SHIPPED
ORD001724,2025-12-25,Chicago,JUICE10,10641.0,SHIPPED
ORD004299,2026-04-28,ATLANTA,JUICE10,697.0,SHIPPED
ORD004603,25/02/2026,Miami,SPARK10,1638.0,SHIPPED
ORD008463,2026-05-15,San Francisco,COLA33,36256.0,SHIPPED
ORD001352,2026-06-04, chicago,STILL15,6188.0,SHIPPED
ORD006928,25/08/2026,Boston ,ENER25,1932.0,SHIPPED
ORD008867,02/12/2025,Minneapolis,STILL15,12440.0,CANCELLED
ORD002174,2026-04-29,Houston,COLA33,71300.0,SHIPPED
ORD007098,2026-04-08,Minneapolis,SPARK10,10601.0,SHIPPED
ORD000446,2025-10-27,New York,JUICE10,406.0,SHIPPED
ORD008887,2026-07-13,Detroit,SPARK10,17800.0,CANCELLED
ORD003284,12/08/2026,Philadelphia,STILL15,10215.0,SHIPPED
ORD007941,2026-06-16,Detroit,TEA50,10334.0,SHIPPED
ORD001546,2026-04-07,Chicago,COLA33,96530.0,SHIPPED
ORD003958,18/02/2026,Atlanta,SPARK10,17457.0,SHIPPED
ORD001706,24/10/2025,Chicago,JUICE10,10986.0,SHIPPED
ORD004188,2026-04-16,Atlanta,TEA50,20217.0,SHIPPED
ORD008300,2025-10-03,SAN FRANCISCO,SPARK10,12017.0,SHIPPED
ORD006267,02/06/2026,Denver,ENER25,25275.0,SHIPPED
ORD008050,2026-06-03,Detroit,JUICE10,6292.0,SHIPPED
ORD008042,2026-05-04, detroit,JUICE10,7352.0,SHIPPED
ORD002412,27/07/2026,Houston,JUICE10,611.0,SHIPPED
ORD004815,2026-04-27,Miami,TEA50,6048.0,SHIPPED
ORD004384,26/01/2026,Atlanta,ENER25,23028.0,SHIPPED
ORD004964,2025-09-01,Miami ,ENER25,38865.0,SHIPPED
ORD004380,2026-01-15,Atlanta,ENER25,12046.0,SHIPPED
ORD005278,2025-12-02, seattle,COLA33,28414.0,SHIPPED
ORD005914,30/12/2025, denver,COLA33,81280.0,SHIPPED
ORD006939,2025-10-14,Minneapolis,STILL15,17933.0,SHIPPED
ORD002094,2026-07-28,Houston,SPARK10,17092.0,SHIPPED
ORD006560,16/03/2026,Boston,COLA33,2324.0,SHIPPED
ORD008289,2026-08-14,San Francisco,STILL15,3059.0,SHIPPED
ORD008906,2025-11-24,CHICAGO,COLA33,145740.0,CANCELLED
ORD003716,2025-10-29,Philadelphia ,ENER25,2355.0,SHIPPED
ORD000646,10/09/2025,Los Angeles,STILL15,17313.0,SHIPPED
ORD005710,2025-12-31,Denver,STILL15,15507.0,SHIPPED
ORD002183,2026-06-03,Houston,COLA33,4580.0,SHIPPED
ORD006523,2025-11-13,Boston,COLA33,57449.0,SHIPPED
ORD001457,2026-06-11,Chicago,SPARK10,404.0,SHIPPED
ORD007451,2025-10-14,MINNEAPOLIS,ENER25,1441.0,SHIPPED
ORD001235,2026-05-05,Los Angeles,ENER25,5489.0,SHIPPED
ORD002689,21/01/2026,Phoenix,SPARK10,5064.0,SHIPPED
ORD006049,2026-03-23,Denver,TEA50,13015.0,SHIPPED
ORD007806,2026-02-24,Detroit,COLA33,31798.0,SHIPPED
ORD003503,2025-10-20,Philadelphia,TEA50,24324.0,SHIPPED
ORD007171,2026-01-27,Minneapolis,COLA33,5635.0,SHIPPED
ORD001545,2026-03-31,Chicago,COLA33,33334.0,SHIPPED
ORD001073,2025-09-18,Los Angeles,JUICE10,2298.0,SHIPPED
ORD003468,2026-06-04,PHILADELPHIA,COLA33,3512.0,SHIPPED
ORD001567,2026-06-22,Chicago,COLA33,49593.0,SHIPPED
ORD007582,2025-12-15, detroit,STILL15,6831.0,SHIPPED
ORD006128,09/12/2025,Denver,JUICE10,4256.0,SHIPPED
ORD007311,2026-06-18,MINNEAPOLIS,TEA50,5075.0,SHIPPED
ORD008260,27/04/2026,San Francisco,STILL15,11325.0,SHIPPED
ORD008066,28/07/2026,Detroit ,JUICE10,6478.0,SHIPPED
ORD004750,2026-07-27,Miami,COLA33,95244.0,SHIPPED
ORD003677,08/07/2026,Philadelphia,JUICE10,5741.0,SHIPPED
ORD005943,19/03/2026,Denver,COLA33,63142.0,SHIPPED
ORD007984,2025-10-31,Detroit,JUICE10,4706.0,SHIPPED
ORD001960,2026-04-03,Houston ,STILL15,22728.0,SHIPPED
ORD008487,2026-08-03,SAN FRANCISCO,COLA33,23579.0,SHIPPED
ORD002468,27/01/2026,Houston ,ENER25,15208.0,SHIPPED
ORD004398,2026-03-24,Atlanta,ENER25,342.0,SHIPPED
ORD006492,14/07/2026,Boston,SPARK10,14202.0,SHIPPED
ORD008385,2026-08-11, san francisco,SPARK10,946.0,SHIPPED
ORD005756,2026-05-18,Denver,STILL15,10718.0,SHIPPED
ORD004568,2025-10-15,Miami,SPARK10,7465.0,SHIPPED
ORD000538,27/08/2026,New York,JUICE10,16140.0,SHIPPED
ORD001141,2026-06-03, los angeles,JUICE10,21175.0,SHIPPED
ORD003583,2026-08-17,Philadelphia,TEA50,730.0,SHIPPED
ORD004368,10/12/2025,Atlanta,ENER25,19131.0,SHIPPED
ORD004790,2026-01-09,Miami,TEA50,27861.0,SHIPPED
ORD004097,2026-06-11,Atlanta,COLA33,31763.0,SHIPPED
ORD006945,2025-11-11,MINNEAPOLIS,STILL15,10815.0,SHIPPED
ORD000796,2026-01-15,Los Angeles,SPARK10,29043.0,SHIPPED
ORD000206,2026-07-23,New York,SPARK10,29799.0,SHIPPED
ORD000152,2026-02-09,New York,SPARK10,27306.0,SHIPPED
ORD003696,27/08/2026,Philadelphia,JUICE10,8950.0,SHIPPED
ORD002058,06/04/2026,Houston ,SPARK10,16312.0,SHIPPED
ORD006591,25/06/2026,Boston,COLA33,35086.0,SHIPPED
ORD000205,2026-07-21,NEW YORK,SPARK10,11093.0,SHIPPED
ORD005621,2026-03-06,Seattle,ENER25,8682.0,SHIPPED
ORD008446,2026-03-04, san francisco,COLA33,47965.0,SHIPPED
ORD006630,2025-11-24,BOSTON,TEA50,14743.0,SHIPPED
ORD008872,24/02/2026,MIAMI,JUICE10,6995.0,CANCELLED
ORD007593,21/01/2026,Detroit,STILL15,4316.0,SHIPPED
ORD001199,2025-12-16,Los Angeles,ENER25,5248.0,SHIPPED
ORD007478,2026-01-14, minneapolis,ENER25,625.0,SHIPPED
ORD001632,2026-01-26,Chicago,TEA50,8270.0,SHIPPED
ORD008468,25/05/2026,San Francisco,COLA33,68396.0,SHIPPED
ORD008021,17/02/2026, detroit,JUICE10,4778.0,SHIPPED
ORD000639,2026-08-05,New York,ENER25,51813.0,SHIPPED
ORD002070,2026-05-18,Houston ,SPARK10,3559.0,SHIPPED
ORD000150,26/01/2026,New York,SPARK10,30998.0,SHIPPED
ORD004948,25/06/2026,Miami,JUICE10,8082.0,SHIPPED
ORD007371,09/01/2026, minneapolis,JUICE10,2601.0,SHIPPED
ORD003005,2026-01-22,Phoenix,JUICE10,9126.0,SHIPPED
ORD008358,2026-05-19,San Francisco,SPARK10,11227.0,SHIPPED
ORD003618,2025-12-24,Philadelphia ,JUICE10,9287.0,SHIPPED
ORD001585,2026-08-19,Chicago,COLA33,63147.0,SHIPPED
ORD003022,2026-03-25,Phoenix,JUICE10,10329.0,SHIPPED
ORD002235,20/11/2025,HOUSTON,TEA50,17158.0,SHIPPED
ORD007595,2026-01-21,Detroit,STILL15,9374.0,SHIPPED
ORD002074,27/05/2026,Houston,SPARK10,9782.0,SHIPPED
ORD004747,2026-07-16,Miami,COLA33,16052.0,SHIPPED
ORD002278,28/04/2026,Houston,TEA50,35549.0,SHIPPED
ORD005892,2025-09-15,Denver,COLA33,20521.0,SHIPPED
ORD005570,2025-09-16,Seattle,ENER25,24116.0,SHIPPED
ORD000883,2025-10-28,Los Angeles,COLA33,99515.0,SHIPPED
ORD005728,2026-02-19,Denver,STILL15,5532.0,SHIPPED
ORD006060,21/04/2026,Denver,TEA50,9541.0,SHIPPED
ORD003530,2026-02-10,PHILADELPHIA,TEA50,2240.0,SHIPPED
ORD002292,2026-06-30,Houston ,TEA50,6015.0,SHIPPED
ORD004288,2026-03-16,Atlanta,JUICE10,1410.0,SHIPPED
ORD003794,2026-07-28,Philadelphia,ENER25,442.0,SHIPPED
ORD005683,2025-10-09,Denver,STILL15,4472.0,SHIPPED
ORD002682,2025-12-22,PHOENIX,SPARK10,2661.0,SHIPPED
ORD005762,2026-06-12,Denver,STILL15,13830.0,SHIPPED
ORD007244,23/10/2025,Minneapolis,TEA50,6925.0,SHIPPED
ORD004839,2026-07-09,Miami,TEA50,556.0,SHIPPED
ORD007032,2026-08-11,Minneapolis,STILL15,3482.0,SHIPPED
ORD007185,2026-03-26,Minneapolis ,COLA33,33660.0,SHIPPED
ORD004897,2026-01-19,Miami,JUICE10,5234.0,SHIPPED
ORD004345,16/09/2025,Atlanta,ENER25,30803.0,SHIPPED
ORD005376,2025-11-06,Seattle ,TEA50,1987.0,SHIPPED
ORD003688,12/08/2026,Philadelphia ,JUICE10,1095.0,SHIPPED
ORD004853,20/08/2026,Miami,TEA50,4815.0,SHIPPED
ORD008170,08/07/2026,Detroit,ENER25,11566.0,SHIPPED
ORD000409,2026-06-23,New York,TEA50,25468.0,SHIPPED
ORD004552,2026-08-17,Miami,STILL15,9728.0,SHIPPED
ORD008201,30/10/2025,San Francisco,STILL15,1773.0,SHIPPED
ORD004431,2026-07-31,Atlanta,ENER25,4578.0,SHIPPED
ORD007498,2026-03-25,Minneapolis,ENER25,3356.0,SHIPPED
ORD000114,2025-10-08,New York,SPARK10,29043.0,SHIPPED
ORD008226,2026-01-12,San Francisco,STILL15,8467.0,SHIPPED
ORD003812,2025-09-24,Atlanta,STILL15,10587.0,SHIPPED
ORD006215,2025-10-21,Denver,ENER25,12892.0,SHIPPED
ORD005867,2026-06-15,Denver ,SPARK10,13282.0,SHIPPED
ORD008088,17/10/2025,Detroit,ENER25,1324.0,SHIPPED
ORD005462,09/09/2025,Seattle,JUICE10,5057.0,SHIPPED
ORD008457,2026-04-21,San Francisco,COLA33,37873.0,SHIPPED
ORD003039,21/05/2026,Phoenix,JUICE10,2338.0,SHIPPED
ORD007172,04/02/2026,Minneapolis,COLA33,14823.0,SHIPPED
ORD001558,29/05/2026, chicago,COLA33,56069.0,SHIPPED
ORD008874,2025-09-08,Los Angeles ,ENER25,10841.0,CANCELLED
ORD008755,16/02/2026,San Francisco ,ENER25,1803.0,SHIPPED
ORD007023,17/07/2026,Minneapolis,STILL15,5564.0,SHIPPED
ORD002887,30/12/2025,Phoenix ,TEA50,13609.0,SHIPPED
ORD002242,2025-12-09,Houston,TEA50,1835.0,SHIPPED
ORD006510,2025-09-22,Boston,COLA33,32404.0,SHIPPED
ORD002624,2026-06-03,Phoenix,STILL15,22873.0,SHIPPED
ORD007295,27/04/2026,Minneapolis,TEA50,9307.0,SHIPPED
ORD004714,2026-03-04,Miami,COLA33,49698.0,SHIPPED
ORD005190,2026-01-30,Seattle,SPARK10,15174.0,SHIPPED
ORD008844,2025-11-13,Minneapolis,ENER25,7659.0,CANCELLED
ORD005847,2026-04-09, denver,SPARK10,13655.0,SHIPPED
ORD003925,2025-10-22,ATLANTA,SPARK10,1702.0,SHIPPED
ORD004328,2026-07-28,Atlanta,JUICE10,6871.0,SHIPPED
ORD001499,2025-11-12,Chicago ,COLA33,10192.0,SHIPPED
ORD006755,2026-01-27,Boston,JUICE10,4228.0,SHIPPED
ORD006133,2025-12-19,Denver ,JUICE10,7916.0,SHIPPED
ORD000164,2026-03-17,New York,SPARK10,46293.0,SHIPPED
ORD004737,2026-06-12,Miami,COLA33,10122.0,SHIPPED
ORD003323,2026-01-15,Philadelphia ,SPARK10,8710.0,SHIPPED
ORD001926,26/11/2025,Houston,STILL15,3236.0,SHIPPED
ORD003337,2026-03-04,PHILADELPHIA,SPARK10,13239.0,SHIPPED
ORD005039,2026-06-12, miami,ENER25,31289.0,SHIPPED
ORD008124,27/01/2026,Detroit,ENER25,4907.0,SHIPPED
ORD003704,2025-09-19,Philadelphia,ENER25,335.0,SHIPPED
ORD005994,2025-09-16,Denver ,TEA50,11756.0,SHIPPED
ORD003104,05/01/2026,Phoenix,ENER25,27877.0,SHIPPED
ORD008478,2026-07-09, san francisco,COLA33,77309.0,SHIPPED
ORD008563,13/05/2026,San Francisco ,TEA50,424.0,SHIPPED
ORD000591,2026-02-19,New York,ENER25,32979.0,SHIPPED
ORD000916,2026-02-20,Los Angeles,COLA33,107595.0,SHIPPED
ORD005662,2026-07-17,Seattle,ENER25,8132.0,SHIPPED
ORD005679,26/09/2025,Denver,STILL15,9151.0,SHIPPED
ORD003346,03/04/2026, philadelphia,SPARK10,3273.0,SHIPPED
ORD001059,2026-07-27, los angeles,TEA50,20120.0,SHIPPED
ORD005017,17/03/2026,Miami,ENER25,58604.0,SHIPPED
ORD000109,2025-09-23,New York ,SPARK10,10991.0,SHIPPED
ORD008312,2025-11-20,San Francisco,SPARK10,11002.0,SHIPPED
ORD001302,24/12/2025, chicago,STILL15,10692.0,SHIPPED
ORD005412,2026-03-25, seattle,TEA50,376.0,SHIPPED
ORD002600,19/03/2026,PHOENIX,STILL15,20874.0,SHIPPED
ORD006972,25/02/2026,MINNEAPOLIS,STILL15,7657.0,SHIPPED
ORD002211,26/08/2026,Houston,COLA33,37637.0,SHIPPED
ORD005655,22/06/2026,Seattle,ENER25,5875.0,SHIPPED
ORD004334,2026-08-19,Atlanta,JUICE10,4434.0,SHIPPED
ORD006686,2026-06-18,Boston,TEA50,6861.0,SHIPPED
ORD007405,2026-04-29,Minneapolis,JUICE10,4960.0,SHIPPED
ORD000422,2026-08-06,New York,TEA50,21682.0,SHIPPED
ORD008577,2026-06-17, san francisco,TEA50,882.0,SHIPPED
ORD000633,2026-07-09,New York,ENER25,70367.0,SHIPPED
ORD002474,2026-02-18,Houston,ENER25,1771.0,SHIPPED
ORD006387,31/07/2026,Boston,STILL15,18271.0,SHIPPED
ORD000230,2025-10-24,NEW YORK,COLA33,137389.0,SHIPPED
ORD005853,24/04/2026,DENVER,SPARK10,6466.0,SHIPPED
ORD004978,2025-10-29,Miami,ENER25,4548.0,SHIPPED
ORD003939,2025-12-05,Atlanta,SPARK10,3854.0,SHIPPED
ORD008471,2026-06-10,SAN FRANCISCO,COLA33,80922.0,SHIPPED
ORD004018,2025-09-04,Atlanta,COLA33,17778.0,SHIPPED
ORD000455,21/11/2025,New York,JUICE10,7762.0,SHIPPED
ORD002264,2026-02-24, houston,TEA50,1820.0,SHIPPED
ORD008819,27/11/2025,Los Angeles,COLA33,63041.0,CANCELLED
ORD006404,2025-10-14,Boston,SPARK10,7584.0,SHIPPED
ORD003917,2025-10-02,Atlanta,SPARK10,2498.0,SHIPPED
ORD002575,25/12/2025,Phoenix ,STILL15,15474.0,SHIPPED
ORD001514,2025-12-30,Chicago,COLA33,4792.0,SHIPPED
ORD001681,2026-07-14,Chicago,TEA50,7753.0,SHIPPED
ORD002399,2026-06-23,Houston ,JUICE10,11001.0,SHIPPED
ORD008256,15/04/2026,San Francisco,STILL15,20003.0,SHIPPED
ORD005831,2026-02-10,Denver,SPARK10,6524.0,SHIPPED
ORD008765,2026-03-18,San Francisco,ENER25,14777.0,SHIPPED
ORD005833,2026-02-13,Denver,SPARK10,1834.0,SHIPPED
ORD000676,16/12/2025,Los Angeles,STILL15,11734.0,SHIPPED
ORD006737,2025-12-10,Boston,JUICE10,7207.0,SHIPPED
ORD008458,2026-04-29,SAN FRANCISCO,COLA33,19607.0,SHIPPED
ORD007715,06/04/2026,Detroit,SPARK10,17839.0,SHIPPED
ORD004965,2025-09-08,MIAMI,ENER25,11423.0,SHIPPED
ORD002435,2025-10-06,Houston ,ENER25,31468.0,SHIPPED
ORD005192,13/02/2026,Seattle,SPARK10,9012.0,SHIPPED
ORD007516,2026-05-18,Minneapolis,ENER25,4912.0,SHIPPED
ORD004707,18/02/2026,Miami,COLA33,4272.0,SHIPPED
ORD003212,08/01/2026,PHILADELPHIA,STILL15,21081.0,SHIPPED
ORD006846,2025-11-20,Boston,ENER25,5005.0,SHIPPED
ORD001376,2025-09-05,Chicago,SPARK10,13189.0,SHIPPED
ORD006849,2025-12-03,Boston,ENER25,7913.0,SHIPPED
ORD001830,14/01/2026,Chicago,ENER25,25691.0,SHIPPED
ORD004223,14/08/2026,ATLANTA,TEA50,15365.0,SHIPPED
ORD000739,2026-06-23,Los Angeles,STILL15,24144.0,SHIPPED
ORD002919,30/03/2026,Phoenix,TEA50,17153.0,SHIPPED
ORD001460,18/06/2026,Chicago,SPARK10,9747.0,SHIPPED
ORD002323,2025-10-06,Houston,JUICE10,1777.0,SHIPPED
ORD003201,2025-11-25,Philadelphia,STILL15,295.0,SHIPPED
ORD000308,2026-07-28,New York ,COLA33,116026.0,SHIPPED
ORD003538,2026-03-10,Philadelphia,TEA50,7076.0,SHIPPED
ORD001455,09/06/2026,Chicago,SPARK10,841.0,SHIPPED
ORD003752,13/03/2026,Philadelphia,ENER25,8242.0,SHIPPED
ORD003016,2026-03-05,PHOENIX,JUICE10,1704.0,SHIPPED
ORD008784,2026-05-21,San Francisco,ENER25,11338.0,SHIPPED
ORD008788,2026-06-11, san francisco,ENER25,4300.0,SHIPPED
ORD003669,2026-06-02,PHILADELPHIA,JUICE10,10362.0,SHIPPED
ORD000391,27/04/2026,New York,TEA50,21268.0,SHIPPED
ORD005654,2026-06-19,Seattle ,ENER25,17937.0,SHIPPED
ORD004721,2026-04-07, miami,COLA33,5833.0,SHIPPED
ORD000113,06/10/2025,New York,SPARK10,1436.0,SHIPPED
ORD001701,2025-09-25,Chicago,JUICE10,6163.0,SHIPPED
ORD008898,04/03/2026,Denver,COLA33,33921.0,CANCELLED
ORD002112,2025-09-24,Houston,COLA33,38443.0,SHIPPED
ORD000051,2026-03-09,New York,STILL15,8010.0,SHIPPED
ORD007401,2026-04-16,Minneapolis,JUICE10,3223.0,SHIPPED
ORD002806,2026-03-19,Phoenix,COLA33,16916.0,SHIPPED
ORD006576,15/05/2026,Boston,COLA33,29377.0,SHIPPED
ORD007715,06/04/2026,Detroit,SPARK10,17839.0,SHIPPED
ORD008955,11/05/2026,New York,JUICE10,5828.0,CANCELLED
ORD007537,07/08/2026,MINNEAPOLIS,ENER25,8652.0,SHIPPED
ORD008791,2026-06-23,San Francisco,ENER25,2018.0,SHIPPED
ORD003855,2026-03-11,Atlanta,STILL15,16838.0,SHIPPED
ORD004517,2026-04-14,Miami,STILL15,7509.0,SHIPPED
ORD007522,09/06/2026,Minneapolis,ENER25,23987.0,SHIPPED
ORD007108,2026-05-28,Minneapolis ,SPARK10,2848.0,SHIPPED
ORD001592,2025-09-16,Chicago,TEA50,10616.0,SHIPPED
ORD001418,2026-01-30,Chicago,SPARK10,17291.0,SHIPPED
ORD003458,30/04/2026,Philadelphia,COLA33,218.0,SHIPPED
ORD001316,2026-02-04,CHICAGO,STILL15,33893.0,SHIPPED
ORD005202,11/03/2026,Seattle,SPARK10,1199.0,SHIPPED
ORD006459,2026-03-25,BOSTON,SPARK10,10604.0,SHIPPED
ORD006115,30/10/2025,Denver,JUICE10,5.0,SHIPPED
ORD005652,2026-06-09,SEATTLE,ENER25,2279.0,SHIPPED
ORD003240,2026-04-07,Philadelphia,STILL15,816.0,SHIPPED
ORD007008,05/06/2026, minneapolis,STILL15,14339.0,SHIPPED
ORD002460,09/01/2026,Houston,ENER25,19956.0,SHIPPED
ORD007670,2025-10-23,DETROIT,SPARK10,9510.0,SHIPPED
ORD004524,2026-05-08,Miami,STILL15,11706.0,SHIPPED
ORD003374,09/07/2026,Philadelphia,SPARK10,18266.0,SHIPPED
ORD002257,2026-02-05,Houston,TEA50,20704.0,SHIPPED
ORD008275,2026-06-23,San Francisco,STILL15,23238.0,SHIPPED
ORD000155,17/02/2026,NEW YORK,SPARK10,40805.0,SHIPPED
ORD001618,2025-12-12,Chicago,TEA50,4225.0,SHIPPED
ORD002152,26/01/2026,Houston,COLA33,56097.0,SHIPPED
ORD003825,2025-11-11,Atlanta,STILL15,8171.0,SHIPPED
ORD004577,2025-11-03,Miami,SPARK10,6632.0,SHIPPED
ORD005295,05/02/2026,Seattle,COLA33,81615.0,SHIPPED
ORD008117,06/01/2026, detroit,ENER25,6817.0,SHIPPED
ORD001151,2026-07-23,LOS ANGELES,JUICE10,1801.0,SHIPPED
ORD006214,2025-10-16,Denver ,ENER25,9007.0,SHIPPED
ORD005585,2025-10-28, seattle,ENER25,1535.0,SHIPPED
ORD005542,18/06/2026,Seattle,JUICE10,9657.0,SHIPPED
ORD002237,2025-11-27,Houston,TEA50,28197.0,SHIPPED
ORD001164,2026-08-26,Los Angeles,JUICE10,7471.0,SHIPPED
ORD007954,2026-08-03,Detroit,TEA50,4684.0,SHIPPED
ORD001671,2026-06-18,CHICAGO,TEA50,23337.0,SHIPPED
ORD001483,2025-09-16,Chicago ,COLA33,58658.0,SHIPPED
ORD008500,2025-09-22,San Francisco,TEA50,2691.0,SHIPPED
ORD007652,2026-08-14,Detroit,STILL15,12539.0,SHIPPED
ORD002067,2026-05-13,Houston,SPARK10,13277.0,SHIPPED
ORD000631,2026-06-26,New York,ENER25,16617.0,SHIPPED
ORD007357,24/11/2025,Minneapolis,JUICE10,825.0,SHIPPED
ORD003558,2026-05-20,Philadelphia,TEA50,1349.0,SHIPPED
ORD000631,2026-06-26,New York,ENER25,16617.0,SHIPPED
ORD003912,2025-09-18,Atlanta,SPARK10,3036.0,SHIPPED
ORD000524,2026-07-02,New York,JUICE10,1066.0,SHIPPED
ORD000052,2026-03-12,New York,STILL15,30571.0,SHIPPED
ORD003465,2026-05-29, philadelphia,COLA33,48489.0,SHIPPED
ORD000570,2025-12-16, new york,ENER25,31758.0,SHIPPED
ORD007518,29/05/2026,MINNEAPOLIS,ENER25,24570.0,SHIPPED
ORD001382,2025-09-25,Chicago,SPARK10,14645.0,SHIPPED
ORD005634,2026-04-15,Seattle,ENER25,1991.0,SHIPPED
ORD000040,2026-01-14,New York,STILL15,4908.0,SHIPPED
ORD001329,25/03/2026,Chicago,STILL15,14997.0,SHIPPED
ORD008485,2026-08-03,San Francisco,COLA33,75481.0,SHIPPED
ORD003360,14/05/2026,Philadelphia ,SPARK10,6645.0,SHIPPED
ORD006074,2026-06-05,Denver,TEA50,19492.0,SHIPPED
ORD004997,2026-01-08,Miami,ENER25,13519.0,SHIPPED
ORD002001,01/09/2025, houston,SPARK10,21323.0,SHIPPED
ORD006466,2026-04-13,Boston ,SPARK10,8450.0,SHIPPED
ORD006314,2025-11-04,Boston,STILL15,20611.0,SHIPPED
ORD002955,2026-07-17,Phoenix,TEA50,81.0,SHIPPED
ORD005410,16/03/2026,Seattle,TEA50,12389.0,SHIPPED
ORD000948,2026-06-03,Los Angeles,COLA33,6706.0,SHIPPED
ORD001744,23/02/2026,Chicago,JUICE10,771.0,SHIPPED
ORD004754,2026-08-20,Miami,COLA33,111295.0,SHIPPED
ORD005064,24/08/2026,Miami,ENER25,18530.0,SHIPPED
ORD006365,20/05/2026,Boston,STILL15,6891.0,SHIPPED
ORD007307,01/06/2026,Minneapolis,TEA50,9883.0,SHIPPED
ORD001800,15/09/2025,Chicago ,ENER25,3122.0,SHIPPED
ORD001417,23/01/2026, chicago,SPARK10,18072.0,SHIPPED
ORD006787,2026-05-20,Boston,JUICE10,392.0,SHIPPED
ORD002753,2025-09-05,Phoenix,COLA33,56635.0,SHIPPED
ORD003525,2026-01-22, philadelphia,TEA50,2428.0,SHIPPED
ORD008100,2025-11-11, detroit,ENER25,7277.0,SHIPPED
ORD006407,24/10/2025,Boston,SPARK10,2516.0,SHIPPED
ORD005435,2026-06-02,Seattle,TEA50,20546.0,SHIPPED
ORD006134,26/12/2025,Denver,JUICE10,8014.0,SHIPPED
ORD004719,2026-04-03, miami,COLA33,15264.0,SHIPPED
ORD002018,2025-11-17,HOUSTON,SPARK10,641.0,SHIPPED
ORD002500,29/04/2026,HOUSTON,ENER25,21158.0,SHIPPED
ORD004900,26/01/2026,Miami,JUICE10,3445.0,SHIPPED
ORD000016,21/10/2025,New York,STILL15,29525.0,SHIPPED
ORD007692,12/01/2026,DETROIT,SPARK10,2646.0,SHIPPED
ORD008930,2026-04-09,Boston,SPARK10,5661.0,CANCELLED
ORD005883,2026-08-21,Denver,SPARK10,9702.0,SHIPPED
ORD004240,01/10/2025,Atlanta,JUICE10,6041.0,SHIPPED
ORD002337,2025-11-18,Houston,JUICE10,7342.0,SHIPPED
ORD007439,05/09/2025,MINNEAPOLIS,ENER25,20016.0,SHIPPED
ORD005236,19/06/2026,Seattle,SPARK10,15311.0,SHIPPED
ORD003888,2026-06-15,Atlanta,STILL15,2031.0,SHIPPED
ORD008073,19/08/2026,Detroit,JUICE10,8537.0,SHIPPED
ORD001953,2026-03-03,Houston,STILL15,8096.0,SHIPPED
ORD004932,2026-05-08, miami,JUICE10,2456.0,SHIPPED
ORD008804,2026-07-27,San Francisco,ENER25,2455.0,SHIPPED
ORD002849,05/08/2026,Phoenix,COLA33,74166.0,SHIPPED
ORD003960,2026-03-05,Atlanta,SPARK10,14503.0,SHIPPED
ORD008456,22/04/2026, san francisco,COLA33,753.0,SHIPPED
ORD003487,21/08/2026,Philadelphia,COLA33,65368.0,SHIPPED
ORD006669,2026-04-14,BOSTON,TEA50,5002.0,SHIPPED
ORD008123,21/01/2026,Detroit,ENER25,11981.0,SHIPPED
ORD004739,2026-06-17,Miami,COLA33,111206.0,SHIPPED
ORD008173,2026-07-21,DETROIT,ENER25,23083.0,SHIPPED
ORD007708,2026-03-06,DETROIT,SPARK10,17318.0,SHIPPED
ORD005726,2026-02-11,Denver,STILL15,4371.0,SHIPPED
ORD001293,2025-11-24,CHICAGO,STILL15,42238.0,SHIPPED
ORD001608,2025-11-06,Chicago,TEA50,6159.0,SHIPPED
ORD000319,2025-09-02,New York,TEA50,26529.0,SHIPPED
ORD000209,2026-08-14,New York,SPARK10,36777.0,SHIPPED
ORD000337,13/11/2025,New York,TEA50,7238.0,SHIPPED
ORD003645,27/03/2026,Philadelphia,JUICE10,4277.0,SHIPPED
ORD004780,2025-12-08,Miami,TEA50,28467.0,SHIPPED
ORD008062,17/07/2026,Detroit,JUICE10,9491.0,SHIPPED
ORD004076,2026-03-26,Atlanta,COLA33,23848.0,SHIPPED
ORD007602,23/02/2026,Detroit,STILL15,16326.0,SHIPPED
ORD001674,2026-06-24,Chicago,TEA50,19677.0,SHIPPED
ORD007003,2026-05-20,Minneapolis,STILL15,7509.0,SHIPPED
ORD008272,2026-06-19,San Francisco,STILL15,7967.0,SHIPPED
ORD008210,2025-11-26, san francisco,STILL15,9041.0,SHIPPED
ORD007258,2025-11-28,Minneapolis,TEA50,2951.0,SHIPPED
ORD007584,15/12/2025,Detroit,STILL15,4407.0,SHIPPED
ORD003138,2026-04-28,Phoenix,ENER25,1732.0,SHIPPED
ORD000224,2025-10-09, new york,COLA33,78499.0,SHIPPED
ORD007755,2025-09-04,Detroit,COLA33,17534.0,SHIPPED
ORD003300,2025-10-21,Philadelphia,SPARK10,10144.0,SHIPPED
ORD004176,06/03/2026,Atlanta,TEA50,21583.0,SHIPPED
ORD000645,2025-09-09,Los Angeles,STILL15,26093.0,SHIPPED
ORD002629,2026-06-26, phoenix,STILL15,6410.0,SHIPPED
ORD008917,26/03/2026,Seattle,JUICE10,3122.0,CANCELLED
ORD004035,06/11/2025, atlanta,COLA33,57905.0,SHIPPED
ORD008254,2026-04-06,SAN FRANCISCO,STILL15,25177.0,SHIPPED
ORD001336,15/04/2026,Chicago ,STILL15,17477.0,SHIPPED
ORD007779,2025-12-04,Detroit,COLA33,64653.0,SHIPPED
ORD003748,2026-02-24,Philadelphia ,ENER25,25795.0,SHIPPED
ORD003190,2025-10-29,Philadelphia,STILL15,3230.0,SHIPPED
ORD003203,01/12/2025,PHILADELPHIA,STILL15,19779.0,SHIPPED
ORD008292,2026-08-24,SAN FRANCISCO,STILL15,9819.0,SHIPPED
ORD008080,2025-09-11,Detroit,ENER25,14268.0,SHIPPED
ORD000349,2025-12-18,New York,TEA50,23409.0,SHIPPED
ORD002201,13/07/2026,HOUSTON,COLA33,19538.0,SHIPPED
ORD005685,2025-10-10,Denver,STILL15,1417.0,SHIPPED
ORD008582,10/07/2026,San Francisco,TEA50,13006.0,SHIPPED
ORD001373,2026-08-11,Chicago,STILL15,25480.0,SHIPPED
ORD008757,2026-02-24,San Francisco,ENER25,22612.0,SHIPPED
ORD001058,2026-07-28,Los Angeles,TEA50,6401.0,SHIPPED
ORD006991,2026-04-07,Minneapolis,STILL15,6868.0,SHIPPED
ORD005670,2026-08-26,Seattle,ENER25,16051.0,SHIPPED
ORD001641,2026-02-25,Chicago,TEA50,19980.0,SHIPPED
ORD001736,10/02/2026,CHICAGO,JUICE10,7809.0,SHIPPED
ORD003090,2025-11-18,Phoenix,ENER25,27853.0,SHIPPED
ORD004322,2026-07-17,Atlanta,JUICE10,1795.0,SHIPPED
ORD006767,2026-03-10,BOSTON,JUICE10,2644.0,SHIPPED
ORD001398,20/11/2025,Chicago,SPARK10,8676.0,SHIPPED
ORD007914,2026-03-25,Detroit,TEA50,11590.0,SHIPPED
ORD001159,2026-08-13,Los Angeles,JUICE10,3060.0,SHIPPED
ORD006388,2026-07-29,Boston,STILL15,1938.0,SHIPPED
ORD000514,2026-05-27,New York ,JUICE10,25128.0,SHIPPED
ORD000491,02/03/2026,New York,JUICE10,7343.0,SHIPPED
ORD004034,2025-10-29,Atlanta,COLA33,82373.0,SHIPPED
ORD004836,29/06/2026,Miami,TEA50,6894.0,SHIPPED
ORD007928,2026-05-13,Detroit,TEA50,735.0,SHIPPED
ORD001451,22/05/2026,Chicago,SPARK10,13174.0,SHIPPED
ORD002416,2026-08-03,Houston,JUICE10,5531.0,SHIPPED
ORD001342,05/05/2026,Chicago,STILL15,17038.0,SHIPPED
ORD001987,2026-07-13,Houston,STILL15,5022.0,SHIPPED
ORD003775,19/05/2026,Philadelphia,ENER25,6343.0,SHIPPED
ORD007136,05/09/2025, minneapolis,COLA33,73157.0,SHIPPED
ORD006883,2026-03-25,Boston,ENER25,1311.0,SHIPPED
ORD000418,2026-07-24,New York,TEA50,44052.0,SHIPPED
ORD000494,2026-03-19,NEW YORK,JUICE10,7504.0,SHIPPED
ORD004077,2026-03-24,Atlanta,COLA33,8419.0,SHIPPED
ORD002369,11/03/2026,Houston,JUICE10,14809.0,SHIPPED
ORD008871,2026-07-17,San Francisco ,JUICE10,474.0,CANCELLED
ORD008153,2026-05-15, detroit,ENER25,1729.0,SHIPPED
ORD001540,2026-03-24,Chicago,COLA33,3014.0,SHIPPED
ORD001964,2026-04-24,Houston ,STILL15,22461.0,SHIPPED
ORD005843,2026-04-02,Denver,SPARK10,3100.0,SHIPPED
ORD000234,2025-11-05, new york,COLA33,57431.0,SHIPPED
ORD008307,2025-10-29, san francisco,SPARK10,17289.0,SHIPPED
ORD008959,2025-10-15,Minneapolis,ENER25,4995.0,CANCELLED
ORD008017,02/02/2026,Detroit,JUICE10,2971.0,SHIPPED
ORD007279,2026-02-20,MINNEAPOLIS,TEA50,2160.0,SHIPPED
ORD005258,2025-09-26,Seattle,COLA33,67148.0,SHIPPED
ORD005228,2026-05-25,Seattle ,SPARK10,14576.0,SHIPPED
ORD004771,29/10/2025,Miami,TEA50,22134.0,SHIPPED
ORD003291,2025-09-11,PHILADELPHIA,SPARK10,6829.0,SHIPPED
ORD000434,2025-09-19,New York,JUICE10,28635.0,SHIPPED
ORD002247,2026-01-01,Houston,TEA50,15748.0,SHIPPED
ORD003297,2025-10-02,Philadelphia,SPARK10,715.0,SHIPPED
ORD007014,2026-06-16,Minneapolis,STILL15,5549.0,SHIPPED
ORD006570,2026-04-24,Boston,COLA33,85751.0,SHIPPED
ORD007391,2026-03-13,Minneapolis,JUICE10,9056.0,SHIPPED
ORD005089,2025-12-11, seattle,STILL15,20125.0,SHIPPED
ORD003420,2025-12-15,Philadelphia,COLA33,36384.0,SHIPPED
ORD005081,04/11/2025,Seattle,STILL15,492.0,SHIPPED
ORD001534,2026-02-23,CHICAGO,COLA33,18447.0,SHIPPED
ORD003709,2025-10-09, philadelphia,ENER25,172.0,SHIPPED
ORD005976,23/07/2026,Denver,COLA33,32468.0,SHIPPED
ORD007375,2026-01-22,Minneapolis,JUICE10,6264.0,SHIPPED
ORD003426,12/01/2026,Philadelphia,COLA33,29392.0,SHIPPED
ORD005188,14/01/2026,SEATTLE,SPARK10,13596.0,SHIPPED
ORD007642,2026-07-07, detroit,STILL15,312.0,SHIPPED
ORD000426,2026-08-18,New York,TEA50,22391.0,SHIPPED
ORD008948,2026-07-14,Chicago,JUICE10,3035.0,CANCELLED
ORD007969,2025-09-24,Detroit ,JUICE10,802.0,SHIPPED
ORD008285,2026-07-27,San Francisco,STILL15,6571.0,SHIPPED
ORD007447,2025-09-29,Minneapolis,ENER25,12593.0,SHIPPED
ORD002199,17/07/2026,Houston,COLA33,36510.0,SHIPPED
ORD002785,23/12/2025,Phoenix,COLA33,65058.0,SHIPPED
ORD000143,24/12/2025,New York,SPARK10,13172.0,SHIPPED
ORD002755,2025-09-19,Phoenix,COLA33,35615.0,SHIPPED
ORD003368,2026-06-02,Philadelphia,SPARK10,12902.0,SHIPPED
ORD008447,13/03/2026,San Francisco ,COLA33,74277.0,SHIPPED
ORD003261,2026-06-12,PHILADELPHIA,STILL15,5858.0,SHIPPED
ORD005632,2026-04-14,Seattle,ENER25,3862.0,SHIPPED
ORD001473,10/08/2026, chicago,SPARK10,5390.0,SHIPPED
ORD000466,2025-12-19,New York,JUICE10,1754.0,SHIPPED
ORD004837,02/07/2026,Miami,TEA50,18160.0,SHIPPED
ORD005287,05/01/2026,Seattle,COLA33,21252.0,SHIPPED
ORD006203,2025-09-12,Denver,ENER25,4272.0,SHIPPED
ORD001519,2026-01-16,Chicago,COLA33,26378.0,SHIPPED
ORD003764,2026-04-08,Philadelphia,ENER25,16079.0,SHIPPED
ORD000939,11/05/2026,LOS ANGELES,COLA33,58843.0,SHIPPED
ORD007705,2026-02-18,Detroit,SPARK10,1441.0,SHIPPED
ORD001803,2025-09-29,Chicago ,ENER25,20364.0,SHIPPED
ORD000163,2026-03-13, new york,SPARK10,16964.0,SHIPPED
ORD003301,2025-10-21,PHILADELPHIA,SPARK10,10935.0,SHIPPED
ORD005583,30/10/2025, seattle,ENER25,15434.0,SHIPPED
ORD002977,2025-10-16,Phoenix,JUICE10,309.0,SHIPPED
ORD001822,2025-12-16,Chicago,ENER25,51021.0,SHIPPED
ORD007080,28/01/2026,Minneapolis,SPARK10,94.0,SHIPPED
ORD006940,2025-10-22,Minneapolis,STILL15,947.0,SHIPPED
ORD006714,25/09/2025,Boston,JUICE10,983.0,SHIPPED
ORD004320,2026-07-07,Atlanta ,JUICE10,68.0,SHIPPED
ORD003417,2025-12-12,Philadelphia,COLA33,9189.0,SHIPPED
ORD002080,25/06/2026,Houston,SPARK10,18905.0,SHIPPED
ORD005285,2026-01-02,SEATTLE,COLA33,9573.0,SHIPPED
ORD003894,2026-07-14, atlanta,STILL15,24017.0,SHIPPED
ORD006728,14/11/2025,Boston,JUICE10,8680.0,SHIPPED
ORD008802,23/07/2026,San Francisco,ENER25,23875.0,SHIPPED
ORD004845,2026-07-31,Miami,TEA50,1936.0,SHIPPED
ORD006676,2026-05-04,Boston,TEA50,19723.0,SHIPPED
ORD007775,19/11/2025,Detroit ,COLA33,42802.0,SHIPPED
ORD006604,2026-08-18,Boston,COLA33,73245.0,SHIPPED
ORD007760,2025-09-23,Detroit,COLA33,35190.0,SHIPPED
ORD003097,11/12/2025,Phoenix,ENER25,8953.0,SHIPPED
ORD005361,2025-09-16,Seattle,TEA50,21536.0,SHIPPED
ORD000297,2026-06-16,New York,COLA33,228583.0,SHIPPED
ORD007586,2026-01-02,Detroit,STILL15,317.0,SHIPPED
ORD000276,2026-03-19, new york,COLA33,51857.0,SHIPPED
ORD008225,2026-01-16,San Francisco,STILL15,4765.0,SHIPPED
ORD002307,2026-08-13,Houston,TEA50,27213.0,SHIPPED
ORD003904,2026-08-18, atlanta,STILL15,22982.0,SHIPPED
ORD006386,2026-07-20,Boston,STILL15,20097.0,SHIPPED
ORD008541,2026-02-26, san francisco,TEA50,12610.0,SHIPPED
ORD005151,2026-08-14,Seattle,STILL15,5346.0,SHIPPED
ORD003415,2025-12-05,Philadelphia,COLA33,1930.0,SHIPPED
ORD000557,07/11/2025, new york,ENER25,29466.0,SHIPPED
ORD008993,2025-09-12,San Francisco,,5683.0,SHIPPED
ORD000573,2025-12-30,NEW YORK,ENER25,37399.0,SHIPPED
ORD006720,13/10/2025,Boston,JUICE10,83.0,SHIPPED
ORD000303,2026-07-06,New York,COLA33,98178.0,SHIPPED
ORD008661,2026-04-02,San Francisco,JUICE10,9566.0,SHIPPED
ORD000532,2026-07-22,New York,JUICE10,1459.0,SHIPPED
ORD003576,31/07/2026, philadelphia,TEA50,5071.0,SHIPPED
ORD002484,2026-03-09,Houston,ENER25,13476.0,SHIPPED
ORD001220,2026-03-05,Los Angeles,ENER25,72967.0,SHIPPED
ORD005530,07/05/2026,Seattle,JUICE10,5282.0,SHIPPED
ORD000536,13/08/2026,New York,JUICE10,29856.0,SHIPPED
ORD003191,2025-10-31,Philadelphia,STILL15,7389.0,SHIPPED
ORD007109,2026-05-25,Minneapolis,SPARK10,9110.0,SHIPPED
ORD008113,26/12/2025,Detroit,ENER25,23105.0,SHIPPED
ORD006048,2026-03-18,Denver,TEA50,10380.0,SHIPPED
ORD006436,2026-01-15,BOSTON,SPARK10,6151.0,SHIPPED
ORD003623,2026-01-13,Philadelphia,JUICE10,5556.0,SHIPPED
ORD002066,2026-05-15,Houston,SPARK10,7056.0,SHIPPED
ORD002176,14/05/2026,Houston,COLA33,87713.0,SHIPPED
ORD000451,10/11/2025,New York ,JUICE10,9668.0,SHIPPED
ORD003744,2026-02-09,Philadelphia,ENER25,16224.0,SHIPPED
ORD006763,2026-02-23,Boston,JUICE10,4102.0,SHIPPED
ORD008135,2026-03-06,Detroit,ENER25,12616.0,SHIPPED
ORD002896,22/01/2026, phoenix,TEA50,421.0,SHIPPED
ORD008552,02/04/2026,San Francisco,TEA50,25720.0,SHIPPED
ORD002685,2025-12-29,Phoenix,SPARK10,7882.0,SHIPPED
ORD006434,2026-01-05,Boston,SPARK10,16137.0,SHIPPED
ORD002999,2026-01-09,Phoenix,JUICE10,2749.0,SHIPPED
ORD004169,11/02/2026,Atlanta,TEA50,8241.0,SHIPPED
ORD001297,11/12/2025,Chicago,STILL15,7238.0,SHIPPED
ORD008937,24/03/2026,Philadelphia,STILL15,7046.0,CANCELLED
ORD002556,2025-10-21,Phoenix,STILL15,6565.0,SHIPPED
ORD007034,2026-08-18,Minneapolis,STILL15,269.0,SHIPPED
ORD003994,26/06/2026,Atlanta,SPARK10,4571.0,SHIPPED
ORD008433,2026-01-22,San Francisco,COLA33,350.0,SHIPPED
ORD006512,03/10/2025,Boston,COLA33,656.0,SHIPPED
ORD004539,03/07/2026,Miami ,STILL15,4305.0,SHIPPED
ORD003477,2026-07-07,Philadelphia,COLA33,20472.0,SHIPPED
ORD001615,25/11/2025,Chicago,TEA50,2108.0,SHIPPED
ORD005408,2026-03-20,Seattle,TEA50,7079.0,SHIPPED
ORD007829,07/05/2026,Detroit,COLA33,5581.0,SHIPPED
ORD000287,04/05/2026,New York,COLA33,132618.0,SHIPPED
ORD008133,2026-02-27,Detroit ,ENER25,24568.0,SHIPPED
ORD000889,2025-11-26,Los Angeles,COLA33,2953.0,SHIPPED
ORD004078,26/03/2026,ATLANTA,COLA33,63642.0,SHIPPED
ORD006674,01/05/2026,BOSTON,TEA50,12140.0,SHIPPED
ORD008426,30/12/2025,San Francisco,COLA33,38736.0,SHIPPED
ORD004504,2026-03-11,Miami,STILL15,14164.0,SHIPPED
ORD002679,15/12/2025,Phoenix,SPARK10,1263.0,SHIPPED
ORD007698,2026-01-26,Detroit,SPARK10,92.0,SHIPPED
ORD002423,2026-08-27, houston,JUICE10,5867.0,SHIPPED
ORD007349,06/11/2025,Minneapolis,JUICE10,6025.0,SHIPPED
ORD003992,18/06/2026,Atlanta,SPARK10,14297.0,SHIPPED
ORD004723,2026-04-08,Miami,COLA33,24348.0,SHIPPED
ORD001676,2026-06-29,Chicago,TEA50,17762.0,SHIPPED
ORD001631,19/01/2026,Chicago,TEA50,5968.0,SHIPPED
ORD000968,2026-08-27,Los Angeles ,COLA33,66322.0,SHIPPED
ORD008095,2025-10-31,Detroit,ENER25,12695.0,SHIPPED
ORD007635,16/06/2026,Detroit,STILL15,3599.0,SHIPPED
ORD008182,27/08/2026,Detroit,ENER25,3683.0,SHIPPED
ORD004643,2026-07-06,Miami ,SPARK10,15840.0,SHIPPED
ORD006481,04/06/2026,Boston,SPARK10,8988.0,SHIPPED
ORD001113,2026-02-05,LOS ANGELES,JUICE10,3886.0,SHIPPED
ORD007302,19/05/2026,Minneapolis,TEA50,6718.0,SHIPPED
ORD007894,05/01/2026,Detroit,TEA50,9646.0,SHIPPED
ORD006450,05/03/2026,BOSTON,SPARK10,4517.0,SHIPPED
ORD000440,2025-10-09,New York,JUICE10,8151.0,SHIPPED
ORD004159,2026-01-13,Atlanta,TEA50,1054.0,SHIPPED
ORD001272,2025-09-05,CHICAGO,STILL15,4087.0,SHIPPED
ORD004963,2026-08-26,Miami,JUICE10,4438.0,SHIPPED
ORD007274,2026-01-27,MINNEAPOLIS,TEA50,11214.0,SHIPPED
ORD002747,17/08/2026,Phoenix,SPARK10,10336.0,SHIPPED
ORD006113,2025-10-22,Denver,JUICE10,7560.0,SHIPPED
ORD007562,2025-10-14,Detroit,STILL15,1148.0,SHIPPED
ORD008308,03/11/2025,San Francisco,SPARK10,10113.0,SHIPPED
ORD004525,2026-05-13,Miami,STILL15,1774.0,SHIPPED
ORD002876,2025-11-28,Phoenix,TEA50,5707.0,SHIPPED
ORD007980,20/10/2025,Detroit ,JUICE10,3161.0,SHIPPED
ORD000225,2025-10-09,New York,COLA33,33725.0,SHIPPED
ORD007699,2026-02-06,DETROIT,SPARK10,797.0,SHIPPED
ORD000073,26/05/2026,NEW YORK,STILL15,38165.0,SHIPPED
ORD004304,15/05/2026,Atlanta,JUICE10,11279.0,SHIPPED
ORD007580,2025-12-08,Detroit,STILL15,2516.0,SHIPPED
ORD007765,2025-10-14,DETROIT,COLA33,44502.0,SHIPPED
ORD004542,08/07/2026,Miami,STILL15,5618.0,SHIPPED
ORD005511,04/03/2026,Seattle,JUICE10,2860.0,SHIPPED
ORD005939,04/03/2026,Denver,COLA33,50229.0,SHIPPED
ORD002594,2026-02-27,PHOENIX,STILL15,11135.0,SHIPPED
ORD003816,2025-10-10,Atlanta,STILL15,13485.0,SHIPPED
ORD001623,2025-12-24,Chicago,TEA50,11837.0,SHIPPED
ORD005136,08/06/2026, seattle,STILL15,18694.0,SHIPPED
ORD006124,2025-11-26, denver,JUICE10,6889.0,SHIPPED
ORD008538,09/02/2026,San Francisco,TEA50,22419.0,SHIPPED
ORD006463,06/04/2026,Boston,SPARK10,8524.0,SHIPPED
ORD007078,2026-01-21,Minneapolis,SPARK10,11721.0,SHIPPED
ORD000376,2026-03-24,NEW YORK,TEA50,14658.0,SHIPPED
ORD007654,2026-08-27,Detroit,STILL15,1573.0,SHIPPED
ORD004632,2026-06-05,Miami,SPARK10,1871.0,SHIPPED
ORD005057,06/08/2026,Miami ,ENER25,35959.0,SHIPPED
ORD006039,2026-02-24,Denver ,TEA50,10549.0,SHIPPED
ORD000658,06/10/2025,Los Angeles,STILL15,2614.0,SHIPPED
ORD003905,2026-08-28,Atlanta ,STILL15,20013.0,SHIPPED
ORD005242,10/07/2026,Seattle,SPARK10,2898.0,SHIPPED
ORD007175,2026-02-17,Minneapolis ,COLA33,49652.0,SHIPPED
ORD002448,25/11/2025,Houston,ENER25,10265.0,SHIPPED
ORD000176,2026-04-23,New York,SPARK10,8946.0,SHIPPED
ORD003418,12/12/2025,Philadelphia,COLA33,41479.0,SHIPPED
ORD008739,2025-12-30,San Francisco,ENER25,27326.0,SHIPPED
ORD008676,2026-05-28,San Francisco,JUICE10,2022.0,SHIPPED
ORD005524,21/04/2026,Seattle,JUICE10,6134.0,SHIPPED
ORD002458,2026-01-02,Houston,ENER25,2625.0,SHIPPED
ORD003162,28/07/2026,Phoenix,ENER25,12574.0,SHIPPED
ORD007062,27/11/2025,Minneapolis,SPARK10,7710.0,SHIPPED
ORD002015,2025-11-12,Houston,SPARK10,11911.0,SHIPPED
ORD002009,2025-10-06,Houston,SPARK10,9988.0,SHIPPED
ORD006144,04/02/2026,Denver,JUICE10,9557.0,SHIPPED
ORD002142,2025-12-29,HOUSTON,COLA33,59795.0,SHIPPED
ORD002739,2026-07-21,Phoenix,SPARK10,5302.0,SHIPPED
ORD002029,2025-12-29,Houston,SPARK10,19245.0,SHIPPED
ORD005596,2025-12-12,Seattle,ENER25,10631.0,SHIPPED
ORD004023,2025-09-18,Atlanta,COLA33,98470.0,SHIPPED
ORD004032,2025-10-24,Atlanta,COLA33,24631.0,SHIPPED
ORD006240,2026-02-03,Denver,ENER25,8762.0,SHIPPED
ORD006055,2026-04-10, denver,TEA50,2239.0,SHIPPED
ORD005980,2026-07-31,Denver,COLA33,4563.0,SHIPPED
ORD005519,2026-04-03,Seattle,JUICE10,2385.0,SHIPPED
ORD005837,2026-03-04,Denver,SPARK10,9852.0,SHIPPED
ORD006173,15/05/2026,Denver,JUICE10,8184.0,SHIPPED
ORD007953,2026-07-30,Detroit,TEA50,814.0,SHIPPED
ORD006205,2025-09-08,Denver,ENER25,5931.0,SHIPPED
ORD000249,02/01/2026,NEW YORK,COLA33,154326.0,SHIPPED
ORD003206,2025-12-11,Philadelphia,STILL15,2954.0,SHIPPED
ORD006071,11/05/2026,Denver,TEA50,5284.0,SHIPPED
ORD007575,2025-11-24, detroit,STILL15,4706.0,SHIPPED
ORD008843,03/11/2025,Seattle,COLA33,23132.0,CANCELLED
ORD005546,2026-07-16,Seattle ,JUICE10,6290.0,SHIPPED
ORD008761,2026-03-10,San Francisco,ENER25,21315.0,SHIPPED
ORD002643,2026-08-14,PHOENIX,STILL15,1816.0,SHIPPED
ORD005982,2026-08-14, denver,COLA33,45330.0,SHIPPED
ORD006879,2026-03-12,Boston,ENER25,3990.0,SHIPPED
ORD008996,2025-09-15,Atlanta,ENER25,,SHIPPED
ORD002463,2026-01-12,Houston,ENER25,13863.0,SHIPPED
ORD003343,2026-03-17,Philadelphia ,SPARK10,6669.0,SHIPPED
ORD000801,2026-02-03,Los Angeles,SPARK10,30717.0,SHIPPED
ORD005969,18/06/2026,DENVER,COLA33,32899.0,SHIPPED
ORD008035,2026-04-07,Detroit,JUICE10,3421.0,SHIPPED
ORD002975,2025-09-30,Phoenix,JUICE10,11847.0,SHIPPED
ORD004065,19/02/2026,Atlanta,COLA33,19449.0,SHIPPED
ORD002262,18/02/2026, houston,TEA50,36664.0,SHIPPED
ORD005926,30/01/2026,Denver,COLA33,12675.0,SHIPPED
ORD004830,2026-06-09,Miami ,TEA50,7626.0,SHIPPED
ORD006916,2026-07-15,Boston ,ENER25,24312.0,SHIPPED
ORD004261,17/12/2025,Atlanta,JUICE10,952.0,SHIPPED
ORD005102,2026-02-06,Seattle,STILL15,19870.0,SHIPPED
ORD001126,08/04/2026, los angeles,JUICE10,6990.0,SHIPPED
ORD001369,2026-07-27, chicago,STILL15,944.0,SHIPPED
ORD006461,2026-03-31,Boston,SPARK10,6366.0,SHIPPED
ORD000182,2026-05-11,New York,SPARK10,18279.0,SHIPPED
ORD004435,2026-08-06, atlanta,ENER25,1826.0,SHIPPED
ORD000978,2025-09-24,LOS ANGELES,TEA50,6058.0,SHIPPED
ORD000994,2025-11-17,Los Angeles,TEA50,1592.0,SHIPPED
ORD008196,14/10/2025,San Francisco,STILL15,253.0,SHIPPED
ORD007506,2026-04-20,Minneapolis,ENER25,10499.0,SHIPPED
ORD008895,2025-11-17,Houston,COLA33,23268.0,CANCELLED
ORD003278,30/07/2026,Philadelphia ,STILL15,6020.0,SHIPPED
ORD008764,18/03/2026,San Francisco,ENER25,13375.0,SHIPPED
ORD008136,2026-03-13,Detroit,ENER25,14280.0,SHIPPED
ORD004569,2025-10-16,Miami ,SPARK10,2215.0,SHIPPED
ORD002912,17/03/2026,Phoenix,TEA50,3699.0,SHIPPED
ORD005303,05/03/2026,Seattle,COLA33,24024.0,SHIPPED
ORD001312,2026-01-22,Chicago,STILL15,17047.0,SHIPPED
ORD004167,2026-02-04,Atlanta,TEA50,28969.0,SHIPPED
ORD000280,06/04/2026,New York,COLA33,115206.0,SHIPPED
ORD004641,01/07/2026,Miami,SPARK10,5575.0,SHIPPED
ORD001739,20/02/2026,Chicago,JUICE10,797.0,SHIPPED
ORD007095,26/03/2026,Minneapolis,SPARK10,3584.0,SHIPPED
ORD001810,2025-10-28,Chicago,ENER25,8898.0,SHIPPED
ORD006752,2026-01-21,Boston,JUICE10,1863.0,SHIPPED
ORD003767,2026-04-23,Philadelphia ,ENER25,23916.0,SHIPPED
ORD000183,2026-05-15,New York,SPARK10,15351.0,SHIPPED
ORD001776,02/07/2026,Chicago,JUICE10,14389.0,SHIPPED
ORD007122,2026-07-17,Minneapolis,SPARK10,13828.0,SHIPPED
ORD007042,2025-09-26,Minneapolis,SPARK10,11999.0,SHIPPED
ORD006324,2025-12-18,Boston,STILL15,12267.0,SHIPPED
ORD008849,25/06/2026,Houston,SPARK10,10074.0,CANCELLED
ORD006505,10/09/2025,Boston,COLA33,92304.0,SHIPPED
ORD004573,2025-10-29,Miami,SPARK10,4925.0,SHIPPED
ORD003393,2025-09-24, philadelphia,COLA33,57314.0,SHIPPED
ORD008236,13/02/2026,SAN FRANCISCO,STILL15,637.0,SHIPPED
ORD007267,19/12/2025,Minneapolis,TEA50,4725.0,SHIPPED
ORD008975,2026-08-14,Atlanta,JUICE10,12033.0,CANCELLED
ORD004832,16/06/2026,Miami,TEA50,4934.0,SHIPPED
ORD005140,2026-06-26,Seattle ,STILL15,1941.0,SHIPPED
ORD005211,2026-04-03,Seattle,SPARK10,13341.0,SHIPPED
ORD007717,2026-04-13,Detroit,SPARK10,2560.0,SHIPPED
ORD006418,24/11/2025,Boston,SPARK10,3551.0,SHIPPED
ORD007854,26/08/2026,DETROIT,COLA33,6085.0,SHIPPED
ORD000958,16/07/2026, los angeles,COLA33,4625.0,SHIPPED
ORD007355,2025-11-18,Minneapolis,JUICE10,3721.0,SHIPPED
ORD004733,2026-05-21,Miami,COLA33,121415.0,SHIPPED
ORD000398,18/05/2026, new york,TEA50,4745.0,SHIPPED
ORD007201,2026-05-29,Minneapolis,COLA33,27820.0,SHIPPED
ORD004873,20/10/2025, miami,JUICE10,10211.0,SHIPPED
ORD006296,2025-09-03,Boston ,STILL15,1466.0,SHIPPED
ORD007359,02/12/2025,Minneapolis,JUICE10,9063.0,SHIPPED
ORD007214,2026-07-14,Minneapolis,COLA33,19626.0,SHIPPED
ORD001439,2026-04-06,Chicago,SPARK10,14747.0,SHIPPED
ORD003402,2025-10-20,Philadelphia,COLA33,27493.0,SHIPPED
ORD008687,2026-06-15,San Francisco,JUICE10,846.0,SHIPPED
ORD005505,2026-02-18,Seattle ,JUICE10,1638.0,SHIPPED
ORD007117,2026-06-23,Minneapolis,SPARK10,5918.0,SHIPPED
ORD000188,2026-05-29,NEW YORK,SPARK10,21041.0,SHIPPED
ORD007115,2026-06-15,Minneapolis,SPARK10,13404.0,SHIPPED
ORD007205,2026-06-09, minneapolis,COLA33,21361.0,SHIPPED
ORD006796,09/06/2026,Boston,JUICE10,10020.0,SHIPPED
ORD000476,23/01/2026,New York,JUICE10,4080.0,SHIPPED
ORD005992,12/09/2025,Denver,TEA50,19210.0,SHIPPED
ORD007706,2026-02-27,Detroit ,SPARK10,9366.0,SHIPPED
ORD002735,09/07/2026,Phoenix,SPARK10,2455.0,SHIPPED
ORD000875,30/09/2025,Los Angeles ,COLA33,23515.0,SHIPPED
ORD008824,2025-10-29,Philadelphia,STILL15,2924.0,CANCELLED
ORD003475,2026-06-30, philadelphia,COLA33,47852.0,SHIPPED
ORD003680,2026-07-15,Philadelphia,JUICE10,5478.0,SHIPPED
ORD008056,2026-06-26,Detroit,JUICE10,4743.0,SHIPPED
ORD006971,2026-02-19,Minneapolis,STILL15,8511.0,SHIPPED
ORD006804,02/07/2026,Boston ,JUICE10,7406.0,SHIPPED
ORD004693,2026-01-05,Miami,COLA33,81271.0,SHIPPED
ORD000355,2025-12-30,New York,TEA50,22253.0,SHIPPED
ORD006582,2026-06-05,Boston,COLA33,11825.0,SHIPPED
ORD002555,2025-10-17, phoenix,STILL15,4012.0,SHIPPED
ORD008482,28/07/2026,San Francisco,COLA33,273.0,SHIPPED
ORD006223,03/12/2025, denver,ENER25,6637.0,SHIPPED
ORD002184,2026-06-02,Houston ,COLA33,26957.0,SHIPPED
ORD000761,2025-09-17,Los Angeles,SPARK10,18994.0,SHIPPED
ORD003515,2025-12-17,Philadelphia ,TEA50,18606.0,SHIPPED
ORD002214,03/09/2025, houston,TEA50,30006.0,SHIPPED
ORD008252,02/04/2026,San Francisco,STILL15,7529.0,SHIPPED
ORD000116,15/10/2025,New York,SPARK10,23496.0,SHIPPED
ORD002530,2026-07-29,Houston,ENER25,15408.0,SHIPPED
ORD001284,2025-10-24,Chicago ,STILL15,23244.0,SHIPPED
ORD006446,20/02/2026,Boston ,SPARK10,4956.0,SHIPPED
ORD008306,2025-10-20,San Francisco,SPARK10,193.0,SHIPPED
ORD003546,15/04/2026,PHILADELPHIA,TEA50,6934.0,SHIPPED
ORD005790,18/09/2025, denver,SPARK10,10727.0,SHIPPED
ORD001428,2026-02-25,Chicago ,SPARK10,24623.0,SHIPPED
ORD005967,2026-06-09,Denver,COLA33,54294.0,SHIPPED
ORD006255,01/04/2026, denver,ENER25,12836.0,SHIPPED
ORD006709,2025-09-11,Boston,JUICE10,9760.0,SHIPPED
ORD008200,2025-10-27, san francisco,STILL15,15992.0,SHIPPED
ORD005129,2026-05-20,SEATTLE,STILL15,1389.0,SHIPPED
ORD001027,2026-03-30,Los Angeles,TEA50,32741.0,SHIPPED
ORD003871,2026-04-23,Atlanta,STILL15,8418.0,SHIPPED
ORD000258,2026-01-28, new york,COLA33,29959.0,SHIPPED
ORD008245,13/03/2026, san francisco,STILL15,12337.0,SHIPPED
ORD006123,2025-11-21,Denver,JUICE10,2523.0,SHIPPED
ORD006054,01/04/2026,Denver,TEA50,13311.0,SHIPPED
ORD003322,14/01/2026,Philadelphia,SPARK10,1689.0,SHIPPED
ORD004157,06/01/2026,Atlanta,TEA50,958.0,SHIPPED
ORD003731,2025-12-30,Philadelphia,ENER25,2024.0,SHIPPED
ORD007924,2026-04-29,Detroit,TEA50,1686.0,SHIPPED
ORD003545,14/04/2026,Philadelphia,TEA50,10776.0,SHIPPED
ORD008615,2025-11-04, san francisco,JUICE10,8645.0,SHIPPED
ORD008908,2026-07-31, miami,JUICE10,336.0,CANCELLED
ORD008830,2026-03-23,Boston,SPARK10,3578.0,CANCELLED
ORD001142,2026-06-08,Los Angeles ,JUICE10,18841.0,SHIPPED
ORD005987,2026-08-19,Denver,COLA33,4870.0,SHIPPED
ORD008250,2026-04-03,San Francisco,STILL15,11793.0,SHIPPED
ORD004361,2025-11-20,ATLANTA,ENER25,19154.0,SHIPPED
ORD005130,2026-05-21,Seattle,STILL15,18287.0,SHIPPED
ORD002269,17/03/2026,Houston,TEA50,10966.0,SHIPPED
ORD002289,23/06/2026,Houston,TEA50,14412.0,SHIPPED
ORD007469,11/12/2025,MINNEAPOLIS,ENER25,18227.0,SHIPPED
ORD008600,09/09/2025,San Francisco,JUICE10,5229.0,SHIPPED
ORD001914,2025-10-23,Houston,STILL15,10307.0,SHIPPED
ORD006193,2026-07-27,Denver,JUICE10,6244.0,SHIPPED
ORD002231,2025-11-04,HOUSTON,TEA50,17347.0,SHIPPED
ORD006465,2026-04-17, boston,SPARK10,5196.0,SHIPPED
ORD005375,05/11/2025,Seattle,TEA50,3827.0,SHIPPED
ORD004751,05/08/2026,Miami,COLA33,63654.0,SHIPPED
ORD000256,2026-01-15,New York,COLA33,54349.0,SHIPPED
ORD007729,2026-05-27,Detroit,SPARK10,4481.0,SHIPPED
ORD004145,24/11/2025,Atlanta ,TEA50,13682.0,SHIPPED
ORD006609,2025-09-04, boston,TEA50,2196.0,SHIPPED
ORD002264,2026-02-24, houston,TEA50,1820.0,SHIPPED
ORD003691,2026-08-19,Philadelphia,JUICE10,3809.0,SHIPPED
ORD001345,2026-05-15,Chicago,STILL15,10819.0,SHIPPED
ORD006372,2026-06-11,Boston,STILL15,2626.0,SHIPPED
ORD008089,2025-10-15,Detroit,ENER25,8727.0,SHIPPED
ORD007060,28/11/2025, minneapolis,SPARK10,4699.0,SHIPPED
ORD000499,2026-04-01, new york,JUICE10,2053.0,SHIPPED
ORD003654,2026-04-22,Philadelphia ,JUICE10,5129.0,SHIPPED
ORD001445,2026-04-30,Chicago,SPARK10,15134.0,SHIPPED
ORD006028,2026-01-23,Denver,TEA50,2945.0,SHIPPED
ORD007916,10/04/2026,Detroit,TEA50,7637.0,SHIPPED
ORD007018,23/06/2026,MINNEAPOLIS,STILL15,10215.0,SHIPPED
ORD004354,2025-10-21,Atlanta,ENER25,40651.0,SHIPPED
ORD004054,2026-01-09,Atlanta,COLA33,46008.0,SHIPPED
ORD002787,2025-12-31,Phoenix,COLA33,4258.0,SHIPPED
ORD001359,17/06/2026,CHICAGO,STILL15,24768.0,SHIPPED
ORD002163,2026-03-17,Houston ,COLA33,30381.0,SHIPPED
ORD008449,2026-03-26,San Francisco,COLA33,8808.0,SHIPPED
ORD001840,2026-02-11,Chicago,ENER25,25344.0,SHIPPED
ORD008410,2025-11-10,San Francisco,COLA33,19029.0,SHIPPED
ORD004923,09/04/2026,Miami,JUICE10,1747.0,SHIPPED
ORD008794,2026-07-02,San Francisco,ENER25,15651.0,SHIPPED
ORD003268,01/07/2026,Philadelphia,STILL15,3807.0,SHIPPED
ORD003973,2026-04-23,Atlanta,SPARK10,4307.0,SHIPPED
ORD007176,2026-02-26,Minneapolis,COLA33,60529.0,SHIPPED
ORD005841,2026-03-17,DENVER,SPARK10,4670.0,SHIPPED
ORD001593,16/09/2025,Chicago,TEA50,6684.0,SHIPPED
ORD001340,29/04/2026,Chicago,STILL15,3473.0,SHIPPED
ORD005476,03/11/2025,Seattle,JUICE10,1917.0,SHIPPED
ORD000733,12/06/2026,Los Angeles ,STILL15,8215.0,SHIPPED
ORD008527,30/12/2025,San Francisco,TEA50,16693.0,SHIPPED
ORD008379,2026-07-14,San Francisco,SPARK10,2459.0,SHIPPED
ORD002972,2025-09-19,Phoenix,JUICE10,382.0,SHIPPED
ORD005117,2026-04-17,Seattle,STILL15,8816.0,SHIPPED
ORD002034,20/01/2026,Houston ,SPARK10,10279.0,SHIPPED
ORD007558,08/10/2025,Detroit,STILL15,7398.0,SHIPPED
ORD003398,2025-10-09,Philadelphia,COLA33,17719.0,SHIPPED
ORD005149,07/08/2026,Seattle ,STILL15,4189.0,SHIPPED
ORD004605,2026-02-24,MIAMI,SPARK10,4233.0,SHIPPED
ORD000745,15/07/2026, los angeles,STILL15,39350.0,SHIPPED
ORD005576,2025-10-09,SEATTLE,ENER25,8907.0,SHIPPED
ORD005744,2026-04-09,Denver,STILL15,18017.0,SHIPPED
ORD006476,14/05/2026,Boston,SPARK10,9068.0,SHIPPED
ORD002597,2026-03-05,Phoenix,STILL15,13452.0,SHIPPED
ORD005320,2026-05-06,Seattle,COLA33,87289.0,SHIPPED
ORD007848,2026-07-29,Detroit ,COLA33,33995.0,SHIPPED
ORD007707,2026-02-26,DETROIT,SPARK10,6097.0,SHIPPED
ORD002711,2026-04-06,Phoenix ,SPARK10,16989.0,SHIPPED
ORD005128,2026-05-18,Seattle,STILL15,1937.0,SHIPPED
ORD006380,2026-07-06, boston,STILL15,5420.0,SHIPPED
ORD008723,27/10/2025, san francisco,ENER25,7096.0,SHIPPED
ORD004613,2026-03-30,Miami ,SPARK10,13157.0,SHIPPED
ORD006579,19/05/2026,Boston,COLA33,35471.0,SHIPPED
ORD008284,2026-07-27,San Francisco,STILL15,10705.0,SHIPPED
ORD003439,2026-02-23,Philadelphia,COLA33,35513.0,SHIPPED
ORD003091,2025-11-28,Phoenix,ENER25,8639.0,SHIPPED
ORD000899,2025-12-24,Los Angeles,COLA33,7561.0,SHIPPED
ORD002111,26/09/2025,Houston,COLA33,14847.0,SHIPPED
ORD002079,2026-06-15, houston,SPARK10,1280.0,SHIPPED
ORD003893,07/07/2026,Atlanta,STILL15,9420.0,SHIPPED
ORD005272,2025-11-06, seattle,COLA33,14282.0,SHIPPED
ORD004430,2026-07-24,ATLANTA,ENER25,27886.0,SHIPPED
ORD005775,2026-07-21,Denver,STILL15,20811.0,SHIPPED
ORD007066,2025-12-09,Minneapolis,SPARK10,11253.0,SHIPPED
ORD008292,2026-08-24,SAN FRANCISCO,STILL15,9819.0,SHIPPED
ORD007599,2026-02-09,Detroit,STILL15,1384.0,SHIPPED
ORD003889,2026-06-25,Atlanta,STILL15,13140.0,SHIPPED
ORD008822,11/05/2026,San Francisco,STILL15,24403.0,CANCELLED
ORD008037,2026-04-09,Detroit,JUICE10,976.0,SHIPPED
ORD008438,2026-02-04,San Francisco,COLA33,12722.0,SHIPPED
ORD002745,2026-08-03, phoenix,SPARK10,10105.0,SHIPPED
ORD004685,10/12/2025,Miami,COLA33,20088.0,SHIPPED
ORD007828,2026-05-04,Detroit,COLA33,29818.0,SHIPPED
ORD004011,2026-08-11,Atlanta,SPARK10,3329.0,SHIPPED
ORD003421,23/12/2025,Philadelphia,COLA33,87500.0,SHIPPED
ORD002794,2026-01-30,Phoenix,COLA33,70316.0,SHIPPED
ORD007341,2025-09-29,Minneapolis,JUICE10,1830.0,SHIPPED
ORD007180,2026-03-10,Minneapolis ,COLA33,6591.0,SHIPPED
ORD001600,13/10/2025,Chicago ,TEA50,16674.0,SHIPPED
ORD000291,2026-05-25,New York,COLA33,135810.0,SHIPPED
ORD005849,2026-04-14,Denver,SPARK10,3263.0,SHIPPED
ORD004788,31/12/2025,Miami,TEA50,1250.0,SHIPPED
ORD005764,2026-06-15,Denver,STILL15,13231.0,SHIPPED
ORD005106,2026-02-26,SEATTLE,STILL15,10267.0,SHIPPED
ORD006869,17/02/2026,Boston,ENER25,21238.0,SHIPPED
ORD001128,2026-04-14,Los Angeles,JUICE10,14461.0,SHIPPED
ORD001614,28/11/2025,Chicago,TEA50,27685.0,SHIPPED
ORD006118,07/11/2025,Denver,JUICE10,11991.0,SHIPPED
ORD003239,2026-04-03,Philadelphia,STILL15,102.0,SHIPPED
ORD005345,2026-07-23,Seattle,COLA33,7215.0,SHIPPED
ORD002068,2026-05-12,Houston,SPARK10,5513.0,SHIPPED
ORD006429,22/12/2025,Boston,SPARK10,3355.0,SHIPPED
ORD006095,21/08/2026,Denver,TEA50,15109.0,SHIPPED
ORD008344,2026-03-24,San Francisco,SPARK10,19008.0,SHIPPED
ORD004816,2026-04-27,MIAMI,TEA50,9223.0,SHIPPED
ORD004558,2025-09-08,Miami,SPARK10,20243.0,SHIPPED
ORD001942,2026-01-20,Houston,STILL15,29296.0,SHIPPED
ORD001331,2026-03-31,Chicago,STILL15,4757.0,SHIPPED
ORD007296,2026-05-01,Minneapolis,TEA50,9217.0,SHIPPED
ORD001774,25/06/2026,CHICAGO,JUICE10,13840.0,SHIPPED
ORD007721,2026-05-04,DETROIT,SPARK10,1019.0,SHIPPED
ORD006310,20/10/2025, boston,STILL15,5043.0,SHIPPED
ORD007974,2025-10-07, detroit,JUICE10,6128.0,SHIPPED
ORD004152,2025-12-26,Atlanta,TEA50,14269.0,SHIPPED
ORD004554,2026-08-28, miami,STILL15,3218.0,SHIPPED
ORD008411,2025-11-17, san francisco,COLA33,113337.0,SHIPPED
ORD006493,20/07/2026,Boston,SPARK10,8882.0,SHIPPED
ORD001307,2026-01-05,Chicago,STILL15,17946.0,SHIPPED
ORD003452,2026-04-16,Philadelphia ,COLA33,56730.0,SHIPPED
ORD005647,2026-05-18,Seattle,ENER25,21925.0,SHIPPED
ORD008179,20/08/2026,Detroit,ENER25,5454.0,SHIPPED
ORD008141,31/03/2026,Detroit,ENER25,25148.0,SHIPPED
ORD006921,2026-08-04, boston,ENER25,24588.0,SHIPPED
ORD005697,20/11/2025,Denver,STILL15,3987.0,SHIPPED
ORD008097,04/11/2025,Detroit,ENER25,13064.0,SHIPPED
ORD003612,10/12/2025,Philadelphia,JUICE10,5382.0,SHIPPED
ORD007251,2025-11-06,Minneapolis ,TEA50,1720.0,SHIPPED
ORD008412,2025-11-28,SAN FRANCISCO,COLA33,48493.0,SHIPPED
ORD006747,07/01/2026,Boston,JUICE10,4502.0,SHIPPED
ORD007389,04/03/2026,Minneapolis,JUICE10,1884.0,SHIPPED
ORD001523,2026-01-30, chicago,COLA33,14407.0,SHIPPED
ORD001155,2026-07-28, los angeles,JUICE10,8420.0,SHIPPED
ORD000174,13/04/2026,New York,SPARK10,24990.0,SHIPPED
ORD006091,2026-08-03,Denver,TEA50,19408.0,SHIPPED
ORD006529,02/12/2025,Boston,COLA33,18282.0,SHIPPED
ORD004936,2026-05-14,Miami,JUICE10,13406.0,SHIPPED
ORD005368,14/10/2025,Seattle,TEA50,21690.0,SHIPPED
ORD007192,2026-04-20,Minneapolis,COLA33,2954.0,SHIPPED
ORD005560,2026-08-20,Seattle,JUICE10,313.0,SHIPPED
ORD004302,2026-05-04,Atlanta,JUICE10,197.0,SHIPPED
ORD001647,2026-03-18,Chicago,TEA50,15936.0,SHIPPED
ORD007577,05/12/2025,Detroit,STILL15,848.0,SHIPPED
ORD001123,2026-04-03, los angeles,JUICE10,3597.0,SHIPPED
ORD003460,2026-05-11,Philadelphia,COLA33,9478.0,SHIPPED
ORD006843,04/11/2025, boston,ENER25,24566.0,SHIPPED
ORD007207,19/06/2026,Minneapolis,COLA33,48617.0,SHIPPED
ORD007166,07/01/2026,MINNEAPOLIS,COLA33,76502.0,SHIPPED
ORD004133,07/10/2025,Atlanta,TEA50,13417.0,SHIPPED
ORD002702,2026-02-24,Phoenix,SPARK10,2813.0,SHIPPED
ORD000136,2025-12-11,New York ,SPARK10,14099.0,SHIPPED
ORD005598,2025-12-08,Seattle,ENER25,17760.0,SHIPPED
ORD003213,12/01/2026,Philadelphia,STILL15,9777.0,SHIPPED
ORD006397,01/09/2025,BOSTON,SPARK10,3879.0,SHIPPED
ORD007666,2025-10-02,Detroit,SPARK10,9507.0,SHIPPED
ORD005840,2026-03-19,Denver,SPARK10,5643.0,SHIPPED
ORD000443,14/10/2025, new york,JUICE10,3648.0,SHIPPED
ORD003275,2026-07-22,PHILADELPHIA,STILL15,15104.0,SHIPPED
ORD001657,22/04/2026,Chicago,TEA50,3819.0,SHIPPED
ORD008712,2025-09-16,SAN FRANCISCO,ENER25,15986.0,SHIPPED
ORD007872,2025-10-21,Detroit,TEA50,4206.0,SHIPPED
ORD001871,2026-05-20,Chicago,ENER25,26443.0,SHIPPED
ORD006980,2026-03-13,Minneapolis ,STILL15,7083.0,SHIPPED
ORD007788,2026-01-02,Detroit,COLA33,75274.0,SHIPPED
ORD008178,2026-08-11, detroit,ENER25,21821.0,SHIPPED
ORD007073,05/01/2026, minneapolis,SPARK10,727.0,SHIPPED
ORD004805,09/03/2026,Miami,TEA50,15010.0,SHIPPED
ORD003397,02/10/2025,Philadelphia,COLA33,66143.0,SHIPPED
ORD001746,2026-03-06,CHICAGO,JUICE10,1199.0,SHIPPED
ORD006239,30/01/2026,Denver,ENER25,25958.0,SHIPPED
ORD004808,23/03/2026,Miami,TEA50,26035.0,SHIPPED
ORD004602,2026-02-18,Miami,SPARK10,16418.0,SHIPPED
ORD002117,2025-10-10, houston,COLA33,43577.0,SHIPPED
ORD000489,2026-02-25,New York,JUICE10,1752.0,SHIPPED
ORD003424,07/01/2026,Philadelphia,COLA33,60023.0,SHIPPED
ORD004838,2026-07-09,Miami,TEA50,10304.0,SHIPPED
ORD001414,2025-12-30,Chicago,SPARK10,12083.0,SHIPPED
ORD002452,18/12/2025,Houston,ENER25,29771.0,SHIPPED
ORD001934,17/12/2025,Houston,STILL15,4552.0,SHIPPED
ORD000298,22/06/2026,New York,COLA33,140637.0,SHIPPED
ORD005904,2025-11-14,Denver,COLA33,73679.0,SHIPPED
ORD000676,16/12/2025,Los Angeles,STILL15,11734.0,SHIPPED
ORD000823,2026-04-21,Los Angeles,SPARK10,13681.0,SHIPPED
ORD000377,2026-03-27, new york,TEA50,5928.0,SHIPPED
ORD005244,2026-07-24,Seattle,SPARK10,7899.0,SHIPPED
ORD005006,05/02/2026,Miami ,ENER25,2428.0,SHIPPED
ORD007521,02/06/2026,Minneapolis,ENER25,566.0,SHIPPED
ORD004666,2025-10-03,Miami,COLA33,75792.0,SHIPPED
ORD004469,2025-11-26,Miami,STILL15,13161.0,SHIPPED
ORD003335,2026-02-24,PHILADELPHIA,SPARK10,7939.0,SHIPPED
ORD002846,2026-07-30,Phoenix,COLA33,30042.0,SHIPPED
ORD005953,2026-04-14,Denver,COLA33,23765.0,SHIPPED
ORD001122,24/03/2026,LOS ANGELES,JUICE10,6497.0,SHIPPED
ORD000543,2025-09-11,New York,ENER25,30686.0,SHIPPED
ORD003650,06/04/2026,PHILADELPHIA,JUICE10,6669.0,SHIPPED
ORD001458,17/06/2026,Chicago,SPARK10,9278.0,SHIPPED
ORD002569,2025-12-03,PHOENIX,STILL15,18802.0,SHIPPED
ORD006835,2025-10-06,Boston,ENER25,3560.0,SHIPPED
ORD002443,2025-11-11,Houston,ENER25,53440.0,SHIPPED
ORD001204,2026-01-02,LOS ANGELES,ENER25,9127.0,SHIPPED
ORD007855,2026-08-27,Detroit,COLA33,18675.0,SHIPPED
ORD005793,2025-10-01,Denver,SPARK10,16272.0,SHIPPED
ORD000148,2026-01-19,New York,SPARK10,13594.0,SHIPPED
ORD002582,21/01/2026,Phoenix,STILL15,9205.0,SHIPPED
ORD006990,2026-04-08,MINNEAPOLIS,STILL15,9504.0,SHIPPED
ORD001730,2026-01-20,Chicago,JUICE10,7839.0,SHIPPED
ORD000147,2026-01-20,New York,SPARK10,3930.0,SHIPPED
ORD000222,2025-09-30,New York,COLA33,10684.0,SHIPPED
ORD008014,2026-01-27,Detroit,JUICE10,4338.0,SHIPPED
ORD005107,2026-02-24,Seattle,STILL15,9075.0,SHIPPED
ORD004511,2026-03-30,Miami,STILL15,7561.0,SHIPPED
ORD003489,2025-09-04,Philadelphia ,TEA50,182.0,SHIPPED
ORD006303,2025-09-22,Boston,STILL15,15955.0,SHIPPED
ORD008694,2026-07-17,San Francisco ,JUICE10,756.0,SHIPPED
ORD007456,30/10/2025,Minneapolis,ENER25,1505.0,SHIPPED
ORD005830,03/02/2026,Denver,SPARK10,8900.0,SHIPPED
ORD006439,30/01/2026,Boston,SPARK10,14756.0,SHIPPED
ORD003484,2026-08-06,Philadelphia,COLA33,33399.0,SHIPPED
ORD008812,2026-08-28,San Francisco,ENER25,3545.0,SHIPPED
ORD001646,2026-03-19,Chicago,TEA50,15187.0,SHIPPED
ORD001052,2026-07-08,Los Angeles ,TEA50,21111.0,SHIPPED
ORD003665,2026-05-18,Philadelphia,JUICE10,1898.0,SHIPPED
ORD000547,2025-10-02,NEW YORK,ENER25,3581.0,SHIPPED
ORD008556,13/04/2026,San Francisco,TEA50,2661.0,SHIPPED
ORD006757,11/02/2026,Boston,JUICE10,8403.0,SHIPPED
ORD000555,2025-10-22,New York ,ENER25,40493.0,SHIPPED
ORD005767,2026-06-26,DENVER,STILL15,8300.0,SHIPPED
ORD007843,2026-07-13,Detroit,COLA33,52160.0,SHIPPED
ORD007492,2026-03-03,Minneapolis,ENER25,7311.0,SHIPPED
ORD005078,2025-10-29,Seattle,STILL15,6828.0,SHIPPED
ORD008525,2025-12-25,SAN FRANCISCO,TEA50,27626.0,SHIPPED
ORD001518,2026-01-08,Chicago,COLA33,102960.0,SHIPPED
ORD000871,2025-09-25,LOS ANGELES,COLA33,1743.0,SHIPPED
ORD007909,06/03/2026,Detroit ,TEA50,1781.0,SHIPPED
ORD008780,2026-05-13,San Francisco,ENER25,3104.0,SHIPPED
ORD002429,18/09/2025,Houston ,ENER25,9903.0,SHIPPED
ORD000864,26/08/2026, los angeles,SPARK10,18458.0,SHIPPED
ORD002525,2026-07-17,Houston ,ENER25,17970.0,SHIPPED
ORD002169,08/04/2026,Houston,COLA33,86596.0,SHIPPED
ORD008386,2026-08-13, san francisco,SPARK10,270.0,SHIPPED
ORD006717,2025-10-02,Boston,JUICE10,1553.0,SHIPPED
ORD001760,2026-04-24,Chicago,JUICE10,21357.0,SHIPPED
ORD002052,2026-03-23,Houston,SPARK10,3060.0,SHIPPED
ORD005284,2025-12-29,Seattle,COLA33,86307.0,SHIPPED
ORD001039,2026-05-21,Los Angeles,TEA50,2844.0,SHIPPED
ORD001037,12/05/2026,Los Angeles ,TEA50,39607.0,SHIPPED
ORD001672,2026-06-22,Chicago,TEA50,514.0,SHIPPED
ORD003883,09/06/2026,Atlanta,STILL15,1224.0,SHIPPED
ORD005587,2025-11-12,Seattle,ENER25,19776.0,SHIPPED
ORD001835,2026-01-27,Chicago,ENER25,35247.0,SHIPPED
ORD001813,2025-11-07,Chicago,ENER25,31112.0,SHIPPED
ORD002658,2025-10-13,Phoenix,SPARK10,17494.0,SHIPPED
ORD005692,2025-11-07,Denver,STILL15,8950.0,SHIPPED
ORD001375,26/08/2026,Chicago,STILL15,30762.0,SHIPPED
ORD001707,2025-10-29,Chicago ,JUICE10,6836.0,SHIPPED
ORD008974,02/12/2025,Miami ,STILL15,26440.0,CANCELLED
ORD006013,20/11/2025,Denver ,TEA50,7214.0,SHIPPED
ORD006153,2026-03-02,Denver,JUICE10,6624.0,SHIPPED
ORD004624,12/05/2026, miami,SPARK10,21307.0,SHIPPED
ORD006249,2026-03-09,Denver,ENER25,16727.0,SHIPPED
ORD004424,2026-06-25,Atlanta,ENER25,365.0,SHIPPED
ORD006622,2025-10-22,Boston,TEA50,2845.0,SHIPPED
ORD006068,2026-05-07, denver,TEA50,1484.0,SHIPPED
ORD008302,2025-10-06,San Francisco,SPARK10,13864.0,SHIPPED
ORD007352,12/11/2025, minneapolis,JUICE10,1772.0,SHIPPED
ORD004150,15/12/2025,Atlanta,TEA50,8774.0,SHIPPED
ORD003850,2026-02-11,Atlanta,STILL15,15888.0,SHIPPED
ORD008189,26/09/2025,San Francisco,STILL15,3442.0,SHIPPED
ORD008161,2026-06-10,Detroit,ENER25,9405.0,SHIPPED
ORD002655,2025-10-03,Phoenix,SPARK10,18344.0,SHIPPED
ORD002236,18/11/2025,Houston,TEA50,3596.0,SHIPPED
ORD006468,20/04/2026,Boston,SPARK10,15359.0,SHIPPED
ORD005680,2025-09-29,Denver,STILL15,621.0,SHIPPED
ORD005394,2026-01-12,Seattle,TEA50,19684.0,SHIPPED
ORD002419,2026-08-19,Houston,JUICE10,908.0,SHIPPED
ORD007962,2026-08-25,Detroit,TEA50,1354.0,SHIPPED
ORD006877,2026-03-04,Boston,ENER25,13608.0,SHIPPED
ORD005516,26/03/2026,Seattle,JUICE10,2637.0,SHIPPED
ORD002456,25/12/2025, houston,ENER25,1399.0,SHIPPED
ORD003980,08/05/2026,Atlanta,SPARK10,3147.0,SHIPPED
ORD000077,2026-06-10, new york,STILL15,6993.0,SHIPPED
ORD008382,23/07/2026,San Francisco,SPARK10,18619.0,SHIPPED
ORD008479,13/07/2026,San Francisco,COLA33,12743.0,SHIPPED
ORD004004,2026-07-23,Atlanta,SPARK10,2547.0,SHIPPED
ORD006467,2026-04-20,Boston,SPARK10,14.0,SHIPPED
ORD001364,2026-07-14,Chicago,STILL15,4298.0,SHIPPED
ORD001214,2026-02-10,Los Angeles,ENER25,59184.0,SHIPPED
ORD004760,16/09/2025,Miami,TEA50,16515.0,SHIPPED
ORD004058,15/01/2026,Atlanta,COLA33,67603.0,SHIPPED
ORD008249,2026-03-23, san francisco,STILL15,4804.0,SHIPPED
ORD002522,2026-07-08,Houston,ENER25,198.0,SHIPPED
ORD000897,2025-12-24,LOS ANGELES,COLA33,2726.0,SHIPPED
ORD008884,2025-10-22,Denver,JUICE10,8169.0,CANCELLED
ORD001823,26/12/2025,Chicago ,ENER25,50783.0,SHIPPED
ORD003024,2026-04-03,PHOENIX,JUICE10,587.0,SHIPPED
ORD003233,18/03/2026,Philadelphia ,STILL15,3205.0,SHIPPED
ORD008101,2025-11-17,Detroit,ENER25,18775.0,SHIPPED
ORD002059,2026-04-13,Houston,SPARK10,20310.0,SHIPPED
ORD000809,06/03/2026,Los Angeles,SPARK10,12390.0,SHIPPED
ORD002072,26/05/2026,Houston,SPARK10,11193.0,SHIPPED
ORD004155,2026-01-02,Atlanta,TEA50,24378.0,SHIPPED
ORD003573,07/07/2026,Philadelphia,TEA50,17090.0,SHIPPED
ORD005465,18/09/2025,Seattle,JUICE10,7493.0,SHIPPED
ORD006242,2026-02-03,Denver,ENER25,5117.0,SHIPPED
ORD001464,2026-07-10,Chicago,SPARK10,26412.0,SHIPPED
ORD000553,13/10/2025,New York,ENER25,2422.0,SHIPPED
ORD004440,17/08/2026,Atlanta,ENER25,8171.0,SHIPPED
ORD003436,20/02/2026,Philadelphia,COLA33,40046.0,SHIPPED
ORD000632,2026-07-02,NEW YORK,ENER25,62387.0,SHIPPED
ORD001620,2025-12-09,Chicago,TEA50,16783.0,SHIPPED
ORD003041,2026-05-28,Phoenix,JUICE10,4801.0,SHIPPED
ORD004510,2026-03-31,Miami,STILL15,10546.0,SHIPPED
ORD005082,2025-11-06,SEATTLE,STILL15,12183.0,SHIPPED
ORD005601,24/12/2025,Seattle,ENER25,11269.0,SHIPPED
ORD001079,2025-10-17, los angeles,JUICE10,14804.0,SHIPPED
ORD004852,2026-08-11,Miami,TEA50,26950.0,SHIPPED
ORD006891,2026-04-23,Boston,ENER25,7139.0,SHIPPED
ORD005761,02/06/2026,Denver,STILL15,158.0,SHIPPED
ORD008596,25/08/2026,San Francisco,TEA50,15166.0,SHIPPED
ORD000949,01/06/2026,Los Angeles,COLA33,61311.0,SHIPPED
ORD004390,19/02/2026,Atlanta,ENER25,7487.0,SHIPPED
ORD006473,06/05/2026,Boston,SPARK10,10276.0,SHIPPED
ORD008994,2025-09-26,Miami,STILL15,,SHIPPED
ORD004248,28/10/2025,Atlanta,JUICE10,10971.0,SHIPPED
ORD005931,10/02/2026,Denver,COLA33,23353.0,SHIPPED
ORD008040,2026-04-22,Detroit,JUICE10,1611.0,SHIPPED
ORD004020,08/09/2025,Atlanta,COLA33,1175.0,SHIPPED
ORD001804,08/10/2025, chicago,ENER25,43042.0,SHIPPED
ORD004493,2026-02-11,Miami ,STILL15,5674.0,SHIPPED
ORD008573,12/06/2026, san francisco,TEA50,10265.0,SHIPPED
ORD003100,23/12/2025,Phoenix,ENER25,18477.0,SHIPPED
ORD005526,27/04/2026,Seattle,JUICE10,5110.0,SHIPPED
ORD007240,06/10/2025,Minneapolis,TEA50,16784.0,SHIPPED
ORD002339,25/11/2025,Houston,JUICE10,6578.0,SHIPPED
ORD003858,19/03/2026,Atlanta,STILL15,11297.0,SHIPPED
ORD002420,18/08/2026, houston,JUICE10,12592.0,SHIPPED
ORD008281,15/07/2026,San Francisco,STILL15,28828.0,SHIPPED
ORD004516,14/04/2026,Miami ,STILL15,15782.0,SHIPPED
ORD007600,2026-02-18,Detroit,STILL15,9382.0,SHIPPED
ORD007013,2026-06-08,Minneapolis ,STILL15,6125.0,SHIPPED
ORD005921,2026-01-19,Denver,COLA33,12769.0,SHIPPED
ORD003382,2026-08-20,Philadelphia ,SPARK10,223.0,SHIPPED
ORD007594,2026-01-22,Detroit,STILL15,515.0,SHIPPED
ORD001702,2025-09-29,Chicago,JUICE10,20957.0,SHIPPED
ORD003733,2025-12-30,Philadelphia,ENER25,338.0,SHIPPED
ORD000998,2025-12-02,Los Angeles,TEA50,25738.0,SHIPPED
ORD008692,2026-07-07,San Francisco,JUICE10,1535.0,SHIPPED
ORD003367,2026-06-02,Philadelphia,SPARK10,936.0,SHIPPED
ORD003656,2026-05-01,Philadelphia ,JUICE10,10205.0,SHIPPED
ORD001749,2026-03-11,Chicago,JUICE10,3266.0,SHIPPED
ORD004944,2026-06-01,MIAMI,JUICE10,8862.0,SHIPPED
ORD003231,13/03/2026,Philadelphia ,STILL15,5577.0,SHIPPED
ORD000844,30/06/2026,Los Angeles,SPARK10,762.0,SHIPPED
ORD004881,2025-11-27,Miami,JUICE10,5677.0,SHIPPED
ORD003470,2026-06-16,Philadelphia,COLA33,42448.0,SHIPPED
ORD004535,2026-06-09,Miami,STILL15,6455.0,SHIPPED
ORD003043,2026-06-02,Phoenix,JUICE10,4404.0,SHIPPED
ORD002610,24/04/2026,Phoenix ,STILL15,177.0,SHIPPED
ORD001956,2026-03-11,Houston,STILL15,754.0,SHIPPED
ORD001426,2026-02-19,Chicago,SPARK10,10857.0,SHIPPED
ORD003314,12/12/2025,Philadelphia,SPARK10,24868.0,SHIPPED
ORD005243,2026-07-13,Seattle,SPARK10,13328.0,SHIPPED
ORD008406,2025-11-06,San Francisco,COLA33,33196.0,SHIPPED
ORD002250,2026-01-06,Houston,TEA50,8304.0,SHIPPED
ORD000378,23/03/2026, new york,TEA50,15185.0,SHIPPED
ORD003969,03/04/2026,Atlanta,SPARK10,7779.0,SHIPPED
ORD002549,24/09/2025,Phoenix,STILL15,4401.0,SHIPPED
ORD008235,2026-02-10,SAN FRANCISCO,STILL15,526.0,SHIPPED
ORD005650,02/06/2026,Seattle ,ENER25,29976.0,SHIPPED
ORD003327,27/01/2026,Philadelphia,SPARK10,19898.0,SHIPPED
ORD006617,2025-10-02,Boston,TEA50,11111.0,SHIPPED
ORD007479,2026-01-12,MINNEAPOLIS,ENER25,20468.0,SHIPPED
ORD007758,2025-09-10, detroit,COLA33,20475.0,SHIPPED
ORD001668,28/05/2026,Chicago,TEA50,18255.0,SHIPPED
ORD002727,2026-06-08,Phoenix,SPARK10,18848.0,SHIPPED
ORD004812,2026-04-15,MIAMI,TEA50,25468.0,SHIPPED
ORD000927,2026-04-03,Los Angeles ,COLA33,4029.0,SHIPPED
ORD007673,04/11/2025,Detroit ,SPARK10,11192.0,SHIPPED
ORD005470,08/10/2025,SEATTLE,JUICE10,2053.0,SHIPPED
ORD002048,2026-03-10,HOUSTON,SPARK10,7174.0,SHIPPED
ORD007725,2026-05-13,DETROIT,SPARK10,358.0,SHIPPED
ORD002703,2026-03-04,Phoenix,SPARK10,1495.0,SHIPPED
ORD002030,2026-01-09,Houston ,SPARK10,11180.0,SHIPPED
ORD005457,13/08/2026,Seattle,TEA50,19604.0,SHIPPED
ORD001361,2026-06-30,Chicago,STILL15,5879.0,SHIPPED
ORD008594,2026-08-20,SAN FRANCISCO,TEA50,12019.0,SHIPPED
ORD004264,26/12/2025, atlanta,JUICE10,5396.0,SHIPPED
ORD003076,2025-09-23,Phoenix,ENER25,19817.0,SHIPPED
ORD005813,2025-12-09,Denver,SPARK10,12609.0,SHIPPED
ORD002589,2026-02-10,Phoenix,STILL15,16332.0,SHIPPED
ORD006406,24/10/2025,Boston,SPARK10,6884.0,SHIPPED
ORD007096,03/04/2026,Minneapolis,SPARK10,14511.0,SHIPPED
ORD007532,08/07/2026,Minneapolis ,ENER25,9252.0,SHIPPED
ORD003257,2026-06-02,Philadelphia,STILL15,6616.0,SHIPPED
ORD005043,2026-06-22, miami,ENER25,5923.0,SHIPPED
ORD002718,2026-05-06,Phoenix,SPARK10,14228.0,SHIPPED
ORD005041,15/06/2026,Miami,ENER25,7090.0,SHIPPED
ORD001912,10/10/2025,Houston ,STILL15,10765.0,SHIPPED
ORD007736,2026-06-08,Detroit,SPARK10,5535.0,SHIPPED
ORD002566,2025-11-28,Phoenix,STILL15,1576.0,SHIPPED
ORD001286,2025-10-30,Chicago ,STILL15,9743.0,SHIPPED
ORD001666,29/05/2026,Chicago,TEA50,10386.0,SHIPPED
ORD003846,2026-01-30,Atlanta,STILL15,21109.0,SHIPPED
ORD005283,2025-12-23,Seattle,COLA33,95446.0,SHIPPED
ORD002454,25/12/2025,Houston,ENER25,1691.0,SHIPPED
ORD007440,10/09/2025,Minneapolis,ENER25,3910.0,SHIPPED
ORD003614,2025-12-08,PHILADELPHIA,JUICE10,2742.0,SHIPPED
ORD007785,24/12/2025,Detroit,COLA33,5017.0,SHIPPED
ORD003529,02/02/2026,PHILADELPHIA,TEA50,6460.0,SHIPPED
ORD004849,2026-08-06,Miami,TEA50,22922.0,SHIPPED
ORD005121,29/04/2026,Seattle,STILL15,18026.0,SHIPPED
ORD006753,2026-01-28,Boston,JUICE10,2699.0,SHIPPED
ORD003684,30/07/2026,PHILADELPHIA,JUICE10,3626.0,SHIPPED
ORD001081,2025-10-20,LOS ANGELES,JUICE10,6081.0,SHIPPED
ORD002220,26/09/2025,Houston,TEA50,17997.0,SHIPPED
ORD002520,2026-06-23,HOUSTON,ENER25,4148.0,SHIPPED
ORD002213,03/09/2025,Houston,TEA50,14470.0,SHIPPED
ORD003461,12/05/2026,Philadelphia,COLA33,69949.0,SHIPPED
ORD002375,25/03/2026,HOUSTON,JUICE10,11221.0,SHIPPED
ORD003935,2025-11-27,Atlanta ,SPARK10,2972.0,SHIPPED
ORD005001,2026-01-21,Miami,ENER25,15426.0,SHIPPED
ORD004221,04/08/2026,Atlanta,TEA50,7834.0,SHIPPED
ORD006677,14/05/2026,Boston,TEA50,12482.0,SHIPPED
ORD005154,2026-08-21,SEATTLE,STILL15,3226.0,SHIPPED
ORD003594,2025-09-22, philadelphia,JUICE10,7543.0,SHIPPED
ORD000299,2026-06-26, new york,COLA33,37944.0,SHIPPED
ORD006025,2026-01-16,Denver,TEA50,14386.0,SHIPPED
ORD003288,2025-09-05,Philadelphia,SPARK10,5285.0,SHIPPED
ORD003283,2026-08-13,PHILADELPHIA,STILL15,13407.0,SHIPPED
ORD002598,13/03/2026,Phoenix,STILL15,19297.0,SHIPPED
ORD003924,2025-10-23,Atlanta,SPARK10,3538.0,SHIPPED
ORD002712,2026-04-16,Phoenix,SPARK10,9451.0,SHIPPED
ORD008589,04/08/2026,San Francisco,TEA50,21647.0,SHIPPED
ORD002862,30/09/2025,PHOENIX,TEA50,4344.0,SHIPPED
ORD007896,09/01/2026,Detroit,TEA50,2997.0,SHIPPED
ORD004696,2026-01-15,Miami,COLA33,64998.0,SHIPPED
ORD007165,2025-12-30,Minneapolis,COLA33,40721.0,SHIPPED
ORD001112,04/02/2026,Los Angeles,JUICE10,2558.0,SHIPPED
ORD004371,2025-12-24,Atlanta,ENER25,20515.0,SHIPPED
ORD004480,2025-12-29,Miami,STILL15,80.0,SHIPPED
ORD001627,2026-01-09,Chicago,TEA50,15104.0,SHIPPED
ORD002772,2025-11-11,Phoenix,COLA33,31667.0,SHIPPED
ORD006542,06/01/2026,Boston,COLA33,81828.0,SHIPPED
ORD002047,2026-03-11,Houston,SPARK10,15838.0,SHIPPED
ORD000772,2025-10-27,Los Angeles,SPARK10,13244.0,SHIPPED
ORD008526,02/01/2026,San Francisco,TEA50,1729.0,SHIPPED
ORD004927,2026-04-20,Miami,JUICE10,9102.0,SHIPPED
ORD000810,2026-03-06,Los Angeles,SPARK10,717.0,SHIPPED
ORD006552,2026-02-18,Boston,COLA33,4353.0,SHIPPED
ORD004341,2025-09-11,Atlanta,ENER25,10386.0,SHIPPED
ORD005916,08/01/2026,Denver,COLA33,18830.0,SHIPPED
ORD003079,2025-10-17,Phoenix,ENER25,3217.0,SHIPPED
ORD003896,2026-07-20, atlanta,STILL15,2586.0,SHIPPED
ORD002631,2026-06-24,Phoenix,STILL15,4546.0,SHIPPED
ORD008362,03/06/2026,San Francisco ,SPARK10,6626.0,SHIPPED
ORD007644,17/07/2026,Detroit ,STILL15,404.0,SHIPPED
ORD000620,2026-05-29,New York ,ENER25,27466.0,SHIPPED
ORD002130,2025-11-17,Houston,COLA33,41858.0,SHIPPED
ORD003537,2026-03-12, philadelphia,TEA50,2063.0,SHIPPED
ORD003678,08/07/2026,Philadelphia,JUICE10,2032.0,SHIPPED
ORD003357,2026-05-01,Philadelphia,SPARK10,457.0,SHIPPED
ORD005091,2025-12-19,SEATTLE,STILL15,5400.0,SHIPPED
ORD006849,2025-12-03,Boston,ENER25,7913.0,SHIPPED
ORD008575,2026-06-16, san francisco,TEA50,9206.0,SHIPPED
ORD005886,2026-08-26,Denver,SPARK10,8218.0,SHIPPED
ORD005332,2026-06-10,Seattle,COLA33,3714.0,SHIPPED
ORD003567,16/06/2026,Philadelphia,TEA50,24089.0,SHIPPED
ORD000962,2026-08-07,Los Angeles ,COLA33,113652.0,SHIPPED
ORD000044,28/01/2026,New York ,STILL15,44558.0,SHIPPED
ORD004389,19/02/2026,Atlanta,ENER25,11747.0,SHIPPED
ORD003517,2025-12-22,Philadelphia,TEA50,13912.0,SHIPPED
ORD001300,18/12/2025,Chicago,STILL15,8105.0,SHIPPED
ORD007446,2025-09-23,Minneapolis,ENER25,8466.0,SHIPPED
ORD001763,06/05/2026,Chicago,JUICE10,4407.0,SHIPPED
ORD008717,08/10/2025,San Francisco,ENER25,12725.0,SHIPPED
ORD003499,2025-10-08,Philadelphia,TEA50,411.0,SHIPPED
ORD000332,2025-10-24,New York,TEA50,7092.0,SHIPPED
ORD001827,29/12/2025,Chicago,ENER25,38041.0,SHIPPED
ORD008803,2026-07-27,San Francisco ,ENER25,22523.0,SHIPPED
ORD005419,16/04/2026,Seattle,TEA50,1607.0,SHIPPED
ORD006768,2026-03-11,Boston,JUICE10,2404.0,SHIPPED
ORD002053,2026-04-01, houston,SPARK10,7497.0,SHIPPED
ORD002296,14/07/2026,Houston,TEA50,22772.0,SHIPPED
ORD005535,2026-05-27,Seattle,JUICE10,5754.0,SHIPPED
ORD003873,27/04/2026,Atlanta ,STILL15,12349.0,SHIPPED
ORD001404,04/12/2025,Chicago,SPARK10,13817.0,SHIPPED
ORD008359,2026-05-25,San Francisco ,SPARK10,1395.0,SHIPPED
ORD000019,2025-10-29,New York,STILL15,4134.0,SHIPPED
ORD002321,2025-10-03,Houston,JUICE10,5582.0,SHIPPED
ORD005007,2026-02-02,Miami,ENER25,19318.0,SHIPPED
ORD006278,07/07/2026,DENVER,ENER25,703.0,SHIPPED
ORD003532,13/02/2026,Philadelphia,TEA50,15234.0,SHIPPED
ORD006498,2026-08-10,Boston,SPARK10,3222.0,SHIPPED
ORD002179,2026-05-18,Houston,COLA33,10054.0,SHIPPED
ORD000338,2025-11-13,New York,TEA50,22657.0,SHIPPED
ORD002139,2025-12-22,Houston,COLA33,50916.0,SHIPPED
ORD004397,2026-03-19,Atlanta,ENER25,41437.0,SHIPPED
ORD003430,19/01/2026,PHILADELPHIA,COLA33,23480.0,SHIPPED
ORD003366,2026-06-01,Philadelphia,SPARK10,3178.0,SHIPPED
ORD004432,27/07/2026,Atlanta,ENER25,2993.0,SHIPPED
ORD004821,2026-05-15,Miami ,TEA50,1689.0,SHIPPED
ORD008350,2026-04-23,San Francisco,SPARK10,6514.0,SHIPPED
ORD001741,20/02/2026,Chicago,JUICE10,11280.0,SHIPPED
ORD000528,09/07/2026,New York,JUICE10,10699.0,SHIPPED
ORD003407,2025-11-05,Philadelphia,COLA33,8403.0,SHIPPED
ORD003258,2026-06-05,Philadelphia,STILL15,406.0,SHIPPED
ORD000388,2026-04-23,New York,TEA50,8659.0,SHIPPED
ORD005769,2026-07-02, denver,STILL15,6913.0,SHIPPED
ORD000736,2026-06-18,Los Angeles,STILL15,1393.0,SHIPPED
ORD005552,2026-08-05,Seattle,JUICE10,2861.0,SHIPPED
ORD001559,2026-05-27,CHICAGO,COLA33,6822.0,SHIPPED
ORD001812,2025-11-03,Chicago,ENER25,8065.0,SHIPPED
ORD004576,2025-11-05,Miami,SPARK10,6520.0,SHIPPED
ORD002749,2026-08-24,PHOENIX,SPARK10,3427.0,SHIPPED
ORD007626,11/05/2026,Detroit ,STILL15,6108.0,SHIPPED
ORD003118,04/03/2026,Phoenix,ENER25,26990.0,SHIPPED
ORD008754,2026-02-16,San Francisco,ENER25,18287.0,SHIPPED
ORD001011,27/01/2026,Los Angeles,TEA50,28209.0,SHIPPED
ORD004716,2026-03-17,Miami,COLA33,35535.0,SHIPPED
ORD007539,2026-08-06,Minneapolis,ENER25,9697.0,SHIPPED
ORD000128,21/11/2025,New York,SPARK10,12431.0,SHIPPED
ORD000145,05/01/2026,New York ,SPARK10,41194.0,SHIPPED
ORD008660,2026-03-26, san francisco,JUICE10,1219.0,SHIPPED
ORD001915,2025-10-22, houston,STILL15,13811.0,SHIPPED
ORD005698,17/11/2025, denver,STILL15,8100.0,SHIPPED
ORD002437,2025-10-15,HOUSTON,ENER25,2717.0,SHIPPED
ORD004606,03/03/2026,MIAMI,SPARK10,18358.0,SHIPPED
ORD003153,2026-06-17, phoenix,ENER25,19853.0,SHIPPED
ORD000421,07/08/2026,New York,TEA50,19535.0,SHIPPED
ORD002511,21/05/2026,Houston,ENER25,7420.0,SHIPPED
ORD008876,08/12/2025,Detroit,STILL15,11465.0,CANCELLED
ORD005485,2025-12-11,Seattle,JUICE10,9499.0,SHIPPED
ORD008057,2026-06-23,Detroit,JUICE10,3876.0,SHIPPED
ORD001467,2026-07-21,CHICAGO,SPARK10,8290.0,SHIPPED
ORD005087,26/11/2025,Seattle,STILL15,10390.0,SHIPPED
ORD006399,19/09/2025, boston,SPARK10,20216.0,SHIPPED
ORD008516,13/11/2025,San Francisco,TEA50,10872.0,SHIPPED
ORD004173,2026-02-25,Atlanta,TEA50,3293.0,SHIPPED
ORD002623,2026-05-28,Phoenix,STILL15,21554.0,SHIPPED
ORD007400,2026-04-14,Minneapolis,JUICE10,5838.0,SHIPPED
ORD002595,2026-03-02,Phoenix,STILL15,7018.0,SHIPPED
ORD007820,2026-04-16,Detroit,COLA33,17869.0,SHIPPED
ORD002151,27/01/2026, houston,COLA33,11094.0,SHIPPED
ORD008319,24/12/2025,SAN FRANCISCO,SPARK10,4450.0,SHIPPED
ORD007750,2026-08-17, detroit,SPARK10,1623.0,SHIPPED
ORD007976,2025-10-15,Detroit,JUICE10,849.0,SHIPPED
ORD001825,29/12/2025,Chicago,ENER25,5365.0,SHIPPED
ORD000766,2025-10-15,Los Angeles,SPARK10,4856.0,SHIPPED
ORD008297,2025-09-16, san francisco,SPARK10,18613.0,SHIPPED
ORD008002,02/01/2026,Detroit,JUICE10,4156.0,SHIPPED
ORD000574,05/01/2026,NEW YORK,ENER25,10002.0,SHIPPED
ORD007615,16/04/2026,Detroit,STILL15,6744.0,SHIPPED
ORD001944,2026-01-29,Houston,STILL15,6903.0,SHIPPED
ORD006885,2026-04-01,Boston,ENER25,25560.0,SHIPPED
ORD001699,26/09/2025,Chicago,JUICE10,383.0,SHIPPED
ORD001010,2026-01-26,Los Angeles,TEA50,7915.0,SHIPPED
ORD005727,2026-02-16,Denver,STILL15,8520.0,SHIPPED
ORD006182,2026-06-17,Denver,JUICE10,2544.0,SHIPPED
ORD000363,2026-02-02, new york,TEA50,41517.0,SHIPPED
ORD000212,2026-08-26,NEW YORK,SPARK10,42333.0,SHIPPED
ORD005617,2026-02-19,Seattle,ENER25,3352.0,SHIPPED
ORD006769,17/03/2026,Boston,JUICE10,12178.0,SHIPPED
ORD005537,2026-06-01, seattle,JUICE10,1544.0,SHIPPED
ORD001940,05/01/2026,Houston,STILL15,4871.0,SHIPPED
ORD004171,2026-02-17,Atlanta,TEA50,19493.0,SHIPPED
ORD005083,2025-11-12, seattle,STILL15,20700.0,SHIPPED
ORD005455,2026-08-07, seattle,TEA50,6085.0,SHIPPED
ORD008935,21/08/2026,Chicago,TEA50,52923.0,CANCELLED
ORD007629,2026-05-25,Detroit,STILL15,14203.0,SHIPPED
ORD002091,20/07/2026,Houston,SPARK10,11457.0,SHIPPED
ORD007189,2026-04-16,Minneapolis,COLA33,10197.0,SHIPPED
ORD001899,25/08/2026,Chicago,ENER25,6424.0,SHIPPED
ORD003111,2026-02-04,Phoenix,ENER25,23648.0,SHIPPED
ORD008326,16/01/2026,San Francisco,SPARK10,14829.0,SHIPPED
ORD007579,2025-12-05,DETROIT,STILL15,1160.0,SHIPPED
ORD008053,18/06/2026,Detroit,JUICE10,2748.0,SHIPPED
ORD000896,2025-12-19,LOS ANGELES,COLA33,90579.0,SHIPPED
ORD006309,2025-10-22,Boston,STILL15,4536.0,SHIPPED
ORD003754,2026-03-10,Philadelphia,ENER25,23444.0,SHIPPED
ORD000521,15/06/2026,New York,JUICE10,27441.0,SHIPPED
ORD000064,2026-04-27,New York,STILL15,4872.0,SHIPPED
ORD005262,2025-10-07,Seattle,COLA33,27168.0,SHIPPED
ORD001105,2026-01-15,LOS ANGELES,JUICE10,15375.0,SHIPPED
ORD003747,2026-02-19,Philadelphia,ENER25,29085.0,SHIPPED
ORD008510,2025-10-27, san francisco,TEA50,6578.0,SHIPPED
ORD005109,02/03/2026, seattle,STILL15,3507.0,SHIPPED
ORD004938,2026-05-18,Miami,JUICE10,1420.0,SHIPPED
ORD003195,10/11/2025,Philadelphia,STILL15,12917.0,SHIPPED
ORD006693,2026-07-23, boston,TEA50,4135.0,SHIPPED
ORD004678,2025-11-12,MIAMI,COLA33,72674.0,SHIPPED
ORD005812,02/12/2025,Denver,SPARK10,16495.0,SHIPPED
ORD000375,2026-03-16,New York,TEA50,27684.0,SHIPPED
ORD004947,2026-06-15,Miami,JUICE10,14733.0,SHIPPED
ORD007719,2026-04-21,Detroit,SPARK10,1473.0,SHIPPED
ORD004126,2025-09-16,Atlanta,TEA50,4009.0,SHIPPED
ORD007533,2026-07-14,Minneapolis,ENER25,26378.0,SHIPPED
ORD008820,2025-11-07,Chicago,TEA50,25138.0,CANCELLED
ORD005026,2026-04-30,Miami,ENER25,24254.0,SHIPPED
ORD002545,2025-09-16,Phoenix,STILL15,16681.0,SHIPPED
ORD008920,03/06/2026,New York ,ENER25,10467.0,CANCELLED
ORD002444,2025-11-21,Houston,ENER25,381.0,SHIPPED
ORD003229,10/03/2026,Philadelphia,STILL15,3898.0,SHIPPED
ORD008112,2025-12-15,Detroit,ENER25,9757.0,SHIPPED
ORD006218,2025-11-07,Denver ,ENER25,22723.0,SHIPPED
ORD001019,2026-02-27,Los Angeles,TEA50,22792.0,SHIPPED
ORD003653,2026-04-22,Philadelphia,JUICE10,4731.0,SHIPPED
ORD006608,24/08/2026,Boston,COLA33,7778.0,SHIPPED
ORD007641,2026-07-10,Detroit,STILL15,16990.0,SHIPPED
ORD000314,2026-08-19,New York,COLA33,13453.0,SHIPPED
ORD005044,2026-06-24,Miami ,ENER25,14515.0,SHIPPED
ORD001983,2026-07-07,Houston,STILL15,3861.0,SHIPPED
ORD008597,2025-09-03,San Francisco,JUICE10,1497.0,SHIPPED
ORD008450,2026-03-23,SAN FRANCISCO,COLA33,75143.0,SHIPPED
ORD002093,2026-07-27,Houston,SPARK10,8900.0,SHIPPED
ORD008030,2026-03-26,Detroit,JUICE10,481.0,SHIPPED
ORD008706,2025-09-04,San Francisco,ENER25,25185.0,SHIPPED
ORD005050,2026-07-14,Miami ,ENER25,9675.0,SHIPPED
ORD008254,2026-04-06,SAN FRANCISCO,STILL15,25177.0,SHIPPED
ORD002873,2025-11-17, phoenix,TEA50,8688.0,SHIPPED
ORD007812,2026-03-26,Detroit ,COLA33,67838.0,SHIPPED
ORD008636,14/01/2026,SAN FRANCISCO,JUICE10,171.0,SHIPPED
ORD005954,2026-04-22,Denver ,COLA33,17782.0,SHIPPED
ORD001828,2026-01-08,Chicago ,ENER25,18996.0,SHIPPED
ORD004388,18/02/2026,Atlanta,ENER25,985.0,SHIPPED
ORD001070,2025-09-08,LOS ANGELES,JUICE10,23203.0,SHIPPED
ORD003116,2026-02-26,Phoenix,ENER25,23281.0,SHIPPED
ORD008370,23/06/2026,San Francisco ,SPARK10,4309.0,SHIPPED
ORD003046,11/06/2026,PHOENIX,JUICE10,11594.0,SHIPPED
ORD005666,2026-07-31,Seattle,ENER25,26091.0,SHIPPED
ORD000550,2025-10-07,New York ,ENER25,16372.0,SHIPPED
ORD006636,19/12/2025,BOSTON,TEA50,6780.0,SHIPPED
ORD005816,2025-12-15,Denver,SPARK10,14499.0,SHIPPED
ORD008444,2026-02-26,San Francisco,COLA33,6598.0,SHIPPED
ORD005864,2026-06-05, denver,SPARK10,12868.0,SHIPPED
ORD003655,2026-04-21,PHILADELPHIA,JUICE10,1910.0,SHIPPED
ORD004665,2025-10-03,Miami,COLA33,15266.0,SHIPPED
ORD003907,2025-09-05,Atlanta,SPARK10,4091.0,SHIPPED
ORD008947,21/08/2026,New York,JUICE10,27475.0,CANCELLED
ORD005899,2025-10-13,Denver ,COLA33,16012.0,SHIPPED
ORD004442,2026-08-27,Atlanta,ENER25,7146.0,SHIPPED
ORD000555,2025-10-22,New York ,ENER25,40493.0,SHIPPED
ORD002114,29/09/2025,Houston,COLA33,28706.0,SHIPPED
ORD006066,2026-05-04,Denver,TEA50,1150.0,SHIPPED
ORD003753,2026-03-11,Philadelphia,ENER25,5550.0,SHIPPED
ORD008840,2026-06-11,San Francisco,SPARK10,7354.0,CANCELLED
ORD002833,2026-06-19,Phoenix,COLA33,29116.0,SHIPPED
ORD002934,2026-05-15,Phoenix,TEA50,24734.0,SHIPPED
ORD000453,17/11/2025,New York,JUICE10,13616.0,SHIPPED
ORD003698,01/09/2025,Philadelphia ,ENER25,14463.0,SHIPPED
ORD001401,28/11/2025,Chicago ,SPARK10,11768.0,SHIPPED
ORD003600,2025-10-24,Philadelphia,JUICE10,19.0,SHIPPED
ORD005299,2026-02-17, seattle,COLA33,14247.0,SHIPPED
ORD007590,2026-01-08,Detroit,STILL15,170.0,SHIPPED
ORD002381,23/04/2026,Houston,JUICE10,268.0,SHIPPED
ORD006733,24/11/2025,Boston,JUICE10,6468.0,SHIPPED
ORD006140,23/01/2026,Denver,JUICE10,2113.0,SHIPPED
ORD001258,17/07/2026,Los Angeles,ENER25,2911.0,SHIPPED
ORD004457,2025-10-17,Miami,STILL15,2301.0,SHIPPED
ORD007500,02/04/2026,Minneapolis,ENER25,3285.0,SHIPPED
ORD004590,25/12/2025,Miami,SPARK10,743.0,SHIPPED
ORD002129,21/11/2025,HOUSTON,COLA33,60867.0,SHIPPED
ORD000699,2026-02-27,Los Angeles,STILL15,26105.0,SHIPPED
ORD000615,2026-05-11,New York ,ENER25,6908.0,SHIPPED
ORD002358,27/01/2026,Houston ,JUICE10,10837.0,SHIPPED
ORD006082,30/06/2026,Denver,TEA50,21559.0,SHIPPED
ORD006593,2026-07-09,Boston,COLA33,19185.0,SHIPPED
ORD006141,2026-01-21,Denver,JUICE10,7666.0,SHIPPED
ORD004186,07/04/2026, atlanta,TEA50,50.0,SHIPPED
ORD006475,15/05/2026,Boston,SPARK10,1452.0,SHIPPED
ORD000755,2025-09-03, los angeles,SPARK10,38496.0,SHIPPED
ORD006615,2025-09-22,Boston,TEA50,21356.0,SHIPPED
ORD000712,2026-04-08,Los Angeles,STILL15,28580.0,SHIPPED
ORD004399,23/03/2026,Atlanta,ENER25,5778.0,SHIPPED
ORD001195,2025-12-12,LOS ANGELES,ENER25,18289.0,SHIPPED
ORD002784,2025-12-15,Phoenix,COLA33,15563.0,SHIPPED
ORD002156,2026-02-26,Houston,COLA33,71498.0,SHIPPED
ORD004069,04/03/2026,Atlanta,COLA33,64881.0,SHIPPED
ORD000086,16/07/2026,New York,STILL15,795.0,SHIPPED
ORD008562,2026-05-04,SAN FRANCISCO,TEA50,17281.0,SHIPPED
ORD002518,26/06/2026,Houston,ENER25,10725.0,SHIPPED
ORD008398,2025-10-03,SAN FRANCISCO,COLA33,32105.0,SHIPPED
ORD004767,2025-10-17,Miami,TEA50,3459.0,SHIPPED
ORD007313,2026-06-22,Minneapolis,TEA50,7830.0,SHIPPED
ORD000097,11/08/2026,New York,STILL15,8641.0,SHIPPED
ORD002769,2025-11-07,Phoenix,COLA33,7718.0,SHIPPED
ORD004734,26/05/2026,Miami,COLA33,2770.0,SHIPPED
ORD008232,2026-01-27,San Francisco,STILL15,7988.0,SHIPPED
ORD004229,2025-09-05,ATLANTA,JUICE10,6837.0,SHIPPED
ORD007009,2026-06-04,Minneapolis,STILL15,5600.0,SHIPPED
ORD007286,20/03/2026,Minneapolis,TEA50,15086.0,SHIPPED
ORD007551,09/09/2025, detroit,STILL15,1431.0,SHIPPED
ORD004405,2026-04-13,Atlanta,ENER25,5094.0,SHIPPED
ORD003362,19/05/2026,Philadelphia,SPARK10,9635.0,SHIPPED
ORD002346,2025-12-24,Houston,JUICE10,833.0,SHIPPED
ORD001802,2025-10-03, chicago,ENER25,18544.0,SHIPPED
ORD004889,2025-12-29,Miami,JUICE10,749.0,SHIPPED
ORD002314,2025-09-09, houston,JUICE10,11494.0,SHIPPED
ORD002312,03/09/2025,Houston,JUICE10,6254.0,SHIPPED
ORD001042,2026-05-27,Los Angeles ,TEA50,4442.0,SHIPPED
ORD004481,2025-12-31, miami,STILL15,14477.0,SHIPPED
ORD005527,28/04/2026,Seattle,JUICE10,936.0,SHIPPED
ORD004621,2026-04-30,Miami,SPARK10,607.0,SHIPPED
ORD001173,2025-09-25,Los Angeles,ENER25,781.0,SHIPPED
ORD002941,2026-06-04,Phoenix,TEA50,600.0,SHIPPED
ORD007893,2025-12-29,DETROIT,TEA50,14279.0,SHIPPED
ORD002885,2025-12-16,Phoenix,TEA50,7283.0,SHIPPED
ORD007737,2026-06-15,DETROIT,SPARK10,10628.0,SHIPPED
ORD001868,2026-05-15,Chicago ,ENER25,2798.0,SHIPPED
ORD005260,2025-10-08,Seattle,COLA33,11006.0,SHIPPED
ORD001472,2026-08-11, chicago,SPARK10,23048.0,SHIPPED
ORD002797,2026-02-10,Phoenix ,COLA33,23630.0,SHIPPED
ORD002723,29/05/2026,PHOENIX,SPARK10,17693.0,SHIPPED
ORD002354,22/01/2026,HOUSTON,JUICE10,2134.0,SHIPPED
ORD006771,2026-03-25,Boston,JUICE10,5105.0,SHIPPED
ORD008185,2025-09-01,San Francisco ,STILL15,10829.0,SHIPPED
ORD003095,2025-12-05,Phoenix,ENER25,7997.0,SHIPPED
ORD007044,2025-10-02,Minneapolis,SPARK10,9686.0,SHIPPED
ORD002533,2026-08-04,Houston,ENER25,32917.0,SHIPPED
ORD003485,2026-08-14,Philadelphia ,COLA33,5958.0,SHIPPED
ORD003008,2026-01-26,Phoenix,JUICE10,8914.0,SHIPPED
ORD000172,08/04/2026,New York ,SPARK10,6046.0,SHIPPED
ORD002649,2025-09-03,Phoenix,SPARK10,8392.0,SHIPPED
ORD002788,2026-01-09,Phoenix,COLA33,95050.0,SHIPPED
ORD005772,08/07/2026,Denver,STILL15,17337.0,SHIPPED
ORD005270,2025-11-06,SEATTLE,COLA33,50838.0,SHIPPED
ORD005823,13/01/2026,Denver,SPARK10,3666.0,SHIPPED
ORD006782,2026-05-06, boston,JUICE10,13340.0,SHIPPED
ORD007348,2025-11-03,Minneapolis,JUICE10,2707.0,SHIPPED
ORD002421,2026-08-27,Houston,JUICE10,9759.0,SHIPPED
ORD003870,2026-04-24,Atlanta,STILL15,4201.0,SHIPPED
ORD000018,2025-10-31, new york,STILL15,56621.0,SHIPPED
ORD005626,17/03/2026, seattle,ENER25,990.0,SHIPPED
ORD003724,26/11/2025,Philadelphia,ENER25,32145.0,SHIPPED
ORD000585,2026-01-27,New York,ENER25,27006.0,SHIPPED
ORD002000,2026-08-26,Houston,STILL15,8141.0,SHIPPED
ORD003176,2025-09-11,Philadelphia,STILL15,13915.0,SHIPPED
ORD008635,2026-01-16,San Francisco,JUICE10,1131.0,SHIPPED
ORD004325,20/07/2026,Atlanta,JUICE10,432.0,SHIPPED
ORD002355,2026-01-21,Houston,JUICE10,1964.0,SHIPPED
ORD008837,2026-03-25,Phoenix,JUICE10,9641.0,CANCELLED
ORD006800,2026-06-23,Boston,JUICE10,5592.0,SHIPPED
ORD002391,2026-05-22,Houston,JUICE10,13637.0,SHIPPED
ORD003504,2025-10-29,Philadelphia,TEA50,15111.0,SHIPPED
ORD006531,2025-12-02,Boston,COLA33,6757.0,SHIPPED
ORD002775,2025-11-20,Phoenix,COLA33,17762.0,SHIPPED
ORD000714,2026-04-16,Los Angeles ,STILL15,19465.0,SHIPPED
ORD000924,2026-03-16,Los Angeles,COLA33,139440.0,SHIPPED
ORD006632,2025-11-25,BOSTON,TEA50,3697.0,SHIPPED
ORD006371,10/06/2026,BOSTON,STILL15,15131.0,SHIPPED
ORD000473,2026-01-15,New York,JUICE10,13979.0,SHIPPED
ORD003270,2026-07-06,Philadelphia,STILL15,969.0,SHIPPED
ORD003674,2026-06-26,Philadelphia,JUICE10,4530.0,SHIPPED
ORD000448,2025-10-27,New York ,JUICE10,3940.0,SHIPPED
ORD006186,2026-07-03,Denver,JUICE10,1762.0,SHIPPED
ORD008156,2026-05-28,DETROIT,ENER25,29997.0,SHIPPED
ORD007886,2025-11-26, detroit,TEA50,9887.0,SHIPPED
ORD003875,04/05/2026,ATLANTA,STILL15,28281.0,SHIPPED
ORD005658,03/07/2026,SEATTLE,ENER25,20369.0,SHIPPED
ORD007959,21/08/2026,Detroit ,TEA50,12722.0,SHIPPED
ORD004954,2026-07-31, miami,JUICE10,328.0,SHIPPED
ORD004207,2026-06-12,Atlanta,TEA50,21495.0,SHIPPED
ORD006982,2026-03-18,Minneapolis,STILL15,1721.0,SHIPPED
ORD000367,17/02/2026,New York,TEA50,30082.0,SHIPPED
ORD007754,02/09/2025,Detroit,COLA33,26965.0,SHIPPED
ORD003895,2026-07-24,Atlanta,STILL15,19635.0,SHIPPED
ORD006701,2026-08-14,Boston ,TEA50,12575.0,SHIPPED
ORD006304,2025-09-30,Boston ,STILL15,22537.0,SHIPPED
ORD000005,2025-09-17,New York,STILL15,6512.0,SHIPPED
ORD008414,02/12/2025,San Francisco,COLA33,502.0,SHIPPED
ORD007410,2026-05-20,Minneapolis ,JUICE10,3975.0,SHIPPED
ORD001950,27/02/2026,Houston,STILL15,14511.0,SHIPPED
ORD005774,2026-07-13,Denver ,STILL15,8521.0,SHIPPED
ORD003514,2025-12-15,Philadelphia,TEA50,3295.0,SHIPPED
ORD005581,2025-10-14,Seattle,ENER25,8823.0,SHIPPED
ORD000289,2026-05-18,New York,COLA33,136503.0,SHIPPED
ORD007432,11/08/2026,Minneapolis,JUICE10,710.0,SHIPPED
ORD002275,2026-04-10,Houston ,TEA50,1258.0,SHIPPED
ORD008481,2026-07-20,San Francisco,COLA33,39334.0,SHIPPED
ORD005828,26/01/2026,Denver,SPARK10,2380.0,SHIPPED
ORD004456,2025-10-17,Miami ,STILL15,8415.0,SHIPPED
ORD007278,11/02/2026,Minneapolis,TEA50,13875.0,SHIPPED
ORD007901,2026-02-06,Detroit,TEA50,5223.0,SHIPPED
ORD007550,2025-09-08, detroit,STILL15,9528.0,SHIPPED
ORD005558,19/08/2026,Seattle,JUICE10,2590.0,SHIPPED
ORD000604,2026-04-10,New York,ENER25,44417.0,SHIPPED
ORD001379,2025-09-15,Chicago,SPARK10,5995.0,SHIPPED
ORD008007,09/01/2026, detroit,JUICE10,5216.0,SHIPPED
ORD000139,19/12/2025,New York,SPARK10,10478.0,SHIPPED
ORD004630,2026-06-03,Miami,SPARK10,18832.0,SHIPPED
ORD006522,2025-11-07,Boston,COLA33,990.0,SHIPPED
ORD007661,2025-09-16,Detroit,SPARK10,3291.0,SHIPPED
ORD002327,2025-10-16,Houston,JUICE10,3698.0,SHIPPED
ORD001218,2026-02-27,Los Angeles,ENER25,22921.0,SHIPPED
ORD004429,14/07/2026, atlanta,ENER25,47193.0,SHIPPED
ORD002097,2026-08-03,Houston,SPARK10,13699.0,SHIPPED
ORD001864,2026-04-29,Chicago ,ENER25,56709.0,SHIPPED
ORD002308,2026-08-18,Houston,TEA50,25755.0,SHIPPED
ORD004393,2026-03-06,Atlanta,ENER25,11901.0,SHIPPED
ORD005016,2026-03-13,Miami,ENER25,37676.0,SHIPPED
ORD002150,2026-01-30,Houston,COLA33,19318.0,SHIPPED
ORD001469,31/07/2026,Chicago,SPARK10,19077.0,SHIPPED
ORD008222,2025-12-29,San Francisco ,STILL15,10148.0,SHIPPED
ORD002497,2026-04-14, houston,ENER25,9009.0,SHIPPED
ORD000932,2026-04-17,Los Angeles,COLA33,43198.0,SHIPPED
ORD001798,18/09/2025,Chicago,ENER25,22199.0,SHIPPED
ORD008054,2026-06-16, detroit,JUICE10,5551.0,SHIPPED
ORD003829,2025-11-24,Atlanta ,STILL15,1067.0,SHIPPED
ORD002227,2025-10-22,Houston,TEA50,2115.0,SHIPPED
ORD006442,2026-02-03,Boston,SPARK10,4203.0,SHIPPED
ORD004074,16/03/2026,Atlanta,COLA33,81127.0,SHIPPED
ORD001552,2026-05-07,Chicago,COLA33,108004.0,SHIPPED
ORD004088,2026-05-04,Atlanta,COLA33,118428.0,SHIPPED
ORD003581,12/08/2026,PHILADELPHIA,TEA50,1735.0,SHIPPED
ORD006001,09/10/2025,DENVER,TEA50,16882.0,SHIPPED
ORD005068,19/09/2025,Seattle,STILL15,17122.0,SHIPPED
ORD007972,30/09/2025,DETROIT,JUICE10,4347.0,SHIPPED
ORD003343,2026-03-17,Philadelphia ,SPARK10,6669.0,SHIPPED
ORD007321,2026-07-14,Minneapolis,TEA50,6054.0,SHIPPED
ORD002571,2025-12-16,Phoenix,STILL15,10136.0,SHIPPED
ORD000527,2026-07-10,New York ,JUICE10,15396.0,SHIPPED
ORD002839,09/07/2026,Phoenix,COLA33,66016.0,SHIPPED
ORD002802,26/02/2026,Phoenix,COLA33,49329.0,SHIPPED
ORD008354,2026-05-04,San Francisco,SPARK10,10112.0,SHIPPED
ORD008718,09/10/2025,San Francisco,ENER25,13700.0,SHIPPED
ORD007682,03/12/2025,Detroit,SPARK10,1934.0,SHIPPED
ORD003389,12/09/2025,Philadelphia,COLA33,35517.0,SHIPPED
ORD006172,2026-05-05,Denver,JUICE10,1935.0,SHIPPED
ORD001575,15/07/2026,CHICAGO,COLA33,91345.0,SHIPPED
ORD000752,2026-08-11,Los Angeles ,STILL15,27999.0,SHIPPED
ORD006330,2025-12-29,Boston,STILL15,7660.0,SHIPPED
ORD004085,20/04/2026,ATLANTA,COLA33,6006.0,SHIPPED
ORD006311,2025-10-27,BOSTON,STILL15,12087.0,SHIPPED
ORD001372,2026-08-07,Chicago,STILL15,24907.0,SHIPPED
ORD004627,2026-05-25,Miami,SPARK10,14902.0,SHIPPED
ORD001515,2025-12-29,CHICAGO,COLA33,38516.0,SHIPPED
ORD002432,2025-10-03,Houston,ENER25,32714.0,SHIPPED
ORD001303,2025-12-22, chicago,STILL15,16379.0,SHIPPED
ORD008749,29/01/2026,San Francisco,ENER25,22467.0,SHIPPED
ORD006551,2026-02-18,Boston,COLA33,76081.0,SHIPPED
ORD005776,2026-07-27,Denver ,STILL15,18419.0,SHIPPED
ORD007556,2025-10-02, detroit,STILL15,307.0,SHIPPED
ORD004060,2026-01-29,Atlanta ,COLA33,95609.0,SHIPPED
ORD001698,18/09/2025,CHICAGO,JUICE10,6694.0,SHIPPED
ORD002016,2025-11-12,HOUSTON,SPARK10,3537.0,SHIPPED
ORD002403,2026-07-02, houston,JUICE10,6082.0,SHIPPED
ORD006033,12/02/2026,Denver,TEA50,2345.0,SHIPPED
ORD006668,2026-04-08,Boston,TEA50,9254.0,SHIPPED
ORD005805,2025-11-11,Denver,SPARK10,1866.0,SHIPPED
ORD006431,30/12/2025, boston,SPARK10,7126.0,SHIPPED
ORD004486,2026-01-21,Miami,STILL15,16380.0,SHIPPED
ORD008767,24/03/2026,San Francisco,ENER25,174.0,SHIPPED
ORD008984,25/12/2025,Denver,ENER25,22118.0,CANCELLED
ORD004356,30/10/2025,Atlanta,ENER25,14196.0,SHIPPED
ORD008233,2026-01-27,San Francisco,STILL15,2989.0,SHIPPED
ORD003853,2026-03-02,Atlanta,STILL15,11776.0,SHIPPED
ORD006606,26/08/2026, boston,COLA33,35843.0,SHIPPED
ORD001538,10/03/2026,Chicago,COLA33,68786.0,SHIPPED
ORD005025,2026-04-24,Miami,ENER25,18595.0,SHIPPED
ORD007419,2026-06-24,Minneapolis,JUICE10,317.0,SHIPPED
ORD002092,2026-07-21, houston,SPARK10,6352.0,SHIPPED
ORD000715,2026-04-13,Los Angeles,STILL15,4696.0,SHIPPED
ORD002741,2026-07-27,Phoenix,SPARK10,1964.0,SHIPPED
ORD003371,25/06/2026,Philadelphia,SPARK10,6277.0,SHIPPED
ORD006273,2026-06-23,Denver,ENER25,3896.0,SHIPPED
ORD007335,2025-09-09,Minneapolis,JUICE10,3852.0,SHIPPED
ORD002509,21/05/2026,Houston,ENER25,43165.0,SHIPPED
ORD004175,2026-03-02,Atlanta,TEA50,1282.0,SHIPPED
ORD005331,2026-06-11, seattle,COLA33,23764.0,SHIPPED
ORD003817,10/10/2025,Atlanta,STILL15,6868.0,SHIPPED
ORD006637,2025-12-18,Boston ,TEA50,4424.0,SHIPPED
ORD007444,23/09/2025,Minneapolis,ENER25,8990.0,SHIPPED
ORD008330,04/02/2026,San Francisco,SPARK10,2554.0,SHIPPED
ORD008831,2025-11-26, phoenix,TEA50,4834.0,CANCELLED
ORD004360,2025-11-14,Atlanta,ENER25,36326.0,SHIPPED
ORD008428,2026-01-06,San Francisco,COLA33,39360.0,SHIPPED
ORD006261,2026-04-28,Denver,ENER25,18540.0,SHIPPED
ORD006421,2025-12-02,Boston,SPARK10,18916.0,SHIPPED
ORD004292,2026-04-01,Atlanta,JUICE10,4529.0,SHIPPED
ORD000919,2026-03-02,Los Angeles,COLA33,74236.0,SHIPPED
ORD005497,15/01/2026,Seattle,JUICE10,2657.0,SHIPPED
ORD004386,2026-02-09,Atlanta,ENER25,2846.0,SHIPPED
ORD005263,13/10/2025,Seattle,COLA33,7480.0,SHIPPED
ORD000321,18/09/2025,New York,TEA50,42610.0,SHIPPED
ORD007665,2025-09-26,Detroit,SPARK10,822.0,SHIPPED
ORD001752,2026-03-16,Chicago,JUICE10,4143.0,SHIPPED
ORD002514,2026-06-08,HOUSTON,ENER25,2053.0,SHIPPED
ORD004622,06/05/2026,Miami,SPARK10,18214.0,SHIPPED
ORD004962,2026-08-27, miami,JUICE10,8866.0,SHIPPED
ORD004555,28/08/2026,Miami ,STILL15,8550.0,SHIPPED
ORD000503,10/04/2026,New York,JUICE10,13714.0,SHIPPED
ORD000575,2026-01-05,NEW YORK,ENER25,40354.0,SHIPPED
ORD002909,2026-03-06,Phoenix,TEA50,20525.0,SHIPPED
ORD000637,2026-07-24,New York ,ENER25,20819.0,SHIPPED
ORD006204,09/09/2025,Denver ,ENER25,6828.0,SHIPPED
ORD006941,23/10/2025,Minneapolis,STILL15,12850.0,SHIPPED
ORD002729,17/06/2026,Phoenix ,SPARK10,2567.0,SHIPPED
ORD006337,2026-01-30,Boston,STILL15,14240.0,SHIPPED
ORD004141,03/11/2025,Atlanta,TEA50,4127.0,SHIPPED
ORD005080,2025-11-06,Seattle,STILL15,7561.0,SHIPPED
ORD007679,28/11/2025,DETROIT,SPARK10,2785.0,SHIPPED
ORD006333,16/01/2026,Boston,STILL15,24573.0,SHIPPED
ORD000309,2026-08-05, new york,COLA33,20717.0,SHIPPED
ORD006142,26/01/2026,Denver,JUICE10,7575.0,SHIPPED
ORD006448,2026-02-18,Boston,SPARK10,562.0,SHIPPED
ORD008700,2026-08-07,San Francisco,JUICE10,8647.0,SHIPPED
ORD008025,2026-03-02,DETROIT,JUICE10,1848.0,SHIPPED
ORD001976,2026-06-04,Houston,STILL15,25446.0,SHIPPED
ORD006437,2026-01-16,BOSTON,SPARK10,3318.0,SHIPPED
ORD007421,2026-07-03,Minneapolis,JUICE10,13701.0,SHIPPED
ORD007624,2026-05-15,Detroit,STILL15,1402.0,SHIPPED
ORD002762,09/10/2025,Phoenix,COLA33,88390.0,SHIPPED
ORD003098,2025-12-08,Phoenix,ENER25,15202.0,SHIPPED
ORD003119,04/03/2026,Phoenix,ENER25,6895.0,SHIPPED
ORD003657,2026-04-30,Philadelphia,JUICE10,3512.0,SHIPPED
ORD003949,2026-01-06,Atlanta,SPARK10,1856.0,SHIPPED
ORD008215,2025-12-11,San Francisco,STILL15,4841.0,SHIPPED
ORD007993,2025-12-04,Detroit,JUICE10,1791.0,SHIPPED
ORD003358,2026-05-08,Philadelphia,SPARK10,17801.0,SHIPPED
ORD008424,2025-12-25, san francisco,COLA33,5893.0,SHIPPED
ORD000026,2025-11-24, new york,STILL15,13440.0,SHIPPED
ORD006587,17/06/2026,Boston,COLA33,737.0,SHIPPED
ORD005693,07/11/2025,Denver,STILL15,3513.0,SHIPPED
ORD005811,2025-11-28,Denver,SPARK10,619.0,SHIPPED
ORD002352,2026-01-14,Houston,JUICE10,6820.0,SHIPPED
ORD000135,01/12/2025,New York,SPARK10,7417.0,SHIPPED
ORD007027,2026-07-22,Minneapolis ,STILL15,5949.0,SHIPPED
ORD003259,2026-06-02,Philadelphia,STILL15,23990.0,SHIPPED
ORD003620,2025-12-29, philadelphia,JUICE10,5729.0,SHIPPED
ORD003466,02/06/2026,Philadelphia,COLA33,11842.0,SHIPPED
ORD007672,2025-10-30,Detroit,SPARK10,8437.0,SHIPPED
ORD003171,18/08/2026,Phoenix,ENER25,5224.0,SHIPPED
ORD000738,2026-06-22,Los Angeles,STILL15,14701.0,SHIPPED
ORD003208,2025-12-24,Philadelphia,STILL15,20677.0,SHIPPED
ORD006986,2026-03-24,Minneapolis,STILL15,4557.0,SHIPPED
ORD005327,2026-05-29,Seattle,COLA33,7995.0,SHIPPED
ORD000138,19/12/2025,New York ,SPARK10,21794.0,SHIPPED
ORD008797,07/07/2026,San Francisco,ENER25,8755.0,SHIPPED
ORD004272,2026-01-28,Atlanta,JUICE10,2521.0,SHIPPED
ORD007815,2026-03-31,Detroit,COLA33,1245.0,SHIPPED
ORD002310,2026-08-27,Houston,TEA50,13234.0,SHIPPED
ORD006536,2025-12-17,Boston ,COLA33,41255.0,SHIPPED
ORD007433,2026-08-13,Minneapolis,JUICE10,6416.0,SHIPPED
ORD000911,2026-01-29,Los Angeles,COLA33,19551.0,SHIPPED
ORD008953,2026-05-28,Philadelphia,ENER25,10687.0,CANCELLED
ORD000023,19/11/2025,New York ,STILL15,3454.0,SHIPPED
ORD008507,20/10/2025,San Francisco,TEA50,8602.0,SHIPPED
ORD005304,2026-03-02,Seattle,COLA33,32840.0,SHIPPED
ORD008919,2025-10-20,Minneapolis,SPARK10,3072.0,CANCELLED
ORD006672,2026-04-24,Boston,TEA50,20368.0,SHIPPED
ORD003132,2026-04-17,Phoenix,ENER25,593.0,SHIPPED
ORD002246,2026-01-01, houston,TEA50,7204.0,SHIPPED
ORD002377,2026-04-08,Houston ,JUICE10,10049.0,SHIPPED
ORD005357,28/08/2026,Seattle,COLA33,4661.0,SHIPPED
ORD003780,09/06/2026,Philadelphia,ENER25,1739.0,SHIPPED
ORD004724,2026-04-15,Miami,COLA33,85556.0,SHIPPED
ORD007504,16/04/2026,Minneapolis,ENER25,24677.0,SHIPPED
ORD000456,26/11/2025,New York,JUICE10,1809.0,SHIPPED
ORD008674,2026-05-22,San Francisco,JUICE10,124.0,SHIPPED
ORD007749,14/08/2026,DETROIT,SPARK10,13986.0,SHIPPED
ORD001192,02/12/2025,Los Angeles,ENER25,48319.0,SHIPPED
ORD005723,2026-02-02,Denver,STILL15,11255.0,SHIPPED
ORD006258,2026-04-24,Denver,ENER25,11073.0,SHIPPED
ORD004589,19/12/2025,Miami,SPARK10,19887.0,SHIPPED
ORD005797,22/10/2025,Denver,SPARK10,15470.0,SHIPPED
ORD007880,2025-11-11,Detroit ,TEA50,7926.0,SHIPPED
ORD002706,2026-03-11,Phoenix,SPARK10,3165.0,SHIPPED
ORD002349,2026-01-06,Houston,JUICE10,12871.0,SHIPPED
ORD001133,2026-05-04,LOS ANGELES,JUICE10,19882.0,SHIPPED
ORD002662,28/10/2025,Phoenix,SPARK10,8415.0,SHIPPED
ORD005602,2025-12-23,Seattle,ENER25,7691.0,SHIPPED
ORD001829,2026-01-07,Chicago,ENER25,15551.0,SHIPPED
ORD000089,2026-07-22, new york,STILL15,8714.0,SHIPPED
ORD006871,2026-02-19,BOSTON,ENER25,5722.0,SHIPPED
ORD003062,2026-08-05,Phoenix,JUICE10,594.0,SHIPPED
ORD008102,2025-11-17,Detroit,ENER25,5550.0,SHIPPED
ORD000366,16/02/2026,NEW YORK,TEA50,6918.0,SHIPPED
ORD002983,2025-11-05,Phoenix ,JUICE10,5060.0,SHIPPED
ORD006590,26/06/2026,Boston,COLA33,35650.0,SHIPPED
ORD006191,21/07/2026, denver,JUICE10,982.0,SHIPPED
ORD002529,24/07/2026,HOUSTON,ENER25,1909.0,SHIPPED
ORD000700,26/02/2026,Los Angeles,STILL15,7227.0,SHIPPED
ORD002799,2026-02-16,Phoenix,COLA33,16322.0,SHIPPED
ORD006713,25/09/2025,Boston,JUICE10,7064.0,SHIPPED
ORD004831,17/06/2026,Miami,TEA50,13880.0,SHIPPED
ORD004540,01/07/2026,Miami ,STILL15,4015.0,SHIPPED
ORD006038,17/02/2026,Denver ,TEA50,13761.0,SHIPPED
ORD004720,2026-03-30,Miami ,COLA33,70457.0,SHIPPED
ORD004194,2026-04-29, atlanta,TEA50,6504.0,SHIPPED
ORD008032,2026-03-24,DETROIT,JUICE10,4937.0,SHIPPED
ORD006241,06/02/2026,Denver,ENER25,14631.0,SHIPPED
ORD002974,2025-09-29,Phoenix,JUICE10,1488.0,SHIPPED
ORD008218,2025-12-19,San Francisco,STILL15,579.0,SHIPPED
ORD006575,07/05/2026,Boston,COLA33,2047.0,SHIPPED
ORD005108,2026-03-04, seattle,STILL15,19302.0,SHIPPED
ORD004043,02/12/2025,ATLANTA,COLA33,28773.0,SHIPPED
ORD007436,21/08/2026,Minneapolis,JUICE10,5932.0,SHIPPED
ORD003521,2026-01-14,Philadelphia,TEA50,3688.0,SHIPPED
ORD002284,25/05/2026,Houston,TEA50,25021.0,SHIPPED
ORD004764,2025-09-22,Miami,TEA50,17739.0,SHIPPED
ORD000760,16/09/2025,Los Angeles,SPARK10,6925.0,SHIPPED
ORD001507,2025-12-04,Chicago ,COLA33,45566.0,SHIPPED
ORD006321,02/12/2025,Boston,STILL15,8071.0,SHIPPED
ORD005573,2025-10-03, seattle,ENER25,1361.0,SHIPPED
ORD002195,2026-07-01,Houston,COLA33,74345.0,SHIPPED
ORD008701,2026-08-07, san francisco,JUICE10,2858.0,SHIPPED
ORD007837,2026-06-23, detroit,COLA33,5717.0,SHIPPED
ORD008829,2025-11-12,New York,ENER25,45479.0,CANCELLED
ORD001839,11/02/2026,Chicago,ENER25,23525.0,SHIPPED
ORD003955,30/01/2026,Atlanta,SPARK10,19309.0,SHIPPED
ORD003445,2026-03-11,Philadelphia,COLA33,1071.0,SHIPPED
ORD008868,2026-07-21,Philadelphia,TEA50,33210.0,CANCELLED
ORD007540,2026-08-13,Minneapolis,ENER25,6451.0,SHIPPED
ORD004974,10/10/2025, miami,ENER25,6731.0,SHIPPED
ORD006792,02/06/2026,Boston,JUICE10,3304.0,SHIPPED
ORD005876,2026-07-13,Denver ,SPARK10,2214.0,SHIPPED
ORD007253,2025-11-17,Minneapolis,TEA50,1215.0,SHIPPED
ORD004628,2026-05-25,MIAMI,SPARK10,6026.0,SHIPPED
ORD001040,2026-05-19,LOS ANGELES,TEA50,21079.0,SHIPPED
ORD001609,06/11/2025,Chicago,TEA50,7967.0,SHIPPED
ORD006708,2025-09-04,Boston ,JUICE10,3516.0,SHIPPED
ORD005789,2025-09-10,Denver,SPARK10,17001.0,SHIPPED
ORD001197,15/12/2025,Los Angeles,ENER25,39982.0,SHIPPED
ORD008069,2026-08-03,Detroit,JUICE10,7126.0,SHIPPED
ORD004601,13/02/2026,Miami ,SPARK10,15583.0,SHIPPED
ORD003553,2026-05-06,Philadelphia,TEA50,3369.0,SHIPPED
ORD007365,2025-12-24,Minneapolis,JUICE10,2323.0,SHIPPED
ORD006952,02/12/2025,Minneapolis,STILL15,17389.0,SHIPPED
ORD006907,10/06/2026,Boston,ENER25,33075.0,SHIPPED
ORD006506,16/09/2025,Boston,COLA33,34686.0,SHIPPED
ORD000881,22/10/2025,Los Angeles,COLA33,156132.0,SHIPPED
ORD003219,06/02/2026,PHILADELPHIA,STILL15,7342.0,SHIPPED
ORD003107,23/01/2026,Phoenix,ENER25,11408.0,SHIPPED
ORD001094,2025-12-05,Los Angeles,JUICE10,22545.0,SHIPPED
ORD005618,2026-02-16,Seattle,ENER25,25417.0,SHIPPED
ORD003921,2025-10-14,Atlanta,SPARK10,126.0,SHIPPED
ORD002110,2025-09-17,Houston,COLA33,51665.0,SHIPPED
ORD005627,26/03/2026,Seattle,ENER25,17314.0,SHIPPED
ORD003103,2025-12-31,Phoenix,ENER25,6058.0,SHIPPED
ORD008566,2026-05-19,San Francisco ,TEA50,5186.0,SHIPPED
ORD001539,2026-03-16,Chicago,COLA33,95486.0,SHIPPED
ORD006648,2026-01-26,Boston,TEA50,14577.0,SHIPPED
ORD006704,2026-08-25,Boston,TEA50,453.0,SHIPPED
ORD003241,08/04/2026, philadelphia,STILL15,16656.0,SHIPPED
ORD006975,02/03/2026,Minneapolis,STILL15,3330.0,SHIPPED
ORD002019,2025-11-17,Houston,SPARK10,7230.0,SHIPPED
ORD001172,2025-09-26, los angeles,ENER25,29871.0,SHIPPED
ORD002263,2026-02-26, houston,TEA50,15027.0,SHIPPED
ORD007300,2026-05-15,Minneapolis,TEA50,3247.0,SHIPPED
ORD004359,04/11/2025,Atlanta,ENER25,5521.0,SHIPPED
ORD007876,28/10/2025,Detroit ,TEA50,10079.0,SHIPPED
ORD007573,21/11/2025,DETROIT,STILL15,3848.0,SHIPPED
ORD008098,11/11/2025,Detroit,ENER25,16973.0,SHIPPED
ORD001347,22/05/2026,Chicago,STILL15,3396.0,SHIPPED
ORD002494,08/04/2026,Houston,ENER25,32785.0,SHIPPED
ORD007243,15/10/2025,Minneapolis,TEA50,6096.0,SHIPPED
ORD004969,2025-09-26,Miami,ENER25,5005.0,SHIPPED
ORD000833,29/05/2026,Los Angeles,SPARK10,9420.0,SHIPPED
ORD006316,12/11/2025,Boston,STILL15,16298.0,SHIPPED
ORD008315,2025-12-05, san francisco,SPARK10,18615.0,SHIPPED
ORD004444,2026-08-26, atlanta,ENER25,22214.0,SHIPPED
ORD000210,19/08/2026,New York,SPARK10,17315.0,SHIPPED
ORD001453,26/05/2026,Chicago,SPARK10,25699.0,SHIPPED
ORD007119,2026-07-01,Minneapolis ,SPARK10,4201.0,SHIPPED
ORD003718,28/10/2025,Philadelphia,ENER25,25114.0,SHIPPED
ORD003182,2025-10-02,Philadelphia ,STILL15,15303.0,SHIPPED
ORD004146,27/11/2025,Atlanta,TEA50,5350.0,SHIPPED
ORD008083,2025-09-29,DETROIT,ENER25,6862.0,SHIPPED
ORD004104,2026-06-23,Atlanta,COLA33,8555.0,SHIPPED
ORD002164,2026-03-17,Houston,COLA33,45911.0,SHIPPED
ORD008731,2025-11-19,San Francisco,ENER25,43669.0,SHIPPED
ORD008900,2026-04-24,Denver,ENER25,13486.0,CANCELLED
ORD002560,2025-10-31,Phoenix,STILL15,1853.0,SHIPPED
ORD003350,13/04/2026,Philadelphia,SPARK10,10677.0,SHIPPED
ORD005200,2026-03-05,Seattle,SPARK10,4114.0,SHIPPED
ORD005392,29/12/2025,Seattle,TEA50,10626.0,SHIPPED
ORD001391,17/10/2025, chicago,SPARK10,19540.0,SHIPPED
ORD007887,04/12/2025,Detroit,TEA50,7537.0,SHIPPED
ORD005960,2026-05-13,Denver,COLA33,58114.0,SHIPPED
ORD008945,06/02/2026,PHILADELPHIA,STILL15,7907.0,CANCELLED
ORD006979,2026-03-11,Minneapolis,STILL15,3480.0,SHIPPED
ORD000184,12/05/2026,NEW YORK,SPARK10,4990.0,SHIPPED
ORD008099,2025-11-14,Detroit,ENER25,3185.0,SHIPPED
ORD001153,30/07/2026,Los Angeles ,JUICE10,9520.0,SHIPPED
ORD007142,24/09/2025,Minneapolis,COLA33,33727.0,SHIPPED
ORD008094,28/10/2025,Detroit,ENER25,7610.0,SHIPPED
ORD003390,10/09/2025,Philadelphia,COLA33,8078.0,SHIPPED
ORD003862,2026-03-25,Atlanta ,STILL15,2168.0,SHIPPED
ORD008039,23/04/2026,Detroit,JUICE10,8560.0,SHIPPED
ORD008387,2026-08-11,San Francisco,SPARK10,23726.0,SHIPPED
ORD007495,2026-03-09, minneapolis,ENER25,22592.0,SHIPPED
ORD003861,2026-03-27,Atlanta,STILL15,11769.0,SHIPPED
ORD000017,23/10/2025,New York,STILL15,17822.0,SHIPPED
ORD007779,2025-12-04,Detroit,COLA33,64653.0,SHIPPED
ORD006695,2026-07-28,Boston,TEA50,1668.0,SHIPPED
ORD000912,04/02/2026,Los Angeles,COLA33,6167.0,SHIPPED
ORD007975,2025-10-08,Detroit,JUICE10,1491.0,SHIPPED
ORD001459,19/06/2026, chicago,SPARK10,926.0,SHIPPED
ORD004204,02/06/2026,Atlanta,TEA50,9808.0,SHIPPED
ORD001805,2025-10-13,Chicago,ENER25,8518.0,SHIPPED
ORD001721,2025-12-09,Chicago,JUICE10,2519.0,SHIPPED
ORD005122,2026-05-05,Seattle,STILL15,13831.0,SHIPPED
ORD008897,2026-01-19, detroit,ENER25,8840.0,CANCELLED
ORD007925,2026-04-28,Detroit ,TEA50,7058.0,SHIPPED
ORD006697,2026-07-31,BOSTON,TEA50,14539.0,SHIPPED
ORD004208,19/06/2026,Atlanta,TEA50,20048.0,SHIPPED
ORD008580,29/06/2026,San Francisco,TEA50,10552.0,SHIPPED
ORD003246,2026-04-20, philadelphia,STILL15,72.0,SHIPPED
ORD008839,2025-10-03,Detroit,TEA50,10534.0,CANCELLED
ORD003068,2026-08-28,Phoenix,JUICE10,10286.0,SHIPPED
ORD007045,2025-09-30,Minneapolis,SPARK10,5874.0,SHIPPED
ORD002771,13/11/2025,Phoenix,COLA33,9838.0,SHIPPED
ORD005989,2026-08-26,DENVER,COLA33,10273.0,SHIPPED
ORD003774,2026-05-19, philadelphia,ENER25,115.0,SHIPPED
ORD003722,2025-11-19, philadelphia,ENER25,1879.0,SHIPPED
ORD004814,27/04/2026,Miami,TEA50,9290.0,SHIPPED
ORD004180,2026-03-25,Atlanta,TEA50,2703.0,SHIPPED
ORD000242,2025-12-03,New York,COLA33,13629.0,SHIPPED
ORD006511,2025-09-25,BOSTON,COLA33,9345.0,SHIPPED
ORD004351,2025-10-16,Atlanta,ENER25,12237.0,SHIPPED
ORD005300,2026-02-20,Seattle,COLA33,57844.0,SHIPPED
ORD007553,17/09/2025,Detroit,STILL15,2026.0,SHIPPED
ORD002171,2026-04-16,Houston,COLA33,26910.0,SHIPPED
ORD003909,2025-09-09, atlanta,SPARK10,14557.0,SHIPPED
ORD007194,2026-04-30,Minneapolis,COLA33,16834.0,SHIPPED
ORD007200,20/05/2026,MINNEAPOLIS,COLA33,74884.0,SHIPPED
ORD003803,02/09/2025,Atlanta ,STILL15,6606.0,SHIPPED
ORD008357,18/05/2026,San Francisco,SPARK10,4644.0,SHIPPED
ORD006440,2026-02-05,BOSTON,SPARK10,3235.0,SHIPPED
ORD003228,04/03/2026,Philadelphia,STILL15,8869.0,SHIPPED
ORD004098,2026-06-09,Atlanta,COLA33,67215.0,SHIPPED
ORD007591,2026-01-12,Detroit,STILL15,8976.0,SHIPPED
ORD003886,2026-06-15,Atlanta,STILL15,23093.0,SHIPPED
ORD007191,2026-04-16,Minneapolis,COLA33,32460.0,SHIPPED
ORD006594,2026-07-06,Boston,COLA33,102432.0,SHIPPED
ORD008960,2025-09-11,San Francisco,ENER25,12845.0,CANCELLED
ORD000705,16/03/2026,LOS ANGELES,STILL15,31817.0,SHIPPED
ORD006716,29/09/2025,Boston,JUICE10,1892.0,SHIPPED
ORD004441,19/08/2026,Atlanta ,ENER25,38428.0,SHIPPED
ORD000072,2026-05-22,New York,STILL15,5960.0,SHIPPED
ORD005496,2026-01-14,Seattle,JUICE10,3267.0,SHIPPED
ORD006641,01/01/2026,BOSTON,TEA50,21946.0,SHIPPED
ORD000723,2026-05-08,Los Angeles,STILL15,37524.0,SHIPPED
ORD003987,28/05/2026,Atlanta,SPARK10,1887.0,SHIPPED
ORD004536,19/06/2026,Miami ,STILL15,9312.0,SHIPPED
ORD005771,30/06/2026, denver,STILL15,662.0,SHIPPED
ORD007614,2026-04-13,Detroit,STILL15,5027.0,SHIPPED
ORD005139,2026-06-24,Seattle,STILL15,5784.0,SHIPPED
ORD000831,20/05/2026,LOS ANGELES,SPARK10,3384.0,SHIPPED
ORD000845,30/06/2026, los angeles,SPARK10,3512.0,SHIPPED
ORD001412,01/01/2026, chicago,SPARK10,381.0,SHIPPED
ORD004090,2026-05-14, atlanta,COLA33,24730.0,SHIPPED
ORD005548,23/07/2026,Seattle,JUICE10,860.0,SHIPPED
ORD005194,2026-02-13,Seattle,SPARK10,8767.0,SHIPPED
ORD002138,16/12/2025,Houston,COLA33,14770.0,SHIPPED
ORD007944,2026-07-02,DETROIT,TEA50,5987.0,SHIPPED
ORD000271,2026-03-02,New York,COLA33,51697.0,SHIPPED
ORD002904,2026-02-19, phoenix,TEA50,15937.0,SHIPPED
ORD002331,27/10/2025,Houston ,JUICE10,4980.0,SHIPPED
ORD005909,2025-12-11,Denver ,COLA33,3152.0,SHIPPED
ORD008349,2026-04-14,San Francisco,SPARK10,15602.0,SHIPPED
ORD002313,2025-09-05,Houston,JUICE10,8975.0,SHIPPED
ORD007529,03/07/2026,Minneapolis,ENER25,10080.0,SHIPPED
ORD001333,31/03/2026,Chicago,STILL15,13680.0,SHIPPED
ORD008699,31/07/2026,San Francisco,JUICE10,10488.0,SHIPPED
ORD005234,2026-06-17,Seattle,SPARK10,1919.0,SHIPPED
ORD004645,2026-07-14,Miami,SPARK10,1169.0,SHIPPED
ORD005591,2025-11-20,Seattle,ENER25,2794.0,SHIPPED
ORD008719,2025-10-14,SAN FRANCISCO,ENER25,6416.0,SHIPPED
ORD002051,2026-03-24,Houston,SPARK10,13304.0,SHIPPED
ORD000067,2026-05-06,New York,STILL15,9275.0,SHIPPED
ORD000154,2026-02-10,New York,SPARK10,3633.0,SHIPPED
ORD004452,2025-09-29,Miami ,STILL15,34833.0,SHIPPED
ORD001815,13/11/2025,Chicago,ENER25,47277.0,SHIPPED
ORD000854,28/07/2026,Los Angeles ,SPARK10,17581.0,SHIPPED
ORD001943,28/01/2026,Houston,STILL15,17054.0,SHIPPED
ORD001606,29/10/2025,Chicago,TEA50,2564.0,SHIPPED
ORD002504,2026-05-07,Houston,ENER25,19582.0,SHIPPED
ORD004920,2026-03-23,Miami,JUICE10,1533.0,SHIPPED
ORD006356,2026-04-15, boston,STILL15,5093.0,SHIPPED
ORD004303,2026-05-15,Atlanta,JUICE10,4630.0,SHIPPED
ORD001063,12/08/2026,Los Angeles,TEA50,55086.0,SHIPPED
ORD007055,2025-10-30,Minneapolis,SPARK10,12987.0,SHIPPED
ORD006751,2026-01-22, boston,JUICE10,3488.0,SHIPPED
ORD001338,2026-04-27,Chicago,STILL15,8823.0,SHIPPED
ORD001844,2026-02-26,Chicago,ENER25,6090.0,SHIPPED
ORD000542,02/09/2025,New York,ENER25,28861.0,SHIPPED
ORD007588,2026-01-02,Detroit,STILL15,9101.0,SHIPPED
ORD006949,20/11/2025,Minneapolis,STILL15,17839.0,SHIPPED
ORD002145,08/01/2026,Houston,COLA33,72960.0,SHIPPED
ORD000236,2025-11-04,NEW YORK,COLA33,7215.0,SHIPPED
ORD004196,2026-05-07,Atlanta,TEA50,465.0,SHIPPED
ORD007693,2026-01-20,Detroit,SPARK10,1811.0,SHIPPED
ORD004422,15/06/2026,Atlanta,ENER25,12908.0,SHIPPED
ORD005248,2026-08-05,Seattle,SPARK10,2343.0,SHIPPED
ORD003128,2026-04-09,Phoenix,ENER25,7558.0,SHIPPED
ORD000597,2026-03-09, new york,ENER25,24287.0,SHIPPED
ORD001026,2026-03-24,Los Angeles,TEA50,41443.0,SHIPPED
ORD006526,2025-11-17,Boston,COLA33,60020.0,SHIPPED
ORD008657,2026-03-17,San Francisco,JUICE10,4159.0,SHIPPED
ORD005493,2026-01-09,Seattle,JUICE10,1411.0,SHIPPED
ORD008121,2026-01-15, detroit,ENER25,10679.0,SHIPPED
ORD008550,2026-03-24,SAN FRANCISCO,TEA50,12824.0,SHIPPED
ORD001965,2026-04-27,Houston,STILL15,12665.0,SHIPPED
ORD007372,2026-01-12,Minneapolis,JUICE10,8488.0,SHIPPED
ORD001208,2026-01-05,Los Angeles,ENER25,19671.0,SHIPPED
ORD001902,2025-09-05,Houston,STILL15,13092.0,SHIPPED
ORD000414,2026-07-08,NEW YORK,TEA50,913.0,SHIPPED
ORD004670,2025-10-24,Miami,COLA33,78453.0,SHIPPED
ORD001319,2026-02-20,Chicago ,STILL15,32798.0,SHIPPED
ORD001246,2026-06-09, los angeles,ENER25,44785.0,SHIPPED
ORD002046,2026-03-09,Houston,SPARK10,975.0,SHIPPED
ORD006295,2026-08-25,Denver,ENER25,17173.0,SHIPPED
ORD007325,2026-07-31,Minneapolis,TEA50,1435.0,SHIPPED
ORD003996,2026-07-02,ATLANTA,SPARK10,7938.0,SHIPPED
ORD001708,2025-10-28,Chicago,JUICE10,11066.0,SHIPPED
ORD003757,2026-03-17,Philadelphia,ENER25,17748.0,SHIPPED
ORD003819,2025-10-24,Atlanta,STILL15,7428.0,SHIPPED
ORD001378,10/09/2025,Chicago,SPARK10,17764.0,SHIPPED
ORD007148,2025-10-23,Minneapolis,COLA33,39663.0,SHIPPED
ORD007738,2026-06-18,Detroit,SPARK10,5453.0,SHIPPED
ORD000619,2026-05-27,NEW YORK,ENER25,21127.0,SHIPPED
ORD007163,2025-12-22,Minneapolis,COLA33,7066.0,SHIPPED
ORD005391,2026-01-02,Seattle,TEA50,6220.0,SHIPPED
ORD001048,2026-06-30,Los Angeles,TEA50,5692.0,SHIPPED
ORD002868,2025-10-30,PHOENIX,TEA50,12831.0,SHIPPED
ORD001009,2026-01-19,LOS ANGELES,TEA50,54747.0,SHIPPED
ORD005924,27/01/2026,Denver,COLA33,57005.0,SHIPPED
ORD002674,2025-12-03,Phoenix,SPARK10,2109.0,SHIPPED
ORD004263,2025-12-26,ATLANTA,JUICE10,1083.0,SHIPPED
ORD006235,2026-01-06,DENVER,ENER25,15359.0,SHIPPED
ORD005451,20/07/2026,Seattle,TEA50,17151.0,SHIPPED
ORD002413,2026-07-27,HOUSTON,JUICE10,9947.0,SHIPPED
ORD007074,07/01/2026,Minneapolis,SPARK10,5619.0,SHIPPED
ORD004956,2026-07-30,Miami,JUICE10,9566.0,SHIPPED
ORD004828,10/06/2026,Miami,TEA50,14126.0,SHIPPED
ORD005286,2026-01-07,Seattle,COLA33,11827.0,SHIPPED
ORD003720,10/11/2025,Philadelphia,ENER25,26945.0,SHIPPED
ORD003175,01/09/2025,Philadelphia,STILL15,17344.0,SHIPPED
ORD004410,2026-04-27,Atlanta,ENER25,17648.0,SHIPPED
ORD000389,2026-04-29, new york,TEA50,381.0,SHIPPED
ORD000393,2026-05-07,New York,TEA50,6448.0,SHIPPED
ORD001213,2026-02-05,Los Angeles,ENER25,51653.0,SHIPPED
ORD003919,2025-10-07,Atlanta,SPARK10,9585.0,SHIPPED
ORD002487,2026-03-17,Houston,ENER25,1323.0,SHIPPED
ORD005307,2026-03-20,Seattle,COLA33,73559.0,SHIPPED
ORD002060,2026-04-21,Houston,SPARK10,45.0,SHIPPED
ORD005822,2026-01-12,Denver,SPARK10,9668.0,SHIPPED
ORD000031,17/12/2025,New York,STILL15,13409.0,SHIPPED
ORD000613,2026-05-15,New York,ENER25,31853.0,SHIPPED
ORD004631,2026-06-02, miami,SPARK10,3253.0,SHIPPED
ORD006859,2026-01-05,Boston,ENER25,24319.0,SHIPPED
ORD005420,2026-04-15,Seattle,TEA50,19766.0,SHIPPED
ORD008979,2026-07-29,Minneapolis,TEA50,1129.0,CANCELLED
ORD006958,2025-12-31,Minneapolis,STILL15,16085.0,SHIPPED
ORD008685,2026-06-15,San Francisco,JUICE10,2640.0,SHIPPED
ORD005403,2026-02-20,Seattle,TEA50,21539.0,SHIPPED
ORD001478,02/09/2025,Chicago,COLA33,121431.0,SHIPPED
ORD008364,05/06/2026,San Francisco,SPARK10,58.0,SHIPPED
ORD007936,2026-06-01,Detroit,TEA50,707.0,SHIPPED
ORD008314,2025-11-27,SAN FRANCISCO,SPARK10,14895.0,SHIPPED
ORD004080,03/04/2026,ATLANTA,COLA33,22215.0,SHIPPED
ORD008853,2026-04-06,New York,TEA50,22481.0,CANCELLED
ORD002316,19/09/2025,Houston ,JUICE10,3830.0,SHIPPED
ORD001166,2025-09-03,Los Angeles,ENER25,41771.0,SHIPPED
ORD005740,2026-03-23,Denver,STILL15,5999.0,SHIPPED
ORD008905,23/07/2026,San Francisco,ENER25,28524.0,CANCELLED
ORD007331,2026-08-25,Minneapolis,TEA50,4413.0,SHIPPED
ORD004446,2025-09-05,Miami,STILL15,6881.0,SHIPPED
ORD003823,04/11/2025,Atlanta ,STILL15,20760.0,SHIPPED
ORD003658,2026-04-27,Philadelphia,JUICE10,2296.0,SHIPPED
ORD002488,23/03/2026,Houston,ENER25,16669.0,SHIPPED
ORD004952,2026-07-13,Miami,JUICE10,7676.0,SHIPPED
ORD006998,2026-04-30,Minneapolis,STILL15,415.0,SHIPPED
ORD003252,2026-05-13,Philadelphia,STILL15,10684.0,SHIPPED
ORD005074,2025-10-08,Seattle,STILL15,19596.0,SHIPPED
ORD007610,2026-03-27, detroit,STILL15,1653.0,SHIPPED
ORD007409,2026-05-22,Minneapolis,JUICE10,173.0,SHIPPED
ORD001309,2026-01-15, chicago,STILL15,5129.0,SHIPPED
ORD006100,2025-09-10,DENVER,JUICE10,2887.0,SHIPPED
ORD008531,2026-01-16,San Francisco ,TEA50,3865.0,SHIPPED
ORD007915,01/04/2026,Detroit,TEA50,14327.0,SHIPPED
ORD007904,2026-02-18, detroit,TEA50,5355.0,SHIPPED
ORD001644,05/03/2026,Chicago,TEA50,5553.0,SHIPPED
ORD003557,2026-05-11,PHILADELPHIA,TEA50,12838.0,SHIPPED
ORD005227,2026-05-20,Seattle,SPARK10,1194.0,SHIPPED
ORD007329,2026-08-12,Minneapolis,TEA50,6999.0,SHIPPED
ORD005377,2025-11-06,Seattle,TEA50,7819.0,SHIPPED
ORD005051,2026-07-17, miami,ENER25,27551.0,SHIPPED
ORD003464,2026-05-29, philadelphia,COLA33,25714.0,SHIPPED
ORD001820,03/12/2025,Chicago ,ENER25,29268.0,SHIPPED
ORD004423,16/06/2026,ATLANTA,ENER25,8088.0,SHIPPED
ORD000818,2026-04-08,Los Angeles,SPARK10,25835.0,SHIPPED
ORD006225,03/12/2025,Denver,ENER25,16407.0,SHIPPED
ORD004502,09/03/2026,Miami,STILL15,2112.0,SHIPPED
ORD004811,2026-04-09,Miami,TEA50,22277.0,SHIPPED
ORD001927,2025-11-28,Houston,STILL15,9922.0,SHIPPED
ORD006058,2026-04-16,Denver ,TEA50,14373.0,SHIPPED
ORD000179,2026-05-01,New York,SPARK10,34980.0,SHIPPED
ORD000304,15/07/2026,New York,COLA33,139518.0,SHIPPED
ORD006878,2026-03-12,Boston,ENER25,11258.0,SHIPPED
ORD003307,11/11/2025, philadelphia,SPARK10,17351.0,SHIPPED
ORD004257,2025-11-24,Atlanta,JUICE10,11676.0,SHIPPED
ORD005687,2025-10-17,Denver,STILL15,2995.0,SHIPPED
ORD004355,29/10/2025,Atlanta,ENER25,18365.0,SHIPPED
ORD007116,2026-06-26,Minneapolis,SPARK10,4687.0,SHIPPED
ORD005330,2026-06-05,Seattle,COLA33,29959.0,SHIPPED
ORD004332,2026-08-14,Atlanta,JUICE10,10485.0,SHIPPED
ORD006425,2025-12-08,BOSTON,SPARK10,3612.0,SHIPPED
ORD008798,2026-07-06,San Francisco,ENER25,17512.0,SHIPPED
ORD007883,2025-11-19,Detroit,TEA50,2002.0,SHIPPED
ORD005919,2026-01-15,Denver,COLA33,21111.0,SHIPPED
ORD001978,18/06/2026,Houston,STILL15,28377.0,SHIPPED
ORD004551,2026-08-13,Miami,STILL15,12539.0,SHIPPED
ORD008942,2026-06-16, detroit,JUICE10,5364.0,CANCELLED
ORD003432,28/01/2026,Philadelphia,COLA33,48091.0,SHIPPED
ORD001952,02/03/2026,Houston ,STILL15,1498.0,SHIPPED
ORD005314,15/04/2026,Seattle,COLA33,3021.0,SHIPPED
ORD002880,2025-12-05,PHOENIX,TEA50,9692.0,SHIPPED
ORD002328,2025-10-22,Houston,JUICE10,9171.0,SHIPPED
ORD002579,2026-01-01,Phoenix,STILL15,8258.0,SHIPPED
ORD008132,2026-02-24,Detroit,ENER25,6253.0,SHIPPED
ORD001863,2026-04-24,Chicago,ENER25,39034.0,SHIPPED
ORD002761,2025-09-29,Phoenix,COLA33,62565.0,SHIPPED
ORD004782,15/12/2025, miami,TEA50,5143.0,SHIPPED
ORD003509,2025-11-26,Philadelphia ,TEA50,17452.0,SHIPPED
ORD008634,2026-01-09,San Francisco,JUICE10,190.0,SHIPPED
ORD004411,28/04/2026,Atlanta,ENER25,22647.0,SHIPPED
ORD008726,2025-11-03,San Francisco,ENER25,16237.0,SHIPPED
ORD002105,2025-09-02, houston,COLA33,1584.0,SHIPPED
ORD007213,13/07/2026,Minneapolis,COLA33,38135.0,SHIPPED
ORD008943,02/01/2026, minneapolis,SPARK10,268.0,CANCELLED
ORD000505,2026-04-22, new york,JUICE10,23972.0,SHIPPED
ORD005416,31/03/2026,Seattle,TEA50,1254.0,SHIPPED
ORD006813,2026-07-24, boston,JUICE10,9894.0,SHIPPED
ORD003363,2026-05-19,Philadelphia,SPARK10,2900.0,SHIPPED
ORD000558,03/11/2025,New York,ENER25,24909.0,SHIPPED
ORD003997,2026-07-01,Atlanta,SPARK10,210.0,SHIPPED
ORD008753,2026-02-11,San Francisco,ENER25,25114.0,SHIPPED
ORD007910,12/03/2026,Detroit,TEA50,14993.0,SHIPPED
ORD007179,2026-03-04,Minneapolis,COLA33,19652.0,SHIPPED
ORD004358,03/11/2025,ATLANTA,ENER25,458.0,SHIPPED
ORD008512,2025-11-07,San Francisco,TEA50,1501.0,SHIPPED
ORD002343,2025-12-16,Houston,JUICE10,1243.0,SHIPPED
ORD006679,2026-05-25,Boston,TEA50,15199.0,SHIPPED
ORD006417,2025-11-21,Boston,SPARK10,26.0,SHIPPED
ORD004820,15/05/2026,Miami,TEA50,14886.0,SHIPPED
ORD002229,2025-10-29,Houston,TEA50,7256.0,SHIPPED
ORD006414,12/11/2025,Boston,SPARK10,3010.0,SHIPPED
ORD000493,09/03/2026,New York,JUICE10,35095.0,SHIPPED
ORD003937,2025-12-03,Atlanta ,SPARK10,11760.0,SHIPPED
ORD003290,2025-09-10,Philadelphia,SPARK10,8821.0,SHIPPED
ORD008404,2025-10-31,San Francisco,COLA33,20520.0,SHIPPED
ORD001551,2026-05-01,Chicago,COLA33,128952.0,SHIPPED
ORD007360,2025-12-03,Minneapolis,JUICE10,62.0,SHIPPED
ORD007087,2026-02-24,Minneapolis,SPARK10,4065.0,SHIPPED
ORD006732,2025-11-26,Boston ,JUICE10,3154.0,SHIPPED
ORD007423,2026-07-15,Minneapolis,JUICE10,10344.0,SHIPPED
ORD002486,17/03/2026,Houston,ENER25,3285.0,SHIPPED
ORD002632,2026-06-30,Phoenix,STILL15,16815.0,SHIPPED
ORD001898,2026-08-17,CHICAGO,ENER25,9752.0,SHIPPED
ORD004419,2026-06-01,Atlanta,ENER25,23979.0,SHIPPED
ORD006803,30/06/2026,BOSTON,JUICE10,4748.0,SHIPPED
ORD001349,2026-05-28,Chicago,STILL15,13283.0,SHIPPED
ORD008528,07/01/2026,San Francisco,TEA50,6322.0,SHIPPED
ORD007441,12/09/2025,Minneapolis,ENER25,15335.0,SHIPPED
ORD001991,2026-07-29,Houston,STILL15,16191.0,SHIPPED
ORD005113,2026-03-23, seattle,STILL15,8890.0,SHIPPED
ORD007269,2025-12-30,Minneapolis ,TEA50,9593.0,SHIPPED
ORD002345,2025-12-25,Houston,JUICE10,13237.0,SHIPPED
ORD006784,13/05/2026,Boston,JUICE10,6103.0,SHIPPED
ORD007759,2025-09-15,Detroit ,COLA33,59274.0,SHIPPED
ORD000741,03/07/2026, los angeles,STILL15,3808.0,SHIPPED
ORD004327,2026-07-28,Atlanta,JUICE10,619.0,SHIPPED
ORD003199,17/11/2025,PHILADELPHIA,STILL15,3984.0,SHIPPED
ORD003791,17/07/2026, philadelphia,ENER25,20773.0,SHIPPED
ORD003038,2026-05-19,Phoenix,JUICE10,1757.0,SHIPPED
ORD002620,20/05/2026,PHOENIX,STILL15,9350.0,SHIPPED
ORD002040,2026-02-09,Houston,SPARK10,14161.0,SHIPPED
ORD008465,2026-05-22,San Francisco ,COLA33,41905.0,SHIPPED
ORD000915,2026-02-13,Los Angeles,COLA33,110815.0,SHIPPED
ORD006236,2026-01-12,Denver,ENER25,21948.0,SHIPPED
ORD000707,2026-03-24,Los Angeles,STILL15,10492.0,SHIPPED
ORD004519,23/04/2026,MIAMI,STILL15,10365.0,SHIPPED
ORD008805,2026-07-31,San Francisco,ENER25,4837.0,SHIPPED
ORD008585,22/07/2026,San Francisco,TEA50,7335.0,SHIPPED
ORD004890,2026-01-02,Miami,JUICE10,6270.0,SHIPPED
ORD007104,2026-05-06,Minneapolis,SPARK10,5369.0,SHIPPED
ORD000867,05/09/2025,Los Angeles,COLA33,41127.0,SHIPPED
ORD004736,2026-06-02,Miami,COLA33,74477.0,SHIPPED
ORD002426,2025-09-05,Houston,ENER25,476.0,SHIPPED
ORD002917,25/03/2026,Phoenix,TEA50,2087.0,SHIPPED
ORD004364,2025-11-28,Atlanta ,ENER25,29973.0,SHIPPED
ORD006271,10/06/2026, denver,ENER25,15001.0,SHIPPED
ORD004742,2026-06-29, miami,COLA33,40745.0,SHIPPED
ORD005431,2026-05-21,Seattle,TEA50,21675.0,SHIPPED
ORD004458,2025-10-15,Miami,STILL15,5925.0,SHIPPED
ORD007425,2026-07-17,Minneapolis,JUICE10,369.0,SHIPPED
ORD000967,17/08/2026,Los Angeles,COLA33,16116.0,SHIPPED
ORD006315,2025-11-11,Boston,STILL15,6532.0,SHIPPED
ORD006338,2026-01-28,Boston ,STILL15,5775.0,SHIPPED
ORD007825,28/04/2026,Detroit,COLA33,19779.0,SHIPPED
ORD004561,2025-09-18,Miami ,SPARK10,9648.0,SHIPPED
ORD007155,10/11/2025,MINNEAPOLIS,COLA33,53360.0,SHIPPED
ORD002168,2026-04-03,Houston,COLA33,78524.0,SHIPPED
ORD002764,16/10/2025,Phoenix,COLA33,74253.0,SHIPPED
ORD000776,17/11/2025,LOS ANGELES,SPARK10,1014.0,SHIPPED
ORD001667,25/05/2026,Chicago ,TEA50,786.0,SHIPPED
ORD003497,01/10/2025,Philadelphia,TEA50,7899.0,SHIPPED
ORD003800,18/08/2026,Philadelphia,ENER25,27340.0,SHIPPED
ORD005389,2025-12-23, seattle,TEA50,4326.0,SHIPPED
ORD008198,23/10/2025,San Francisco,STILL15,14660.0,SHIPPED
ORD007543,17/08/2026,Minneapolis ,ENER25,29980.0,SHIPPED
ORD008691,2026-07-07,San Francisco,JUICE10,6515.0,SHIPPED
ORD007090,06/03/2026,MINNEAPOLIS,SPARK10,1280.0,SHIPPED
ORD005550,2026-07-24,Seattle,JUICE10,8554.0,SHIPPED
ORD008033,2026-03-30,Detroit,JUICE10,4726.0,SHIPPED
ORD001346,2026-05-20,Chicago,STILL15,18169.0,SHIPPED
ORD000880,2025-10-13, los angeles,COLA33,156023.0,SHIPPED
ORD004437,14/08/2026,Atlanta,ENER25,12099.0,SHIPPED
ORD007690,2026-01-07,Detroit,SPARK10,10106.0,SHIPPED
ORD005469,2025-10-10, seattle,JUICE10,5882.0,SHIPPED
ORD007790,07/01/2026,DETROIT,COLA33,1211.0,SHIPPED
ORD005865,09/06/2026,Denver,SPARK10,3952.0,SHIPPED
ORD000563,2025-11-28,New York,ENER25,8279.0,SHIPPED
ORD002832,12/06/2026, phoenix,COLA33,21348.0,SHIPPED
ORD004730,2026-05-06,Miami,COLA33,83105.0,SHIPPED
ORD006723,20/10/2025, boston,JUICE10,12095.0,SHIPPED
ORD001543,03/04/2026,Chicago,COLA33,70717.0,SHIPPED
ORD008323,2025-12-31,San Francisco,SPARK10,1334.0,SHIPPED
ORD000169,2026-04-03,New York,SPARK10,21637.0,SHIPPED
ORD001788,10/08/2026,Chicago,JUICE10,12327.0,SHIPPED
ORD001664,20/05/2026,Chicago,TEA50,16591.0,SHIPPED
ORD004228,2025-09-03,Atlanta,JUICE10,2708.0,SHIPPED
ORD001203,2025-12-30,Los Angeles,ENER25,10951.0,SHIPPED
ORD006932,2025-09-16,Minneapolis,STILL15,17373.0,SHIPPED
ORD004401,2026-04-03,Atlanta,ENER25,7592.0,SHIPPED
ORD000239,2025-11-19,NEW YORK,COLA33,22333.0,SHIPPED
ORD006997,27/04/2026,Minneapolis,STILL15,11957.0,SHIPPED
ORD007623,2026-05-08,Detroit,STILL15,1302.0,SHIPPED
ORD003003,2026-01-16,Phoenix,JUICE10,707.0,SHIPPED
ORD001576,15/07/2026,Chicago,COLA33,26094.0,SHIPPED
ORD007685,2025-12-23, detroit,SPARK10,9770.0,SHIPPED
ORD001222,2026-03-19,LOS ANGELES,ENER25,28596.0,SHIPPED
ORD008628,2025-12-16, san francisco,JUICE10,9461.0,SHIPPED
ORD004608,2026-03-09,Miami,SPARK10,17945.0,SHIPPED
ORD002730,2026-06-24,Phoenix ,SPARK10,2934.0,SHIPPED
ORD002758,2025-09-25,Phoenix,COLA33,89069.0,SHIPPED
ORD003049,2026-06-19,Phoenix,JUICE10,3401.0,SHIPPED
ORD001562,02/06/2026,Chicago,COLA33,40386.0,SHIPPED
ORD005624,17/03/2026,Seattle,ENER25,23918.0,SHIPPED
ORD001645,2026-03-11,Chicago ,TEA50,26929.0,SHIPPED
ORD004851,12/08/2026, miami,TEA50,822.0,SHIPPED
ORD001781,2026-07-16,Chicago,JUICE10,17060.0,SHIPPED
ORD008591,2026-08-11,San Francisco ,TEA50,7027.0,SHIPPED
ORD005014,24/02/2026,Miami,ENER25,30304.0,SHIPPED
ORD005752,2026-04-28,Denver,STILL15,6570.0,SHIPPED
ORD005918,2026-01-16,Denver,COLA33,20264.0,SHIPPED
ORD006005,2025-10-24,Denver,TEA50,1157.0,SHIPPED
ORD006029,21/01/2026,Denver,TEA50,2866.0,SHIPPED
ORD008209,27/11/2025,San Francisco,STILL15,227.0,SHIPPED
ORD008208,2025-11-19,San Francisco ,STILL15,12013.0,SHIPPED
ORD001757,09/04/2026, chicago,JUICE10,16063.0,SHIPPED
ORD008227,2026-01-13,San Francisco ,STILL15,3776.0,SHIPPED
ORD008084,2025-10-02,DETROIT,ENER25,18126.0,SHIPPED
ORD000009,26/09/2025,New York,STILL15,11473.0,SHIPPED
ORD004728,2026-04-27,Miami ,COLA33,19680.0,SHIPPED
ORD007862,2025-09-17,DETROIT,TEA50,1088.0,SHIPPED
ORD004108,2026-07-10,Atlanta ,COLA33,1582.0,SHIPPED
ORD006525,2025-11-21,Boston,COLA33,26729.0,SHIPPED
ORD008127,2026-02-03,Detroit,ENER25,4954.0,SHIPPED
ORD003423,2025-12-29,Philadelphia,COLA33,34467.0,SHIPPED
ORD000094,2026-08-04, new york,STILL15,28248.0,SHIPPED
ORD000156,23/02/2026,New York,SPARK10,18383.0,SHIPPED
ORD008523,09/12/2025,San Francisco,TEA50,24145.0,SHIPPED
ORD006784,13/05/2026,Boston,JUICE10,6103.0,SHIPPED
ORD008980,2026-05-01,San Francisco,ENER25,22178.0,CANCELLED
ORD005020,2026-04-02,Miami,ENER25,37379.0,SHIPPED
ORD006244,2026-02-16,Denver,ENER25,26255.0,SHIPPED
ORD004367,2025-12-04,ATLANTA,ENER25,547.0,SHIPPED
ORD002382,2026-04-24,Houston,JUICE10,9165.0,SHIPPED
ORD001187,17/11/2025,Los Angeles,ENER25,36272.0,SHIPPED
ORD004703,2026-02-09,Miami,COLA33,66077.0,SHIPPED
ORD008166,2026-07-03,Detroit,ENER25,11658.0,SHIPPED
ORD006826,2025-09-12,Boston,ENER25,26409.0,SHIPPED
ORD006963,29/01/2026,MINNEAPOLIS,STILL15,8806.0,SHIPPED
ORD005703,03/12/2025,Denver,STILL15,950.0,SHIPPED
ORD006379,03/07/2026,Boston,STILL15,9694.0,SHIPPED
ORD002841,17/07/2026,Phoenix,COLA33,32686.0,SHIPPED
ORD004926,13/04/2026,Miami,JUICE10,3623.0,SHIPPED
ORD003331,2026-02-11,Philadelphia,SPARK10,8047.0,SHIPPED
ORD001435,2026-03-31,Chicago,SPARK10,5248.0,SHIPPED
ORD005384,2025-12-02,Seattle,TEA50,13838.0,SHIPPED
ORD007212,10/07/2026,Minneapolis,COLA33,48480.0,SHIPPED
ORD003971,07/04/2026,Atlanta,SPARK10,12959.0,SHIPPED
ORD005990,2025-09-04,Denver,TEA50,22552.0,SHIPPED
ORD008409,2025-11-12,San Francisco ,COLA33,27332.0,SHIPPED
ORD002371,2026-03-20,Houston,JUICE10,797.0,SHIPPED
ORD007603,02/03/2026,Detroit,STILL15,4543.0,SHIPPED
ORD001221,2026-03-13,Los Angeles ,ENER25,56345.0,SHIPPED
ORD002929,2026-04-27,Phoenix,TEA50,9006.0,SHIPPED
ORD002297,13/07/2026,Houston,TEA50,6229.0,SHIPPED
ORD006882,2026-03-25,Boston,ENER25,19016.0,SHIPPED
ORD008030,2026-03-26,Detroit,JUICE10,481.0,SHIPPED
ORD005500,02/02/2026,Seattle,JUICE10,8479.0,SHIPPED
ORD002618,14/05/2026,Phoenix,STILL15,8665.0,SHIPPED
ORD007757,2025-09-10, detroit,COLA33,791.0,SHIPPED
ORD000056,30/03/2026,New York,STILL15,5967.0,SHIPPED
ORD001766,2026-05-19,Chicago,JUICE10,17104.0,SHIPPED
ORD001500,2025-11-10, chicago,COLA33,59817.0,SHIPPED
ORD000731,11/06/2026,Los Angeles,STILL15,28695.0,SHIPPED
ORD003440,2026-02-27, philadelphia,COLA33,4727.0,SHIPPED
ORD008294,2025-09-05,San Francisco,SPARK10,14221.0,SHIPPED
ORD003828,17/11/2025,Atlanta,STILL15,5253.0,SHIPPED
ORD001403,2025-12-02,Chicago,SPARK10,12788.0,SHIPPED
ORD002489,2026-03-24,HOUSTON,ENER25,20265.0,SHIPPED
ORD002697,2026-02-20,Phoenix,SPARK10,6232.0,SHIPPED
ORD000231,31/10/2025,New York,COLA33,44304.0,SHIPPED
ORD000159,2026-03-04,New York,SPARK10,33538.0,SHIPPED
ORD000904,06/01/2026,Los Angeles,COLA33,73436.0,SHIPPED
ORD006736,2025-12-03,Boston,JUICE10,5558.0,SHIPPED
ORD003695,24/08/2026,Philadelphia,JUICE10,4169.0,SHIPPED
ORD008821,2026-04-14,Miami,JUICE10,4487.0,CANCELLED
ORD003396,01/10/2025,Philadelphia,COLA33,2899.0,SHIPPED
ORD006021,23/12/2025,Denver,TEA50,9873.0,SHIPPED
ORD008332,2026-02-13,San Francisco,SPARK10,2599.0,SHIPPED
ORD000696,2026-02-12,Los Angeles,STILL15,24028.0,SHIPPED
ORD001256,2026-07-15,Los Angeles ,ENER25,7847.0,SHIPPED
ORD007322,2026-07-20, minneapolis,TEA50,16726.0,SHIPPED
ORD004709,2026-02-25,Miami,COLA33,9725.0,SHIPPED
ORD008322,2025-12-29,San Francisco,SPARK10,13006.0,SHIPPED
ORD000508,2026-05-04,New York,JUICE10,16603.0,SHIPPED
ORD002561,2025-10-31,Phoenix,STILL15,17789.0,SHIPPED
ORD004660,2025-09-09,Miami,COLA33,87460.0,SHIPPED
ORD006438,2026-01-23,BOSTON,SPARK10,16963.0,SHIPPED
ORD003813,2025-09-29,Atlanta,STILL15,12026.0,SHIPPED
ORD000767,2025-10-16,Los Angeles,SPARK10,23884.0,SHIPPED
ORD008806,2026-08-03,San Francisco,ENER25,14507.0,SHIPPED
ORD003336,2026-03-06,Philadelphia,SPARK10,3166.0,SHIPPED
ORD003237,2026-03-30,Philadelphia,STILL15,9365.0,SHIPPED
ORD002811,2026-03-26,Phoenix,COLA33,264.0,SHIPPED
ORD002482,09/03/2026,Houston,ENER25,21654.0,SHIPPED
ORD001673,2026-06-24,Chicago,TEA50,11860.0,SHIPPED
ORD000161,2026-03-13,New York,SPARK10,12058.0,SHIPPED
ORD005506,17/02/2026,Seattle,JUICE10,6085.0,SHIPPED
ORD001807,2025-10-14,Chicago,ENER25,32350.0,SHIPPED
ORD001855,2026-03-30,Chicago,ENER25,25172.0,SHIPPED
ORD008384,03/08/2026,San Francisco,SPARK10,16640.0,SHIPPED
ORD007101,2026-04-23,Minneapolis,SPARK10,14824.0,SHIPPED
ORD004921,2026-04-01,Miami,JUICE10,7137.0,SHIPPED
ORD005792,2025-09-23,DENVER,SPARK10,15977.0,SHIPPED
ORD000392,2026-05-04,NEW YORK,TEA50,20302.0,SHIPPED
ORD004941,2026-05-26,Miami,JUICE10,2431.0,SHIPPED
ORD000964,11/08/2026,Los Angeles,COLA33,7460.0,SHIPPED
ORD001513,25/12/2025,Chicago,COLA33,75836.0,SHIPPED
ORD008008,2026-01-15,Detroit ,JUICE10,2383.0,SHIPPED
ORD000610,27/04/2026,New York,ENER25,2923.0,SHIPPED
ORD000898,2025-12-24,Los Angeles,COLA33,131606.0,SHIPPED
ORD007911,19/03/2026,Detroit,TEA50,287.0,SHIPPED
ORD005232,11/06/2026,Seattle ,SPARK10,261.0,SHIPPED
ORD005944,2026-03-23,DENVER,COLA33,57771.0,SHIPPED
ORD008601,2025-09-12,San Francisco,JUICE10,5683.0,SHIPPED
ORD005643,12/05/2026,Seattle,ENER25,9456.0,SHIPPED
ORD004565,30/09/2025,Miami ,SPARK10,13983.0,SHIPPED
ORD003147,26/05/2026,Phoenix ,ENER25,7548.0,SHIPPED
ORD002499,2026-04-21,Houston,ENER25,317.0,SHIPPED
ORD006384,2026-07-15,Boston,STILL15,4698.0,SHIPPED
ORD005743,01/04/2026,Denver,STILL15,6941.0,SHIPPED
ORD007474,01/01/2026,Minneapolis ,ENER25,4981.0,SHIPPED
ORD001178,2025-10-07,Los Angeles,ENER25,65642.0,SHIPPED
ORD005691,2025-10-28,Denver,STILL15,4546.0,SHIPPED
ORD003272,10/07/2026,PHILADELPHIA,STILL15,7719.0,SHIPPED
ORD000045,06/02/2026,New York,STILL15,26209.0,SHIPPED
ORD003782,12/06/2026,Philadelphia,ENER25,11927.0,SHIPPED
ORD005915,09/01/2026,Denver,COLA33,4424.0,SHIPPED
ORD003566,2026-06-12,Philadelphia,TEA50,4880.0,SHIPPED
ORD002793,20/01/2026, phoenix,COLA33,39459.0,SHIPPED
ORD000718,2026-04-27, los angeles,STILL15,21514.0,SHIPPED
ORD001905,2025-09-12,Houston ,STILL15,680.0,SHIPPED
ORD000290,28/05/2026,New York,COLA33,44428.0,SHIPPED
ORD001017,2026-02-13,Los Angeles,TEA50,42601.0,SHIPPED
ORD004154,22/12/2025,Atlanta,TEA50,4147.0,SHIPPED
ORD007247,30/10/2025,Minneapolis,TEA50,3217.0,SHIPPED
ORD007164,2025-12-25,Minneapolis,COLA33,26962.0,SHIPPED
ORD007810,2026-03-13,DETROIT,COLA33,53400.0,SHIPPED
ORD003047,2026-06-16,Phoenix,JUICE10,3624.0,SHIPPED
ORD006122,2025-11-18,Denver,JUICE10,202.0,SHIPPED
ORD002061,2026-04-23,Houston,SPARK10,21475.0,SHIPPED
ORD002042,12/02/2026,Houston,SPARK10,4427.0,SHIPPED
ORD002167,2026-03-26,Houston ,COLA33,35374.0,SHIPPED
ORD000250,30/12/2025,New York,COLA33,49858.0,SHIPPED
ORD004531,2026-05-29,Miami,STILL15,14513.0,SHIPPED
ORD006381,2026-07-06,Boston,STILL15,852.0,SHIPPED
ORD004346,2025-09-15,Atlanta,ENER25,5292.0,SHIPPED
ORD003729,2025-12-15,Philadelphia,ENER25,8778.0,SHIPPED
ORD008977,2026-06-23,Minneapolis,SPARK10,4944.0,CANCELLED
ORD007229,2025-09-01,Minneapolis,TEA50,5232.0,SHIPPED
ORD002986,14/11/2025,Phoenix,JUICE10,4261.0,SHIPPED
ORD003511,2025-12-08,Philadelphia,TEA50,2813.0,SHIPPED
ORD002581,2026-01-13,Phoenix,STILL15,21303.0,SHIPPED
ORD001494,2025-10-29,Chicago,COLA33,3044.0,SHIPPED
ORD006643,09/01/2026,Boston,TEA50,15109.0,SHIPPED
ORD003715,20/10/2025, philadelphia,ENER25,19432.0,SHIPPED
ORD001913,2025-10-15, houston,STILL15,26012.0,SHIPPED
ORD006705,26/08/2026,Boston ,TEA50,11385.0,SHIPPED
ORD003056,20/07/2026,Phoenix,JUICE10,3776.0,SHIPPED
ORD003385,28/08/2026,Philadelphia,SPARK10,7021.0,SHIPPED
ORD002350,2026-01-08,Houston,JUICE10,666.0,SHIPPED
ORD006948,2025-11-19,Minneapolis,STILL15,1847.0,SHIPPED
ORD007265,2025-12-18,Minneapolis ,TEA50,9736.0,SHIPPED
ORD005974,2026-07-09,Denver,COLA33,93344.0,SHIPPED
ORD007022,07/07/2026, minneapolis,STILL15,18442.0,SHIPPED
ORD000408,2026-06-19,New York,TEA50,8784.0,SHIPPED
ORD000735,2026-06-17, los angeles,STILL15,7524.0,SHIPPED
ORD002320,2025-09-30,HOUSTON,JUICE10,5647.0,SHIPPED
ORD001789,2026-08-19,Chicago,JUICE10,4318.0,SHIPPED
ORD008722,2025-10-24,San Francisco,ENER25,23964.0,SHIPPED
ORD005862,2026-05-25,Denver,SPARK10,5011.0,SHIPPED
ORD004704,2026-02-13,Miami,COLA33,13268.0,SHIPPED
ORD003978,06/05/2026,Atlanta,SPARK10,14000.0,SHIPPED
ORD005983,2026-08-11,Denver,COLA33,12648.0,SHIPPED
ORD001441,2026-04-24,Chicago,SPARK10,19725.0,SHIPPED
ORD007731,2026-06-02,Detroit,SPARK10,5201.0,SHIPPED
ORD003019,2026-03-12,Phoenix,JUICE10,10905.0,SHIPPED
ORD007557,2025-09-30,Detroit,STILL15,245.0,SHIPPED
ORD006906,2026-06-03,Boston,ENER25,9261.0,SHIPPED
ORD003963,11/03/2026,Atlanta,SPARK10,3195.0,SHIPPED
ORD002305,2026-08-07,Houston,TEA50,24167.0,SHIPPED
ORD005611,28/01/2026,Seattle,ENER25,21216.0,SHIPPED
ORD004846,31/07/2026,Miami ,TEA50,8015.0,SHIPPED
ORD002667,2025-11-06,Phoenix,SPARK10,566.0,SHIPPED
ORD002650,2025-09-02, phoenix,SPARK10,8001.0,SHIPPED
ORD008496,2025-09-12,San Francisco,TEA50,12280.0,SHIPPED
ORD001740,2026-02-17,Chicago,JUICE10,1529.0,SHIPPED
ORD005592,2025-11-24,Seattle,ENER25,27118.0,SHIPPED
ORD008494,2026-08-25, san francisco,COLA33,23058.0,SHIPPED
ORD002805,13/03/2026,Phoenix,COLA33,86976.0,SHIPPED
ORD006157,19/03/2026,Denver,JUICE10,3788.0,SHIPPED
ORD000513,29/05/2026,New York,JUICE10,4855.0,SHIPPED
ORD008191,2025-09-30,San Francisco,STILL15,24336.0,SHIPPED
ORD000942,2026-05-20,Los Angeles,COLA33,102164.0,SHIPPED
ORD006759,20/02/2026,Boston,JUICE10,7434.0,SHIPPED
ORD004421,2026-06-08, atlanta,ENER25,15358.0,SHIPPED
ORD007481,21/01/2026,Minneapolis,ENER25,8336.0,SHIPPED
ORD007649,03/08/2026,Detroit,STILL15,5027.0,SHIPPED
ORD001677,2026-07-09,Chicago,TEA50,2716.0,SHIPPED
ORD001226,31/03/2026,Los Angeles,ENER25,32462.0,SHIPPED
ORD008403,2025-10-28,San Francisco,COLA33,64251.0,SHIPPED
ORD003957,10/02/2026,Atlanta,SPARK10,22895.0,SHIPPED
ORD008652,02/03/2026, san francisco,JUICE10,13290.0,SHIPPED
ORD005999,2025-10-03,Denver,TEA50,8655.0,SHIPPED
ORD006111,2025-10-14,DENVER,JUICE10,8552.0,SHIPPED
ORD003513,2025-12-11,PHILADELPHIA,TEA50,1470.0,SHIPPED
ORD005577,2025-10-07,SEATTLE,ENER25,17151.0,SHIPPED
ORD007390,2026-03-11,Minneapolis,JUICE10,1742.0,SHIPPED
ORD001663,11/05/2026,Chicago,TEA50,39090.0,SHIPPED
ORD007111,2026-06-01,Minneapolis,SPARK10,1948.0,SHIPPED
ORD003788,2026-07-07, philadelphia,ENER25,16062.0,SHIPPED
ORD002588,2026-02-13,Phoenix,STILL15,1137.0,SHIPPED
ORD001649,02/04/2026,Chicago,TEA50,24659.0,SHIPPED
ORD007753,26/08/2026, detroit,SPARK10,13023.0,SHIPPED
ORD002836,2026-06-23,Phoenix,COLA33,23966.0,SHIPPED
ORD008258,23/04/2026,San Francisco,STILL15,16944.0,SHIPPED
ORD004985,2025-11-17,Miami,ENER25,35624.0,SHIPPED
ORD007338,2025-09-17,Minneapolis,JUICE10,2828.0,SHIPPED
ORD004556,27/08/2026,Miami,STILL15,14738.0,SHIPPED
ORD003542,30/03/2026,Philadelphia,TEA50,21681.0,SHIPPED
ORD005895,03/10/2025,Denver ,COLA33,5649.0,SHIPPED
ORD001224,23/03/2026,Los Angeles,ENER25,4724.0,SHIPPED
ORD005175,2025-11-28,Seattle ,SPARK10,10097.0,SHIPPED
ORD003988,02/06/2026,Atlanta,SPARK10,7716.0,SHIPPED
ORD008235,2026-02-10,SAN FRANCISCO,STILL15,526.0,SHIPPED
ORD004059,21/01/2026,Atlanta,COLA33,114661.0,SHIPPED
ORD000117,20/10/2025,New York,SPARK10,7958.0,SHIPPED
ORD003455,2026-04-24,Philadelphia,COLA33,2876.0,SHIPPED
ORD003967,23/03/2026,Atlanta,SPARK10,3686.0,SHIPPED
ORD002539,2026-08-27,Houston,ENER25,40106.0,SHIPPED
ORD005579,2025-10-16,Seattle,ENER25,2141.0,SHIPPED
ORD001616,04/12/2025,Chicago,TEA50,29998.0,SHIPPED
ORD001879,2026-06-15,CHICAGO,ENER25,18452.0,SHIPPED
ORD000584,27/01/2026,New York ,ENER25,8206.0,SHIPPED
ORD007794,2026-01-20,Detroit,COLA33,34671.0,SHIPPED
ORD006219,13/11/2025,Denver,ENER25,21869.0,SHIPPED
ORD002644,10/08/2026,Phoenix,STILL15,18270.0,SHIPPED
ORD000901,2025-12-30,Los Angeles,COLA33,87705.0,SHIPPED
ORD006709,2025-09-11,Boston,JUICE10,9760.0,SHIPPED
ORD007281,16/02/2026,Minneapolis,TEA50,6784.0,SHIPPED
ORD001901,2025-09-01,Houston,STILL15,9937.0,SHIPPED
ORD006260,28/04/2026,Denver,ENER25,2546.0,SHIPPED
ORD006729,2025-11-21,Boston,JUICE10,1909.0,SHIPPED
ORD006966,05/02/2026,Minneapolis,STILL15,6486.0,SHIPPED
ORD004289,2026-03-27,Atlanta,JUICE10,6224.0,SHIPPED
ORD004797,2026-02-10,Miami ,TEA50,23273.0,SHIPPED
ORD003158,2026-07-08,Phoenix,ENER25,13997.0,SHIPPED
ORD005902,30/10/2025,Denver,COLA33,53664.0,SHIPPED
ORD006884,24/03/2026,Boston,ENER25,7973.0,SHIPPED
ORD003852,2026-02-26, atlanta,STILL15,19732.0,SHIPPED
ORD000504,17/04/2026,New York,JUICE10,23325.0,SHIPPED
ORD004999,2026-01-12,Miami,ENER25,37018.0,SHIPPED
ORD003755,19/03/2026,Philadelphia,ENER25,11369.0,SHIPPED
ORD000664,30/10/2025,Los Angeles,STILL15,36063.0,SHIPPED
ORD002338,2025-11-27,Houston,JUICE10,3337.0,SHIPPED
ORD004139,2025-10-28,Atlanta,TEA50,10285.0,SHIPPED
ORD007823,24/04/2026,Detroit,COLA33,6663.0,SHIPPED
ORD008725,30/10/2025,San Francisco,ENER25,4904.0,SHIPPED
ORD003901,2026-08-03,Atlanta,STILL15,13879.0,SHIPPED
ORD006483,2026-06-11,Boston,SPARK10,4463.0,SHIPPED
ORD004505,19/03/2026,Miami,STILL15,17476.0,SHIPPED
ORD005714,2026-01-14,Denver,STILL15,2898.0,SHIPPED
ORD004567,09/10/2025,MIAMI,SPARK10,6524.0,SHIPPED
ORD003373,03/07/2026,Philadelphia,SPARK10,23953.0,SHIPPED
ORD003388,2025-09-10,Philadelphia,COLA33,14196.0,SHIPPED
ORD004986,2025-11-17,Miami,ENER25,10134.0,SHIPPED
ORD003286,2026-08-28,Philadelphia,STILL15,32826.0,SHIPPED
ORD002108,2025-09-15,HOUSTON,COLA33,25667.0,SHIPPED
ORD001424,2026-02-09,Chicago ,SPARK10,15005.0,SHIPPED
ORD008138,16/03/2026,Detroit,ENER25,22612.0,SHIPPED
ORD003985,26/05/2026,Atlanta,SPARK10,9295.0,SHIPPED
ORD000479,2026-01-27,New York,JUICE10,5565.0,SHIPPED
ORD000107,2025-09-15,New York,SPARK10,20510.0,SHIPPED
ORD003772,2026-05-13, philadelphia,ENER25,20392.0,SHIPPED
ORD003392,17/09/2025,Philadelphia ,COLA33,32869.0,SHIPPED
ORD001688,2026-08-11,Chicago ,TEA50,27914.0,SHIPPED
ORD005878,2026-07-27,Denver,SPARK10,12850.0,SHIPPED
ORD000837,2026-06-09, los angeles,SPARK10,13525.0,SHIPPED
ORD002387,2026-05-11,Houston,JUICE10,16479.0,SHIPPED
ORD001861,24/04/2026,Chicago,ENER25,7225.0,SHIPPED
ORD005164,2025-09-26,Seattle ,SPARK10,2596.0,SHIPPED
ORD007345,2025-10-27,Minneapolis,JUICE10,2144.0,SHIPPED
ORD008561,2026-04-30,San Francisco,TEA50,6140.0,SHIPPED
ORD005489,2025-12-22,Seattle ,JUICE10,5386.0,SHIPPED
ORD001683,2026-07-23,Chicago,TEA50,5274.0,SHIPPED
ORD002162,2026-03-09,Houston,COLA33,13880.0,SHIPPED
ORD003661,2026-05-04,Philadelphia ,JUICE10,2892.0,SHIPPED
ORD003781,2026-06-12,Philadelphia,ENER25,11349.0,SHIPPED
ORD003512,12/12/2025,Philadelphia,TEA50,14561.0,SHIPPED
ORD000317,2026-08-28,New York,COLA33,64744.0,SHIPPED
ORD001031,07/04/2026, los angeles,TEA50,12503.0,SHIPPED
ORD007566,2025-11-05,Detroit,STILL15,3286.0,SHIPPED
ORD007369,2025-12-31,Minneapolis,JUICE10,979.0,SHIPPED
ORD003839,05/01/2026,Atlanta,STILL15,9520.0,SHIPPED
ORD000749,27/07/2026,Los Angeles,STILL15,30346.0,SHIPPED
ORD000380,2026-03-31,New York,TEA50,33633.0,SHIPPED
ORD004266,2026-01-07,Atlanta,JUICE10,6061.0,SHIPPED
ORD000839,2026-06-17,Los Angeles ,SPARK10,1675.0,SHIPPED
ORD004227,2026-08-28,ATLANTA,TEA50,12996.0,SHIPPED
ORD003902,2026-08-13,Atlanta,STILL15,14062.0,SHIPPED
ORD006905,2026-06-05,Boston,ENER25,3442.0,SHIPPED
ORD005639,2026-04-30,SEATTLE,ENER25,1496.0,SHIPPED
ORD007871,2025-10-15,Detroit,TEA50,9789.0,SHIPPED
ORD003018,05/03/2026,Phoenix,JUICE10,4219.0,SHIPPED
ORD006212,2025-10-10, denver,ENER25,26247.0,SHIPPED
ORD006801,2026-06-24,Boston,JUICE10,3541.0,SHIPPED
ORD005123,2026-05-04,Seattle,STILL15,3725.0,SHIPPED
ORD005784,2026-08-25,Denver ,STILL15,1316.0,SHIPPED
ORD002933,2026-05-05,Phoenix,TEA50,6822.0,SHIPPED
ORD004131,2025-09-29, atlanta,TEA50,14161.0,SHIPPED
ORD007472,25/12/2025,Minneapolis ,ENER25,27147.0,SHIPPED
ORD003303,2025-10-30,Philadelphia,SPARK10,634.0,SHIPPED
ORD000014,14/10/2025,New York,STILL15,6481.0,SHIPPED
ORD006927,2026-08-26, boston,ENER25,26744.0,SHIPPED
ORD002570,2025-12-11,Phoenix,STILL15,27710.0,SHIPPED
ORD004854,2026-08-18,Miami,TEA50,13633.0,SHIPPED
ORD008103,2025-11-24,Detroit,ENER25,16237.0,SHIPPED
ORD005440,17/06/2026,Seattle ,TEA50,22465.0,SHIPPED
ORD005657,2026-07-01,Seattle ,ENER25,12057.0,SHIPPED
ORD007193,2026-04-20,Minneapolis ,COLA33,63032.0,SHIPPED
ORD000186,2026-05-19,New York,SPARK10,20318.0,SHIPPED
ORD001016,13/02/2026,Los Angeles,TEA50,3536.0,SHIPPED
ORD003505,2025-11-03,Philadelphia ,TEA50,19281.0,SHIPPED
ORD003926,28/10/2025,Atlanta,SPARK10,632.0,SHIPPED
ORD006741,2025-12-22,Boston,JUICE10,6278.0,SHIPPED
ORD008105,24/11/2025,Detroit,ENER25,9577.0,SHIPPED
ORD008911,2025-09-03,Denver,ENER25,1223.0,CANCELLED
ORD001652,16/04/2026,Chicago,TEA50,11543.0,SHIPPED
ORD004818,2026-05-07,MIAMI,TEA50,614.0,SHIPPED
ORD008324,2026-01-09,San Francisco,SPARK10,14389.0,SHIPPED
ORD000860,2026-08-18,LOS ANGELES,SPARK10,6622.0,SHIPPED
ORD000486,2026-02-18,New York,JUICE10,2881.0,SHIPPED
ORD003198,2025-11-21,Philadelphia,STILL15,11849.0,SHIPPED
ORD001384,24/09/2025,Chicago ,SPARK10,12490.0,SHIPPED
ORD000678,15/12/2025,Los Angeles,STILL15,36566.0,SHIPPED
ORD005672,2026-08-27,Seattle,ENER25,10951.0,SHIPPED
ORD007983,28/10/2025,Detroit,JUICE10,980.0,SHIPPED
ORD007659,2025-09-12,DETROIT,SPARK10,10184.0,SHIPPED
ORD008863,2026-02-03,Denver,ENER25,9322.0,CANCELLED
ORD006099,03/09/2025,Denver,JUICE10,6804.0,SHIPPED
ORD004911,2026-03-03,Miami,JUICE10,625.0,SHIPPED
ORD001471,2026-08-04,Chicago,SPARK10,15006.0,SHIPPED
ORD001814,2025-11-14,Chicago,ENER25,4306.0,SHIPPED
ORD000526,09/07/2026,New York,JUICE10,5974.0,SHIPPED
ORD004165,26/01/2026,Atlanta,TEA50,14208.0,SHIPPED
ORD008973,2025-09-29,Seattle,SPARK10,7585.0,CANCELLED
ORD002829,03/06/2026, phoenix,COLA33,32447.0,SHIPPED
ORD002926,2026-04-21,Phoenix,TEA50,8091.0,SHIPPED
ORD008683,11/06/2026,San Francisco,JUICE10,5544.0,SHIPPED
ORD001654,2026-04-14,Chicago,TEA50,828.0,SHIPPED
ORD008938,2025-11-21,Los Angeles,STILL15,44121.0,CANCELLED
ORD008735,02/12/2025, san francisco,ENER25,27756.0,SHIPPED
ORD004563,22/09/2025,MIAMI,SPARK10,923.0,SHIPPED
ORD003073,10/09/2025,Phoenix ,ENER25,478.0,SHIPPED
ORD007536,2026-07-27,Minneapolis,ENER25,34117.0,SHIPPED
ORD008901,2026-05-04,Denver,ENER25,48682.0,CANCELLED
ORD007319,2026-07-07,Minneapolis,TEA50,6107.0,SHIPPED
ORD002198,2026-07-08,Houston,COLA33,74856.0,SHIPPED
ORD001866,2026-05-06,Chicago,ENER25,36295.0,SHIPPED
ORD007851,2026-08-03,Detroit,COLA33,6544.0,SHIPPED
ORD004546,22/07/2026,Miami,STILL15,20275.0,SHIPPED
ORD004314,2026-06-24,Atlanta,JUICE10,4469.0,SHIPPED
ORD005839,2026-03-16,DENVER,SPARK10,6889.0,SHIPPED
ORD008280,06/07/2026, san francisco,STILL15,1644.0,SHIPPED
ORD004294,2026-04-06,Atlanta,JUICE10,7665.0,SHIPPED
ORD002433,03/10/2025,Houston,ENER25,5944.0,SHIPPED
ORD000659,2025-10-15,Los Angeles,STILL15,25377.0,SHIPPED
ORD005252,26/08/2026,Seattle,SPARK10,12630.0,SHIPPED
ORD001292,2025-11-21,Chicago ,STILL15,5303.0,SHIPPED
ORD000724,2026-05-12,LOS ANGELES,STILL15,38799.0,SHIPPED
ORD007126,29/07/2026,Minneapolis,SPARK10,12167.0,SHIPPED
ORD004862,09/09/2025,Miami,JUICE10,11552.0,SHIPPED
ORD002888,02/01/2026,Phoenix,TEA50,9082.0,SHIPPED
ORD000670,2025-11-28, los angeles,STILL15,20784.0,SHIPPED
ORD008954,2026-01-20,Chicago,ENER25,40068.0,CANCELLED
ORD003376,16/07/2026,Philadelphia,SPARK10,8945.0,SHIPPED
ORD004412,2026-05-06,ATLANTA,ENER25,34128.0,SHIPPED
ORD006808,2026-07-06,Boston,JUICE10,1493.0,SHIPPED
ORD005204,2026-03-09,Seattle ,SPARK10,8411.0,SHIPPED
ORD005222,14/05/2026,Seattle,SPARK10,8898.0,SHIPPED
ORD003622,08/01/2026,Philadelphia,JUICE10,15379.0,SHIPPED
ORD003453,2026-04-13,PHILADELPHIA,COLA33,21439.0,SHIPPED
ORD007059,2025-11-18,Minneapolis,SPARK10,11649.0,SHIPPED
ORD007541,13/08/2026,Minneapolis,ENER25,1311.0,SHIPPED
ORD006996,2026-04-27,Minneapolis,STILL15,4188.0,SHIPPED
ORD004636,2026-06-16,Miami,SPARK10,28718.0,SHIPPED
ORD003916,2025-10-01,Atlanta,SPARK10,9348.0,SHIPPED
ORD005264,14/10/2025,SEATTLE,COLA33,60338.0,SHIPPED
ORD001941,2026-01-14,Houston,STILL15,22666.0,SHIPPED
ORD007416,2026-06-09,Minneapolis,JUICE10,7945.0,SHIPPED
ORD001301,17/12/2025, chicago,STILL15,15226.0,SHIPPED
ORD002496,16/04/2026,Houston,ENER25,14950.0,SHIPPED
ORD007334,05/09/2025, minneapolis,JUICE10,8058.0,SHIPPED
ORD007860,11/09/2025,Detroit ,TEA50,3742.0,SHIPPED
ORD002011,16/10/2025,Houston,SPARK10,16774.0,SHIPPED
ORD007272,2026-01-20,Minneapolis,TEA50,12717.0,SHIPPED
ORD002428,12/09/2025,Houston,ENER25,20659.0,SHIPPED
ORD008506,2025-10-23,San Francisco,TEA50,5717.0,SHIPPED
ORD002672,2025-11-28,Phoenix,SPARK10,5498.0,SHIPPED
ORD000459,2025-12-02,New York,JUICE10,5887.0,SHIPPED
ORD002602,2026-03-25,Phoenix,STILL15,15348.0,SHIPPED
ORD007058,2025-11-14,Minneapolis,SPARK10,18815.0,SHIPPED
ORD001521,23/01/2026,Chicago,COLA33,6741.0,SHIPPED
ORD006761,2026-02-23,Boston,JUICE10,826.0,SHIPPED
ORD004896,2026-01-12,Miami,JUICE10,3259.0,SHIPPED
ORD000786,2025-12-12,Los Angeles,SPARK10,88.0,SHIPPED
ORD003914,2025-09-22,Atlanta ,SPARK10,13798.0,SHIPPED
ORD006108,2025-10-06,Denver,JUICE10,988.0,SHIPPED
ORD008187,2025-09-19, san francisco,STILL15,19059.0,SHIPPED
ORD003450,2026-04-01,Philadelphia,COLA33,39569.0,SHIPPED
ORD003081,2025-10-15,Phoenix,ENER25,7751.0,SHIPPED
ORD004701,2026-02-04,Miami ,COLA33,44080.0,SHIPPED
ORD004287,19/03/2026,Atlanta,JUICE10,598.0,SHIPPED
ORD006687,2026-06-26,Boston,TEA50,694.0,SHIPPED
ORD000444,2025-10-14,New York,JUICE10,13700.0,SHIPPED
ORD004385,2026-02-06,ATLANTA,ENER25,39050.0,SHIPPED
ORD001714,19/11/2025,Chicago,JUICE10,949.0,SHIPPED
ORD008430,2026-01-06,San Francisco,COLA33,20616.0,SHIPPED
ORD007484,2026-01-26,Minneapolis,ENER25,3854.0,SHIPPED
ORD004093,2026-05-27,ATLANTA,COLA33,106860.0,SHIPPED
ORD000727,2026-05-25,Los Angeles,STILL15,1396.0,SHIPPED
ORD004243,2025-10-09,Atlanta,JUICE10,7866.0,SHIPPED
ORD008107,2025-12-01, detroit,ENER25,4946.0,SHIPPED
ORD006925,20/08/2026,Boston ,ENER25,18371.0,SHIPPED
ORD003603,2025-11-05,Philadelphia,JUICE10,10961.0,SHIPPED
ORD005256,15/09/2025,Seattle ,COLA33,1744.0,SHIPPED
ORD002994,16/12/2025,Phoenix,JUICE10,6098.0,SHIPPED
ORD001875,2026-06-05, chicago,ENER25,3354.0,SHIPPED
ORD003570,29/06/2026,Philadelphia,TEA50,16865.0,SHIPPED
ORD000364,09/02/2026,New York,TEA50,28520.0,SHIPPED
ORD005383,2025-12-03,Seattle,TEA50,4807.0,SHIPPED
ORD004906,2026-02-13,Miami,JUICE10,13742.0,SHIPPED
ORD003742,30/01/2026,Philadelphia ,ENER25,7360.0,SHIPPED
ORD008445,04/03/2026,San Francisco,COLA33,31594.0,SHIPPED
ORD000066,08/05/2026,New York,STILL15,4944.0,SHIPPED
ORD000683,05/01/2026,Los Angeles,STILL15,3188.0,SHIPPED
ORD007480,2026-01-23,Minneapolis,ENER25,1650.0,SHIPPED
ORD003214,2026-01-15,Philadelphia,STILL15,14731.0,SHIPPED
ORD006036,18/02/2026,Denver,TEA50,2253.0,SHIPPED
ORD008328,2026-01-26,San Francisco,SPARK10,10465.0,SHIPPED
ORD006745,05/01/2026,Boston,JUICE10,2925.0,SHIPPED
ORD001957,2026-03-17,Houston,STILL15,26287.0,SHIPPED
ORD005230,2026-06-01,Seattle,SPARK10,15147.0,SHIPPED
ORD003170,2026-08-21,Phoenix ,ENER25,11649.0,SHIPPED
ORD003745,2026-02-09,Philadelphia,ENER25,2281.0,SHIPPED
ORD000181,2026-05-05,New York,SPARK10,11668.0,SHIPPED
ORD004856,25/08/2026, miami,TEA50,11445.0,SHIPPED
ORD008662,2026-03-31,San Francisco,JUICE10,680.0,SHIPPED
ORD002781,08/12/2025,Phoenix,COLA33,12426.0,SHIPPED
ORD007046,07/10/2025,Minneapolis ,SPARK10,16173.0,SHIPPED
ORD001343,2026-05-14,Chicago,STILL15,12704.0,SHIPPED
ORD003899,05/08/2026,Atlanta ,STILL15,713.0,SHIPPED
ORD006823,04/09/2025,Boston,ENER25,4747.0,SHIPPED
ORD006518,2025-10-23,BOSTON,COLA33,11417.0,SHIPPED
ORD001496,2025-11-03,Chicago,COLA33,8262.0,SHIPPED
ORD003562,2026-05-25,PHILADELPHIA,TEA50,13251.0,SHIPPED
ORD001392,21/10/2025,Chicago,SPARK10,1053.0,SHIPPED
ORD007235,2025-09-18, minneapolis,TEA50,5848.0,SHIPPED
ORD008656,18/03/2026,San Francisco,JUICE10,4073.0,SHIPPED
ORD001436,2026-03-30,Chicago ,SPARK10,2442.0,SHIPPED
ORD004611,2026-03-24,Miami,SPARK10,1343.0,SHIPPED
ORD006772,2026-04-01, boston,JUICE10,3323.0,SHIPPED
ORD000529,2026-07-17,New York,JUICE10,1086.0,SHIPPED
ORD008437,2026-02-05,San Francisco,COLA33,36840.0,SHIPPED
ORD004439,2026-08-18, atlanta,ENER25,3454.0,SHIPPED
ORD008532,2026-01-16,San Francisco,TEA50,9514.0,SHIPPED
ORD002710,2026-04-09,Phoenix,SPARK10,7714.0,SHIPPED
ORD004256,2025-11-18,Atlanta,JUICE10,10860.0,SHIPPED
ORD004681,2025-11-20,Miami,COLA33,91114.0,SHIPPED
ORD005673,05/09/2025,Denver,STILL15,4545.0,SHIPPED
ORD007558,08/10/2025,Detroit,STILL15,7398.0,SHIPPED
ORD005948,2026-04-08,Denver,COLA33,31054.0,SHIPPED
ORD005012,2026-02-19,Miami ,ENER25,24664.0,SHIPPED
ORD008175,2026-08-07,Detroit,ENER25,681.0,SHIPPED
ORD000694,2026-02-09,Los Angeles,STILL15,849.0,SHIPPED
ORD007583,2025-12-18,Detroit,STILL15,963.0,SHIPPED
ORD001762,2026-05-06,Chicago,JUICE10,13177.0,SHIPPED
ORD007597,02/02/2026,DETROIT,STILL15,12312.0,SHIPPED
ORD001550,2026-04-20,Chicago,COLA33,3762.0,SHIPPED
ORD006749,2026-01-13, boston,JUICE10,1075.0,SHIPPED
ORD000697,2026-02-17,Los Angeles,STILL15,35526.0,SHIPPED
ORD006775,2026-04-06,BOSTON,JUICE10,458.0,SHIPPED
ORD007744,2026-07-13,Detroit,SPARK10,18027.0,SHIPPED
ORD005955,23/04/2026,Denver ,COLA33,1872.0,SHIPPED
ORD006666,2026-04-08,Boston,TEA50,5264.0,SHIPPED
ORD001422,06/02/2026,CHICAGO,SPARK10,13652.0,SHIPPED
ORD005321,2026-05-15,Seattle ,COLA33,104099.0,SHIPPED
ORD001525,2026-01-27,Chicago,COLA33,14386.0,SHIPPED
ORD002020,28/11/2025,Houston,SPARK10,12812.0,SHIPPED
ORD002770,2025-11-11,Phoenix,COLA33,35302.0,SHIPPED
ORD001882,2026-06-23,Chicago,ENER25,32289.0,SHIPPED
ORD002550,30/09/2025,Phoenix,STILL15,16461.0,SHIPPED
ORD001529,10/02/2026,Chicago,COLA33,70742.0,SHIPPED
ORD001053,2026-07-16,Los Angeles,TEA50,24594.0,SHIPPED
ORD001922,2025-11-10,Houston,STILL15,7425.0,SHIPPED
ORD008864,2026-03-12,Atlanta,TEA50,24048.0,CANCELLED
ORD002863,2025-10-09,Phoenix ,TEA50,17739.0,SHIPPED
ORD003006,2026-01-28,Phoenix,JUICE10,3229.0,SHIPPED
ORD003280,2026-08-06,Philadelphia ,STILL15,248.0,SHIPPED
ORD000105,2025-09-17,New York,SPARK10,10634.0,SHIPPED
ORD008658,26/03/2026, san francisco,JUICE10,4192.0,SHIPPED
ORD001180,2025-10-24,Los Angeles,ENER25,60127.0,SHIPPED
ORD002133,2025-12-02,Houston,COLA33,10723.0,SHIPPED
ORD002241,2025-12-12,Houston,TEA50,14711.0,SHIPPED
ORD001821,09/12/2025,Chicago,ENER25,44947.0,SHIPPED
ORD001335,2026-04-15,Chicago ,STILL15,4090.0,SHIPPED
ORD002461,2026-01-08,Houston,ENER25,254.0,SHIPPED
ORD005096,2026-01-08,Seattle,STILL15,17001.0,SHIPPED
ORD008762,2026-03-09,San Francisco,ENER25,2702.0,SHIPPED
ORD005347,29/07/2026,Seattle ,COLA33,35342.0,SHIPPED
ORD002696,2026-02-10,Phoenix,SPARK10,6305.0,SHIPPED
ORD008697,2026-07-22,San Francisco,JUICE10,6179.0,SHIPPED
ORD008681,02/06/2026,SAN FRANCISCO,JUICE10,4300.0,SHIPPED
ORD006495,03/08/2026,Boston,SPARK10,12901.0,SHIPPED
ORD005131,2026-05-29,Seattle ,STILL15,18459.0,SHIPPED
ORD002064,2026-05-06,Houston,SPARK10,5993.0,SHIPPED
ORD002173,01/05/2026,Houston,COLA33,20943.0,SHIPPED
ORD005439,12/06/2026,Seattle,TEA50,15097.0,SHIPPED
ORD008303,13/10/2025,San Francisco,SPARK10,18005.0,SHIPPED
ORD003429,2026-01-19,Philadelphia ,COLA33,8296.0,SHIPPED
ORD006035,11/02/2026,Denver,TEA50,440.0,SHIPPED
ORD000813,12/03/2026,LOS ANGELES,SPARK10,10279.0,SHIPPED
ORD008429,2026-01-09,SAN FRANCISCO,COLA33,17625.0,SHIPPED
ORD000971,2025-09-01,LOS ANGELES,TEA50,10377.0,SHIPPED
ORD001690,21/08/2026,Chicago,TEA50,35634.0,SHIPPED
ORD004181,23/03/2026,Atlanta ,TEA50,20373.0,SHIPPED
ORD003481,30/07/2026,Philadelphia ,COLA33,1940.0,SHIPPED
ORD003217,2026-02-05,Philadelphia,STILL15,2650.0,SHIPPED
ORD003312,02/12/2025,Philadelphia,SPARK10,13585.0,SHIPPED
ORD001183,2025-10-29,Los Angeles,ENER25,38170.0,SHIPPED
ORD000496,2026-03-19,New York,JUICE10,3246.0,SHIPPED
ORD003578,2026-07-28,Philadelphia,TEA50,2542.0,SHIPPED
ORD006983,19/03/2026,Minneapolis,STILL15,9311.0,SHIPPED
ORD000272,2026-03-12,New York,COLA33,5271.0,SHIPPED
ORD008365,2026-06-11,San Francisco,SPARK10,9062.0,SHIPPED
ORD001669,04/06/2026,Chicago,TEA50,20166.0,SHIPPED
ORD002357,2026-01-29,Houston,JUICE10,113.0,SHIPPED
ORD003591,2025-09-17,Philadelphia,JUICE10,11412.0,SHIPPED
ORD005015,2026-03-05,Miami,ENER25,20126.0,SHIPPED
ORD000666,04/11/2025,LOS ANGELES,STILL15,20800.0,SHIPPED
ORD006017,10/12/2025,Denver,TEA50,17748.0,SHIPPED
ORD003981,2026-05-15,Atlanta,SPARK10,25325.0,SHIPPED
ORD000737,2026-06-23,Los Angeles,STILL15,11213.0,SHIPPED
ORD004579,2025-11-19,Miami,SPARK10,4892.0,SHIPPED
ORD007934,2026-05-28,Detroit,TEA50,3504.0,SHIPPED
ORD000773,04/11/2025,Los Angeles ,SPARK10,44506.0,SHIPPED
ORD001819,2025-12-04,Chicago,ENER25,23768.0,SHIPPED
ORD002892,2026-01-13,PHOENIX,TEA50,19307.0,SHIPPED
ORD006479,2026-05-25,Boston,SPARK10,2852.0,SHIPPED
ORD000716,2026-04-21,Los Angeles,STILL15,34631.0,SHIPPED
ORD000010,2025-09-29,New York,STILL15,23212.0,SHIPPED
ORD006181,2026-06-10,Denver,JUICE10,10889.0,SHIPPED
ORD008633,05/01/2026,San Francisco,JUICE10,5440.0,SHIPPED
ORD006331,2025-12-30, boston,STILL15,3531.0,SHIPPED
ORD002615,2026-04-29,Phoenix,STILL15,9622.0,SHIPPED
ORD005004,2026-01-26,Miami,ENER25,34476.0,SHIPPED
ORD004041,2025-11-25,Atlanta,COLA33,73068.0,SHIPPED
ORD000691,2026-01-29,Los Angeles,STILL15,3936.0,SHIPPED
ORD008845,19/03/2026,Phoenix,SPARK10,12065.0,CANCELLED
ORD002014,2025-11-04,Houston,SPARK10,25152.0,SHIPPED
ORD008664,2026-04-06,San Francisco,JUICE10,641.0,SHIPPED
ORD008579,25/06/2026,San Francisco,TEA50,16108.0,SHIPPED
ORD005147,2026-07-21,Seattle,STILL15,4425.0,SHIPPED
ORD003646,24/03/2026,Philadelphia,JUICE10,3653.0,SHIPPED
ORD003587,2026-08-27,Philadelphia,TEA50,5615.0,SHIPPED
ORD003053,07/07/2026,Phoenix,JUICE10,8308.0,SHIPPED
ORD006000,06/10/2025,Denver,TEA50,1041.0,SHIPPED
ORD004895,2026-01-13,Miami,JUICE10,2077.0,SHIPPED
ORD002286,2026-06-10,Houston,TEA50,5367.0,SHIPPED
ORD006166,2026-04-15,Denver,JUICE10,8868.0,SHIPPED
ORD002418,2026-08-10,Houston,JUICE10,6132.0,SHIPPED
ORD001389,2025-10-15, chicago,SPARK10,1458.0,SHIPPED
ORD002677,2025-12-10,Phoenix,SPARK10,14336.0,SHIPPED
ORD007406,2026-04-29,Minneapolis,JUICE10,4625.0,SHIPPED
ORD000623,2026-06-02,NEW YORK,ENER25,43744.0,SHIPPED
ORD002230,2025-10-31,Houston,TEA50,21421.0,SHIPPED
ORD001504,18/11/2025,Chicago,COLA33,64054.0,SHIPPED
ORD001050,01/07/2026,Los Angeles ,TEA50,32517.0,SHIPPED
ORD001374,2026-08-21,Chicago,STILL15,27322.0,SHIPPED
ORD005777,06/08/2026,Denver,STILL15,12348.0,SHIPPED
ORD000219,2025-09-16,New York,COLA33,9305.0,SHIPPED
ORD003854,2026-03-06,ATLANTA,STILL15,10350.0,SHIPPED
ORD001533,27/02/2026, chicago,COLA33,64975.0,SHIPPED
ORD000401,26/05/2026,New York,TEA50,580.0,SHIPPED
ORD007509,28/04/2026, minneapolis,ENER25,11026.0,SHIPPED
ORD006477,18/05/2026,Boston,SPARK10,7609.0,SHIPPED
ORD008041,01/05/2026,DETROIT,JUICE10,9407.0,SHIPPED
ORD008505,2025-10-14,San Francisco,TEA50,3583.0,SHIPPED
ORD002196,2026-07-06,Houston ,COLA33,7969.0,SHIPPED
ORD007030,2026-07-29,Minneapolis,STILL15,15206.0,SHIPPED
ORD003001,06/01/2026,Phoenix,JUICE10,4108.0,SHIPPED
ORD000264,2026-02-12, new york,COLA33,127971.0,SHIPPED
ORD008443,2026-02-26,San Francisco,COLA33,86561.0,SHIPPED
ORD001354,2026-06-09,Chicago,STILL15,1221.0,SHIPPED
ORD003844,2026-01-19,Atlanta,STILL15,6310.0,SHIPPED
ORD005430,15/05/2026,Seattle,TEA50,15417.0,SHIPPED
ORD002457,2026-01-02, houston,ENER25,29237.0,SHIPPED
ORD007188,2026-04-10,Minneapolis,COLA33,43146.0,SHIPPED
ORD005768,2026-06-24,Denver,STILL15,665.0,SHIPPED
ORD000038,2026-01-06,New York,STILL15,3328.0,SHIPPED
ORD006712,2025-09-18,Boston,JUICE10,6513.0,SHIPPED
ORD000901,2025-12-30,Los Angeles,COLA33,87705.0,SHIPPED
ORD003559,2026-05-20,Philadelphia,TEA50,23491.0,SHIPPED
ORD007873,22/10/2025,Detroit,TEA50,1389.0,SHIPPED
ORD008939,12/02/2026,Detroit,COLA33,9418.0,CANCELLED
ORD003333,2026-02-16,Philadelphia ,SPARK10,863.0,SHIPPED
ORD000654,2025-10-02,Los Angeles,STILL15,24869.0,SHIPPED
ORD005588,10/11/2025,Seattle,ENER25,848.0,SHIPPED
ORD001743,2026-02-23,Chicago,JUICE10,3300.0,SHIPPED
ORD000842,26/06/2026,Los Angeles ,SPARK10,20419.0,SHIPPED
ORD000814,2026-03-18,LOS ANGELES,SPARK10,35717.0,SHIPPED
ORD003225,24/02/2026,Philadelphia,STILL15,10698.0,SHIPPED
ORD002144,07/01/2026,Houston,COLA33,4851.0,SHIPPED
ORD008952,2026-07-17, miami,ENER25,22649.0,CANCELLED
ORD007250,2025-11-06,Minneapolis,TEA50,15530.0,SHIPPED
ORD006790,2026-05-28,Boston,JUICE10,2062.0,SHIPPED
ORD007399,2026-04-10,MINNEAPOLIS,JUICE10,4495.0,SHIPPED
ORD007289,2026-03-23,Minneapolis,TEA50,18170.0,SHIPPED
ORD007913,18/03/2026,DETROIT,TEA50,8066.0,SHIPPED
ORD002271,24/03/2026,Houston ,TEA50,30203.0,SHIPPED
ORD000411,22/06/2026,New York,TEA50,6259.0,SHIPPED
ORD001975,2026-05-29, houston,STILL15,489.0,SHIPPED
ORD002981,2025-10-29,Phoenix ,JUICE10,9884.0,SHIPPED
ORD006430,25/12/2025,Boston,SPARK10,10160.0,SHIPPED
ORD005349,04/08/2026,Seattle,COLA33,22131.0,SHIPPED
ORD006348,2026-03-18,Boston ,STILL15,1815.0,SHIPPED
ORD006040,25/02/2026, denver,TEA50,10444.0,SHIPPED
ORD004164,20/01/2026,Atlanta,TEA50,14001.0,SHIPPED
ORD008907,2026-05-27,CHICAGO,COLA33,7183.0,CANCELLED
ORD004960,2026-08-17,Miami,JUICE10,5180.0,SHIPPED
ORD004680,2025-11-18,MIAMI,COLA33,5482.0,SHIPPED
ORD006103,2025-09-17,Denver,JUICE10,7938.0,SHIPPED
ORD006209,01/10/2025,Denver,ENER25,7214.0,SHIPPED
ORD008325,2026-01-09,San Francisco,SPARK10,5570.0,SHIPPED
ORD006135,2025-12-31,Denver,JUICE10,10114.0,SHIPPED
ORD008903,2026-02-06, chicago,COLA33,33000.0,CANCELLED
ORD008736,2025-12-08, san francisco,ENER25,28974.0,SHIPPED
ORD006904,2026-06-04, boston,ENER25,12168.0,SHIPPED
ORD003060,29/07/2026,Phoenix,JUICE10,11604.0,SHIPPED
ORD000579,16/01/2026,New York,ENER25,4583.0,SHIPPED
ORD002719,12/05/2026,PHOENIX,SPARK10,21661.0,SHIPPED
ORD008570,2026-05-29,San Francisco,TEA50,1382.0,SHIPPED
ORD006534,09/12/2025,Boston,COLA33,21644.0,SHIPPED
ORD003394,2025-09-26,Philadelphia,COLA33,3619.0,SHIPPED
ORD002027,2025-12-26,Houston,SPARK10,2909.0,SHIPPED
ORD007789,06/01/2026, detroit,COLA33,62210.0,SHIPPED
ORD006307,2025-10-15,Boston,STILL15,4626.0,SHIPPED
ORD007323,2026-07-29,Minneapolis,TEA50,1239.0,SHIPPED
ORD000417,14/07/2026,New York,TEA50,45532.0,SHIPPED
ORD008459,30/04/2026,San Francisco,COLA33,15106.0,SHIPPED
ORD007606,12/03/2026,Detroit,STILL15,9658.0,SHIPPED
ORD005179,2025-12-18,Seattle,SPARK10,10835.0,SHIPPED
ORD001889,2026-07-20,CHICAGO,ENER25,20722.0,SHIPPED
ORD006830,2025-09-29,Boston,ENER25,7976.0,SHIPPED
ORD003802,2026-08-26,Philadelphia,ENER25,35207.0,SHIPPED
ORD004317,03/07/2026,Atlanta,JUICE10,2218.0,SHIPPED
ORD007528,2026-06-29,Minneapolis,ENER25,5894.0,SHIPPED
ORD006206,16/09/2025,Denver,ENER25,20349.0,SHIPPED
ORD000509,11/05/2026, new york,JUICE10,7759.0,SHIPPED
ORD001440,2026-04-17,Chicago,SPARK10,28206.0,SHIPPED
ORD006936,2025-10-06, minneapolis,STILL15,8420.0,SHIPPED
ORD006070,2026-05-11,Denver ,TEA50,1989.0,SHIPPED
ORD002939,2026-05-25,Phoenix,TEA50,7589.0,SHIPPED
ORD007714,2026-04-01,Detroit ,SPARK10,14074.0,SHIPPED
ORD000886,2025-11-10,Los Angeles,COLA33,87379.0,SHIPPED
ORD000549,2025-10-03,New York,ENER25,36754.0,SHIPPED
ORD000785,08/12/2025,Los Angeles,SPARK10,15415.0,SHIPPED
ORD005549,2026-07-22,Seattle,JUICE10,3129.0,SHIPPED
ORD007768,2025-10-23,Detroit ,COLA33,191.0,SHIPPED
ORD002988,2025-11-27,Phoenix,JUICE10,9738.0,SHIPPED
ORD006211,29/09/2025,Denver,ENER25,2374.0,SHIPPED
ORD006398,2025-09-08,Boston,SPARK10,17093.0,SHIPPED
ORD008940,02/01/2026, detroit,ENER25,12508.0,CANCELLED
ORD007049,2025-10-13,Minneapolis,SPARK10,9981.0,SHIPPED
ORD004809,31/03/2026,Miami ,TEA50,16594.0,SHIPPED
ORD001285,2025-10-28,Chicago,STILL15,12697.0,SHIPPED
ORD005638,2026-05-01,Seattle,ENER25,7994.0,SHIPPED
ORD000263,2026-02-06,New York,COLA33,120140.0,SHIPPED
ORD003726,08/12/2025,Philadelphia,ENER25,27736.0,SHIPPED
ORD002704,2026-03-06,PHOENIX,SPARK10,8287.0,SHIPPED
ORD002835,24/06/2026,Phoenix,COLA33,39013.0,SHIPPED
ORD007792,13/01/2026,DETROIT,COLA33,1650.0,SHIPPED
ORD001057,2026-07-29,Los Angeles,TEA50,17968.0,SHIPPED
ORD002554,2025-10-16,Phoenix,STILL15,15376.0,SHIPPED
ORD008571,2026-05-29,San Francisco,TEA50,4219.0,SHIPPED
ORD002256,2026-01-27,Houston,TEA50,10331.0,SHIPPED
ORD000721,2026-05-07,Los Angeles,STILL15,2040.0,SHIPPED
ORD000288,2026-05-11,New York,COLA33,158643.0,SHIPPED
ORD007513,2026-05-15,Minneapolis,ENER25,27528.0,SHIPPED
ORD001315,29/01/2026,Chicago,STILL15,22362.0,SHIPPED
ORD006190,2026-07-23, denver,JUICE10,698.0,SHIPPED
ORD007605,2026-03-11,Detroit,STILL15,3823.0,SHIPPED
ORD001388,2025-10-07,Chicago,SPARK10,9216.0,SHIPPED
ORD004756,2025-09-02,Miami,TEA50,15009.0,SHIPPED
ORD007868,2025-10-03,Detroit,TEA50,10232.0,SHIPPED
ORD000160,2026-03-05,New York,SPARK10,6971.0,SHIPPED
ORD007347,2025-11-06,Minneapolis,JUICE10,1534.0,SHIPPED
ORD003380,06/08/2026,Philadelphia,SPARK10,16403.0,SHIPPED
ORD004178,2026-03-18,Atlanta,TEA50,31504.0,SHIPPED
ORD006385,2026-07-14,Boston,STILL15,16311.0,SHIPPED
ORD005947,2026-03-31,Denver,COLA33,8390.0,SHIPPED
ORD005981,2026-08-07,Denver,COLA33,63503.0,SHIPPED
ORD003682,2026-07-23,Philadelphia,JUICE10,3139.0,SHIPPED
ORD000185,2026-05-21,New York,SPARK10,4571.0,SHIPPED
ORD001597,2025-09-29,Chicago ,TEA50,29162.0,SHIPPED
ORD007443,15/09/2025,Minneapolis,ENER25,10709.0,SHIPPED
ORD007824,29/04/2026,Detroit,COLA33,21561.0,SHIPPED
ORD006248,2026-03-10, denver,ENER25,4364.0,SHIPPED
ORD008976,12/02/2026,Philadelphia,COLA33,1726.0,CANCELLED
ORD004308,2026-06-02,Atlanta,JUICE10,14452.0,SHIPPED
ORD000996,2025-11-24,Los Angeles,TEA50,31095.0,SHIPPED
ORD003707,29/09/2025,PHILADELPHIA,ENER25,7124.0,SHIPPED
ORD003586,2026-08-24,Philadelphia ,TEA50,2345.0,SHIPPED
ORD000688,2026-01-20,Los Angeles,STILL15,40912.0,SHIPPED
ORD006094,17/08/2026,Denver,TEA50,7311.0,SHIPPED
ORD002280,2026-05-08,Houston,TEA50,29228.0,SHIPPED
ORD006227,2025-12-09,Denver ,ENER25,8720.0,SHIPPED
ORD001656,21/04/2026,Chicago ,TEA50,4132.0,SHIPPED
ORD003561,2026-05-26,Philadelphia,TEA50,7097.0,SHIPPED
ORD008760,11/03/2026,San Francisco,ENER25,8074.0,SHIPPED
ORD004548,31/07/2026,Miami,STILL15,8009.0,SHIPPED
ORD006580,2026-05-18,Boston,COLA33,37724.0,SHIPPED
ORD006156,20/03/2026,Denver,JUICE10,1312.0,SHIPPED
ORD006009,2025-11-05,Denver,TEA50,19660.0,SHIPPED
ORD007298,2026-05-15,Minneapolis,TEA50,13392.0,SHIPPED
ORD005724,2026-02-10,Denver,STILL15,6617.0,SHIPPED
ORD002366,24/02/2026,Houston,JUICE10,1396.0,SHIPPED
ORD008715,2025-10-02,SAN FRANCISCO,ENER25,24763.0,SHIPPED
ORD004683,2025-12-03,Miami,COLA33,90843.0,SHIPPED
ORD000828,06/05/2026,LOS ANGELES,SPARK10,25911.0,SHIPPED
ORD000333,2025-10-28,New York,TEA50,30787.0,SHIPPED
ORD007578,2025-12-05, detroit,STILL15,10759.0,SHIPPED
ORD008476,2026-07-03,San Francisco ,COLA33,2710.0,SHIPPED
ORD003151,2026-06-09,Phoenix,ENER25,21916.0,SHIPPED
ORD005288,08/01/2026,Seattle,COLA33,58084.0,SHIPPED
ORD005659,2026-07-07,Seattle,ENER25,21222.0,SHIPPED
ORD001314,2026-01-19, chicago,STILL15,3555.0,SHIPPED
ORD008663,2026-04-06, san francisco,JUICE10,11532.0,SHIPPED
ORD004019,2025-09-01,Atlanta,COLA33,74423.0,SHIPPED
ORD002630,24/06/2026,PHOENIX,STILL15,8384.0,SHIPPED
ORD006841,2025-10-28,Boston ,ENER25,11656.0,SHIPPED
ORD000947,01/06/2026,Los Angeles,COLA33,79991.0,SHIPPED
ORD007211,2026-07-02,Minneapolis,COLA33,52503.0,SHIPPED
ORD000997,25/11/2025, los angeles,TEA50,8273.0,SHIPPED
ORD000589,2026-02-09,New York,ENER25,11160.0,SHIPPED
ORD003101,2025-12-24,Phoenix,ENER25,8375.0,SHIPPED
ORD000917,2026-02-24,Los Angeles,COLA33,129730.0,SHIPPED
ORD002989,2025-12-04,Phoenix,JUICE10,5372.0,SHIPPED
ORD005426,01/05/2026,SEATTLE,TEA50,9650.0,SHIPPED
ORD007912,19/03/2026,Detroit,TEA50,280.0,SHIPPED
ORD003226,2026-02-23,PHILADELPHIA,STILL15,5861.0,SHIPPED
ORD008331,2026-02-11, san francisco,SPARK10,4064.0,SHIPPED
ORD004796,2026-02-05,Miami,TEA50,26083.0,SHIPPED
ORD001561,2026-06-04,Chicago,COLA33,75713.0,SHIPPED
ORD001152,2026-07-22,Los Angeles,JUICE10,7928.0,SHIPPED
ORD005003,2026-01-21,Miami,ENER25,7.0,SHIPPED
ORD007183,2026-03-25,Minneapolis,COLA33,2303.0,SHIPPED
ORD007351,2025-11-14, minneapolis,JUICE10,4908.0,SHIPPED
ORD000851,2026-07-22,LOS ANGELES,SPARK10,5110.0,SHIPPED
ORD002301,2026-07-28,Houston ,TEA50,12778.0,SHIPPED
ORD004858,2026-08-24,MIAMI,TEA50,319.0,SHIPPED
ORD007929,2026-05-13,Detroit,TEA50,13638.0,SHIPPED
ORD005378,13/11/2025, seattle,TEA50,4404.0,SHIPPED
ORD003675,23/06/2026,Philadelphia,JUICE10,7128.0,SHIPPED
ORD006229,2025-12-17, denver,ENER25,12134.0,SHIPPED
ORD006545,20/01/2026,Boston,COLA33,2313.0,SHIPPED
ORD008130,09/02/2026,Detroit,ENER25,10775.0,SHIPPED
ORD001076,2025-10-03,Los Angeles,JUICE10,12358.0,SHIPPED
ORD004642,09/07/2026,MIAMI,SPARK10,7260.0,SHIPPED
ORD006078,2026-06-17,Denver,TEA50,3733.0,SHIPPED
ORD007152,2025-11-04,Minneapolis,COLA33,3206.0,SHIPPED
ORD002249,2026-01-08,Houston ,TEA50,1533.0,SHIPPED
ORD000617,2026-05-20,New York,ENER25,31803.0,SHIPPED
ORD002903,09/02/2026,Phoenix,TEA50,7838.0,SHIPPED
ORD004400,27/03/2026, atlanta,ENER25,15107.0,SHIPPED
ORD006360,2026-04-29,Boston,STILL15,11732.0,SHIPPED
ORD008540,20/02/2026,San Francisco,TEA50,6925.0,SHIPPED
ORD005146,2026-07-24,Seattle,STILL15,10903.0,SHIPPED
ORD000698,2026-02-18,Los Angeles,STILL15,16122.0,SHIPPED
ORD001138,2026-05-20,Los Angeles ,JUICE10,6972.0,SHIPPED
ORD006810,2026-07-14,Boston,JUICE10,915.0,SHIPPED
ORD008881,2025-11-18,Houston,JUICE10,9665.0,CANCELLED
ORD005038,2026-06-04,Miami,ENER25,1158.0,SHIPPED
ORD006619,2025-10-10,Boston,TEA50,15303.0,SHIPPED
ORD005712,2026-01-06,DENVER,STILL15,9014.0,SHIPPED
ORD001145,2026-06-26,Los Angeles ,JUICE10,17587.0,SHIPPED
ORD004998,2026-01-09,Miami,ENER25,4850.0,SHIPPED
ORD000482,2026-02-06,New York,JUICE10,7120.0,SHIPPED
ORD008746,2026-01-21,San Francisco,ENER25,26057.0,SHIPPED
ORD005599,2025-12-16,Seattle,ENER25,22264.0,SHIPPED
ORD003979,2026-05-08,Atlanta,SPARK10,10130.0,SHIPPED
ORD006824,03/09/2025,Boston,ENER25,26044.0,SHIPPED
ORD006860,2026-01-13,Boston,ENER25,2790.0,SHIPPED
ORD000757,12/09/2025,Los Angeles,SPARK10,3838.0,SHIPPED
ORD004218,2026-07-30,Atlanta ,TEA50,11107.0,SHIPPED
ORD006595,2026-07-14,Boston,COLA33,100072.0,SHIPPED
ORD005167,2025-10-08,Seattle,SPARK10,20189.0,SHIPPED
ORD002852,18/08/2026,Phoenix ,COLA33,18925.0,SHIPPED
ORD006528,2025-11-24,Boston,COLA33,89535.0,SHIPPED
ORD001442,20/04/2026,Chicago,SPARK10,7202.0,SHIPPED
ORD005846,2026-04-09,Denver,SPARK10,5632.0,SHIPPED
ORD008705,2026-08-24,San Francisco,JUICE10,8371.0,SHIPPED
ORD003179,2025-09-24,Philadelphia,STILL15,2626.0,SHIPPED
ORD001280,2025-10-01,Chicago ,STILL15,8864.0,SHIPPED
ORD003605,2025-11-11,Philadelphia,JUICE10,2737.0,SHIPPED
ORD006822,2026-08-26,Boston,JUICE10,8632.0,SHIPPED
ORD007429,2026-08-07,Minneapolis,JUICE10,2971.0,SHIPPED
ORD000944,2026-05-27,Los Angeles,COLA33,13699.0,SHIPPED
ORD006924,14/08/2026,Boston,ENER25,8003.0,SHIPPED
ORD003815,2025-10-02, atlanta,STILL15,5102.0,SHIPPED
ORD003599,2025-10-20,PHILADELPHIA,JUICE10,2541.0,SHIPPED
ORD002850,12/08/2026,Phoenix,COLA33,100856.0,SHIPPED
ORD001217,2026-02-27,Los Angeles,ENER25,14779.0,SHIPPED
ORD003717,29/10/2025,Philadelphia,ENER25,371.0,SHIPPED
ORD002492,2026-04-01,Houston,ENER25,5242.0,SHIPPED
ORD002414,2026-08-06,Houston,JUICE10,3643.0,SHIPPED
ORD008351,2026-04-22,San Francisco,SPARK10,4472.0,SHIPPED
ORD007990,2025-11-17,Detroit ,JUICE10,488.0,SHIPPED
ORD001947,2026-02-13,Houston,STILL15,17048.0,SHIPPED
ORD008168,2026-07-02,Detroit,ENER25,6053.0,SHIPPED
ORD001462,2026-07-03,Chicago,SPARK10,16274.0,SHIPPED
ORD008622,2025-11-28,San Francisco,JUICE10,1812.0,SHIPPED
ORD006176,2026-05-19,Denver,JUICE10,4937.0,SHIPPED
ORD005084,2025-11-19, seattle,STILL15,22720.0,SHIPPED
ORD005279,01/12/2025, seattle,COLA33,31313.0,SHIPPED
ORD003589,2025-09-02,Philadelphia,JUICE10,8930.0,SHIPPED
ORD006018,19/12/2025,Denver,TEA50,1442.0,SHIPPED
ORD004915,2026-03-10,Miami,JUICE10,5478.0,SHIPPED
ORD001865,04/05/2026,Chicago,ENER25,8356.0,SHIPPED
ORD003125,23/03/2026,Phoenix ,ENER25,5574.0,SHIPPED
ORD008475,2026-06-23,San Francisco,COLA33,59350.0,SHIPPED
ORD002370,2026-03-11,Houston ,JUICE10,3328.0,SHIPPED
ORD004494,2026-02-20,Miami,STILL15,4680.0,SHIPPED
ORD003995,2026-07-02,Atlanta,SPARK10,3211.0,SHIPPED
ORD003694,28/08/2026,Philadelphia,JUICE10,510.0,SHIPPED
ORD007531,07/07/2026, minneapolis,ENER25,8677.0,SHIPPED
ORD004990,10/12/2025,Miami,ENER25,21184.0,SHIPPED
ORD006923,2026-08-14,Boston,ENER25,2081.0,SHIPPED
ORD000594,2026-03-03,New York,ENER25,43931.0,SHIPPED
ORD008283,23/07/2026,San Francisco ,STILL15,12788.0,SHIPPED
ORD000628,16/06/2026,New York,ENER25,7653.0,SHIPPED
ORD006715,2025-10-01,Boston,JUICE10,7262.0,SHIPPED
ORD003768,2026-04-23,Philadelphia,ENER25,803.0,SHIPPED
ORD003488,28/08/2026,Philadelphia,COLA33,68047.0,SHIPPED
ORD000197,2026-06-25,New York,SPARK10,10797.0,SHIPPED
ORD007948,15/07/2026,DETROIT,TEA50,1089.0,SHIPPED
ORD000746,15/07/2026,Los Angeles,STILL15,1288.0,SHIPPED
ORD008926,2025-09-15,Minneapolis,TEA50,8461.0,CANCELLED
ORD005787,2025-09-04,Denver ,SPARK10,8881.0,SHIPPED
ORD001044,2026-06-08,LOS ANGELES,TEA50,44497.0,SHIPPED
ORD000587,03/02/2026,New York,ENER25,29238.0,SHIPPED
ORD002043,2026-02-19,Houston,SPARK10,29592.0,SHIPPED
ORD007203,2026-06-05,Minneapolis,COLA33,25988.0,SHIPPED
ORD000836,2026-06-03,Los Angeles,SPARK10,31863.0,SHIPPED
ORD007016,2026-06-25,Minneapolis,STILL15,2124.0,SHIPPED
ORD002828,04/06/2026,PHOENIX,COLA33,7992.0,SHIPPED
ORD001032,2026-04-14,Los Angeles,TEA50,46672.0,SHIPPED
ORD003560,2026-05-22,Philadelphia,TEA50,61.0,SHIPPED
ORD006012,18/11/2025,Denver,TEA50,6219.0,SHIPPED
ORD004476,25/12/2025, miami,STILL15,16644.0,SHIPPED
ORD000404,2026-06-01,New York,TEA50,1248.0,SHIPPED
ORD003890,2026-06-23,Atlanta,STILL15,10941.0,SHIPPED
ORD000938,2026-05-04,Los Angeles,COLA33,90121.0,SHIPPED
ORD000820,2026-04-17,Los Angeles,SPARK10,38102.0,SHIPPED
ORD002559,28/10/2025,Phoenix,STILL15,1961.0,SHIPPED
ORD001065,2026-08-21,Los Angeles,TEA50,16053.0,SHIPPED
ORD001018,2026-02-16,Los Angeles,TEA50,40616.0,SHIPPED
ORD007514,2026-05-11,MINNEAPOLIS,ENER25,5925.0,SHIPPED
ORD005265,2025-10-23,Seattle,COLA33,44269.0,SHIPPED
ORD002773,19/11/2025,Phoenix,COLA33,23924.0,SHIPPED
ORD001723,2025-12-15,Chicago,JUICE10,14080.0,SHIPPED
ORD003221,2026-02-11,Philadelphia,STILL15,4426.0,SHIPPED
ORD001783,2026-07-20,Chicago,JUICE10,10759.0,SHIPPED
ORD002908,02/03/2026,Phoenix,TEA50,3052.0,SHIPPED
ORD001655,2026-04-21,Chicago,TEA50,19804.0,SHIPPED
ORD006368,27/05/2026,Boston,STILL15,29025.0,SHIPPED
ORD000099,2026-08-27,New York,STILL15,9109.0,SHIPPED
ORD007646,21/07/2026,Detroit,STILL15,9393.0,SHIPPED
ORD002324,2025-10-10,Houston,JUICE10,14984.0,SHIPPED
ORD005908,2025-12-08,Denver,COLA33,7410.0,SHIPPED
ORD004844,2026-07-22,Miami ,TEA50,13761.0,SHIPPED
ORD004413,2026-05-13,Atlanta,ENER25,34509.0,SHIPPED
ORD006996,2026-04-27,Minneapolis,STILL15,4188.0,SHIPPED
ORD005518,2026-03-30,Seattle,JUICE10,7584.0,SHIPPED
ORD005644,2026-05-12,Seattle,ENER25,769.0,SHIPPED
ORD004189,2026-04-20,Atlanta,TEA50,3799.0,SHIPPED
ORD007608,2026-03-27,Detroit,STILL15,1220.0,SHIPPED
ORD000346,05/12/2025,New York,TEA50,12700.0,SHIPPED
ORD007900,28/01/2026,Detroit,TEA50,10329.0,SHIPPED
ORD005509,2026-02-27,SEATTLE,JUICE10,269.0,SHIPPED
ORD003058,2026-07-23,Phoenix,JUICE10,11188.0,SHIPPED
ORD002279,2026-05-04,Houston,TEA50,1179.0,SHIPPED
ORD006806,2026-07-06,Boston,JUICE10,5174.0,SHIPPED
ORD002558,2025-10-22,Phoenix ,STILL15,3461.0,SHIPPED
ORD003818,2025-10-13,ATLANTA,STILL15,22182.0,SHIPPED
ORD008530,2026-01-13,San Francisco,TEA50,1507.0,SHIPPED
ORD006844,12/11/2025,Boston,ENER25,22583.0,SHIPPED
ORD008743,2026-01-12,San Francisco,ENER25,587.0,SHIPPED
ORD008045,2026-05-22,Detroit ,JUICE10,8628.0,SHIPPED
ORD002792,2026-01-23,Phoenix,COLA33,37243.0,SHIPPED
ORD002734,09/07/2026,Phoenix,SPARK10,20090.0,SHIPPED
ORD000092,2026-07-28,New York ,STILL15,32476.0,SHIPPED
ORD002333,06/11/2025,Houston,JUICE10,13229.0,SHIPPED
ORD004072,2026-03-11,Atlanta,COLA33,64723.0,SHIPPED
ORD005585,2025-10-28, seattle,ENER25,1535.0,SHIPPED
ORD008049,2026-06-04,Detroit,JUICE10,1250.0,SHIPPED
ORD003584,2026-08-20, philadelphia,TEA50,16773.0,SHIPPED
ORD002871,2025-11-14,Phoenix ,TEA50,5192.0,SHIPPED
ORD007430,07/08/2026, minneapolis,JUICE10,4607.0,SHIPPED
ORD000007,2025-09-24,New York,STILL15,1008.0,SHIPPED
ORD003934,25/11/2025,Atlanta ,SPARK10,4433.0,SHIPPED
ORD007039,02/09/2025,Minneapolis,SPARK10,8010.0,SHIPPED
ORD004930,01/05/2026,Miami,JUICE10,6018.0,SHIPPED
ORD004913,06/03/2026,Miami ,JUICE10,3833.0,SHIPPED
ORD001069,2025-09-03,Los Angeles,JUICE10,4175.0,SHIPPED
ORD007312,2026-06-15,Minneapolis,TEA50,13582.0,SHIPPED
ORD002886,2025-12-26,Phoenix,TEA50,22075.0,SHIPPED
ORD002980,23/10/2025,Phoenix,JUICE10,6274.0,SHIPPED
ORD003131,2026-04-16,Phoenix,ENER25,11506.0,SHIPPED
ORD003662,12/05/2026,Philadelphia,JUICE10,9376.0,SHIPPED
ORD001470,07/08/2026,Chicago ,SPARK10,12438.0,SHIPPED
ORD007370,2026-01-07,Minneapolis,JUICE10,4346.0,SHIPPED
ORD006265,2026-05-20,Denver,ENER25,4116.0,SHIPPED
ORD001168,2025-09-09,Los Angeles,ENER25,11491.0,SHIPPED
ORD003933,20/11/2025,Atlanta,SPARK10,20288.0,SHIPPED
ORD007227,2026-08-27,Minneapolis,COLA33,8498.0,SHIPPED
ORD008263,07/05/2026,San Francisco ,STILL15,1201.0,SHIPPED
ORD008125,2026-01-29,Detroit,ENER25,16899.0,SHIPPED
ORD004285,2026-03-11,Atlanta,JUICE10,3167.0,SHIPPED
ORD007589,2026-01-09,Detroit,STILL15,11445.0,SHIPPED
ORD003808,2025-09-11,Atlanta,STILL15,477.0,SHIPPED
ORD004987,2025-11-26,Miami ,ENER25,50661.0,SHIPPED
ORD002154,2026-02-12,Houston,COLA33,90112.0,SHIPPED
ORD001227,30/03/2026,Los Angeles,ENER25,17809.0,SHIPPED
ORD007268,2025-12-24,Minneapolis,TEA50,15358.0,SHIPPED
ORD006829,26/09/2025,Boston,ENER25,23764.0,SHIPPED
ORD004211,2026-07-08,Atlanta,TEA50,20124.0,SHIPPED
ORD006319,24/11/2025,Boston,STILL15,1591.0,SHIPPED
ORD000906,2026-01-15,Los Angeles,COLA33,40355.0,SHIPPED
ORD002982,2025-10-30,PHOENIX,JUICE10,6635.0,SHIPPED
ORD001560,2026-06-05,Chicago,COLA33,5331.0,SHIPPED
ORD008077,2025-09-01,Detroit,ENER25,4225.0,SHIPPED
ORD000352,24/12/2025, new york,TEA50,28591.0,SHIPPED
ORD005508,27/02/2026,Seattle,JUICE10,7100.0,SHIPPED
ORD004220,2026-08-07,ATLANTA,TEA50,12780.0,SHIPPED
ORD006532,10/12/2025,Boston,COLA33,13905.0,SHIPPED
ORD001903,2025-09-12,Houston,STILL15,12892.0,SHIPPED
ORD003351,2026-04-16,Philadelphia,SPARK10,8511.0,SHIPPED
ORD001931,2025-12-08,Houston,STILL15,12391.0,SHIPPED
ORD005821,2026-01-05,Denver,SPARK10,1763.0,SHIPPED
ORD006496,2026-08-10,BOSTON,SPARK10,624.0,SHIPPED
ORD007290,2026-03-31,Minneapolis,TEA50,15081.0,SHIPPED
ORD001544,2026-03-30, chicago,COLA33,17170.0,SHIPPED
ORD003161,2026-07-29,Phoenix,ENER25,964.0,SHIPPED
ORD003244,2026-04-15,Philadelphia,STILL15,2204.0,SHIPPED
ORD007552,2025-09-19,Detroit,STILL15,12379.0,SHIPPED
ORD005111,2026-03-17,Seattle,STILL15,16496.0,SHIPPED
ORD003441,2026-03-05,PHILADELPHIA,COLA33,2344.0,SHIPPED
ORD006558,2026-03-19, boston,COLA33,77052.0,SHIPPED
ORD000680,2025-12-30,Los Angeles,STILL15,15647.0,SHIPPED
ORD008503,2025-10-10, san francisco,TEA50,18163.0,SHIPPED
ORD000270,05/03/2026,New York,COLA33,31640.0,SHIPPED
ORD000013,2025-10-09,New York,STILL15,14116.0,SHIPPED
ORD003760,2026-03-26,PHILADELPHIA,ENER25,5351.0,SHIPPED
ORD003954,2026-01-27,Atlanta,SPARK10,266.0,SHIPPED
ORD003427,2026-01-12,Philadelphia,COLA33,27351.0,SHIPPED
ORD007130,04/08/2026,Minneapolis,SPARK10,190.0,SHIPPED
ORD003115,2026-02-20, phoenix,ENER25,3672.0,SHIPPED
ORD006462,2026-04-02,BOSTON,SPARK10,5261.0,SHIPPED
ORD000405,11/06/2026,New York,TEA50,41800.0,SHIPPED
ORD006454,2026-03-19,Boston,SPARK10,2076.0,SHIPPED
ORD006818,2026-08-13,Boston,JUICE10,1582.0,SHIPPED
ORD007350,2025-11-11,Minneapolis ,JUICE10,412.0,SHIPPED
ORD003009,2026-02-06, phoenix,JUICE10,4012.0,SHIPPED
ORD006141,2026-01-21,Denver,JUICE10,7666.0,SHIPPED
ORD000102,2025-09-03,New York,SPARK10,785.0,SHIPPED
ORD006725,2025-10-31,BOSTON,JUICE10,7953.0,SHIPPED
ORD006425,2025-12-08,BOSTON,SPARK10,3612.0,SHIPPED
ORD007816,2026-04-06,Detroit,COLA33,10196.0,SHIPPED
ORD001281,2025-10-06,Chicago,STILL15,12914.0,SHIPPED
ORD003413,28/11/2025,PHILADELPHIA,COLA33,53451.0,SHIPPED
ORD007923,2026-05-01,Detroit ,TEA50,3858.0,SHIPPED
ORD000519,10/06/2026,New York,JUICE10,12866.0,SHIPPED
ORD006145,03/02/2026,Denver,JUICE10,2138.0,SHIPPED
ORD007857,2025-09-03,Detroit ,TEA50,11201.0,SHIPPED
ORD005629,31/03/2026,Seattle,ENER25,19744.0,SHIPPED
ORD000841,23/06/2026,Los Angeles,SPARK10,3931.0,SHIPPED
ORD007402,16/04/2026,Minneapolis,JUICE10,3534.0,SHIPPED
ORD004598,30/01/2026,Miami,SPARK10,11364.0,SHIPPED
ORD004244,17/10/2025,Atlanta,JUICE10,12082.0,SHIPPED
ORD008092,2025-10-24,Detroit,ENER25,17783.0,SHIPPED
ORD000027,02/12/2025,NEW YORK,STILL15,3106.0,SHIPPED
ORD006444,12/02/2026,Boston,SPARK10,3119.0,SHIPPED
ORD002937,2026-05-18,PHOENIX,TEA50,11905.0,SHIPPED
ORD003962,2026-03-09,Atlanta ,SPARK10,19484.0,SHIPPED
ORD002705,2026-03-10,Phoenix,SPARK10,2659.0,SHIPPED
ORD002192,2026-06-24,Houston,COLA33,71350.0,SHIPPED
ORD008792,2026-06-22,San Francisco,ENER25,19422.0,SHIPPED
ORD007226,2026-08-24,Minneapolis,COLA33,12750.0,SHIPPED
ORD000449,06/11/2025,New York,JUICE10,3608.0,SHIPPED
ORD002699,2026-02-17,Phoenix,SPARK10,1598.0,SHIPPED
ORD002721,2026-05-19, phoenix,SPARK10,12869.0,SHIPPED
ORD001610,14/11/2025,Chicago,TEA50,29995.0,SHIPPED
ORD004973,2025-10-06,Miami,ENER25,20433.0,SHIPPED
ORD000474,2026-01-21,New York,JUICE10,4770.0,SHIPPED
ORD008212,02/12/2025, san francisco,STILL15,32367.0,SHIPPED
ORD002591,19/02/2026, phoenix,STILL15,10416.0,SHIPPED
ORD005247,29/07/2026,Seattle,SPARK10,5438.0,SHIPPED
ORD004274,2026-02-05,Atlanta,JUICE10,176.0,SHIPPED
ORD003801,2026-08-26,Philadelphia,ENER25,454.0,SHIPPED
ORD003235,24/03/2026,Philadelphia,STILL15,8345.0,SHIPPED
ORD007064,02/12/2025,Minneapolis,SPARK10,3901.0,SHIPPED
ORD003399,10/10/2025, philadelphia,COLA33,17651.0,SHIPPED
ORD001182,2025-10-28,Los Angeles,ENER25,14713.0,SHIPPED
ORD002221,30/09/2025,Houston ,TEA50,715.0,SHIPPED
ORD006675,2026-04-30,Boston,TEA50,2097.0,SHIPPED
ORD002553,09/10/2025,Phoenix,STILL15,13100.0,SHIPPED
ORD001254,30/06/2026,Los Angeles ,ENER25,4224.0,SHIPPED
ORD000120,2025-10-27, new york,SPARK10,21334.0,SHIPPED
ORD005100,2026-01-30,Seattle,STILL15,9127.0,SHIPPED
ORD004527,2026-05-19,Miami ,STILL15,11073.0,SHIPPED
ORD001765,2026-05-14,Chicago ,JUICE10,8639.0,SHIPPED
ORD000808,2026-02-26,Los Angeles,SPARK10,18221.0,SHIPPED
ORD005225,2026-05-21,Seattle ,SPARK10,8935.0,SHIPPED
ORD004030,2025-10-16,Atlanta,COLA33,72422.0,SHIPPED
ORD001020,2026-02-26,Los Angeles,TEA50,2709.0,SHIPPED
ORD004988,2025-12-05,Miami,ENER25,25936.0,SHIPPED
ORD000669,2025-11-21,Los Angeles,STILL15,32200.0,SHIPPED
ORD005803,2025-11-03,Denver,SPARK10,4644.0,SHIPPED
ORD006750,2026-01-20, boston,JUICE10,3544.0,SHIPPED
ORD007960,2026-08-20,Detroit,TEA50,853.0,SHIPPED
ORD003446,13/03/2026,Philadelphia ,COLA33,33265.0,SHIPPED
ORD006032,2026-02-03, denver,TEA50,2604.0,SHIPPED
ORD005036,28/05/2026,Miami,ENER25,17833.0,SHIPPED
ORD008860,2026-03-18,Denver,ENER25,6575.0,CANCELLED
ORD001556,2026-05-19,Chicago ,COLA33,9516.0,SHIPPED
ORD003072,2025-09-11,Phoenix,ENER25,16763.0,SHIPPED
ORD003810,23/09/2025, atlanta,STILL15,8705.0,SHIPPED
ORD002107,2025-09-11,HOUSTON,COLA33,2262.0,SHIPPED
ORD007576,28/11/2025, detroit,STILL15,9741.0,SHIPPED
ORD003168,2026-08-13,Phoenix,ENER25,15430.0,SHIPPED
ORD000673,04/12/2025,Los Angeles,STILL15,19951.0,SHIPPED
ORD004021,2025-09-09,ATLANTA,COLA33,74811.0,SHIPPED
ORD000119,2025-10-31,NEW YORK,SPARK10,15650.0,SHIPPED
ORD003989,01/06/2026,Atlanta ,SPARK10,8490.0,SHIPPED
ORD005008,05/02/2026,Miami,ENER25,11510.0,SHIPPED
ORD008269,2026-06-04,San Francisco ,STILL15,24358.0,SHIPPED
ORD003463,18/05/2026,Philadelphia,COLA33,43638.0,SHIPPED
ORD001013,2026-02-06, los angeles,TEA50,10524.0,SHIPPED
ORD004660,2025-09-09,Miami,COLA33,87460.0,SHIPPED
ORD000285,2026-04-29,New York,COLA33,224266.0,SHIPPED
ORD008038,2026-04-15,DETROIT,JUICE10,10876.0,SHIPPED
ORD002931,2026-05-05,Phoenix,TEA50,474.0,SHIPPED
ORD005201,2026-03-03,Seattle ,SPARK10,1229.0,SHIPPED
ORD003086,2025-10-28, phoenix,ENER25,7071.0,SHIPPED
ORD004745,2026-07-09,Miami,COLA33,16311.0,SHIPPED
ORD001095,2025-12-08,Los Angeles,JUICE10,1178.0,SHIPPED
ORD001255,07/07/2026,Los Angeles,ENER25,46961.0,SHIPPED
ORD006914,2026-07-09,Boston,ENER25,32272.0,SHIPPED
ORD005785,2026-08-24,Denver ,STILL15,15671.0,SHIPPED
ORD001791,17/08/2026,Chicago,JUICE10,17439.0,SHIPPED
ORD004247,2025-10-27, atlanta,JUICE10,1582.0,SHIPPED
ORD005359,2025-09-05,Seattle,TEA50,13147.0,SHIPPED
ORD007012,2026-06-12,Minneapolis,STILL15,6106.0,SHIPPED
ORD002372,20/03/2026,Houston,JUICE10,13199.0,SHIPPED
ORD000171,2026-04-07,New York,SPARK10,3817.0,SHIPPED
ORD004904,2026-02-02,MIAMI,JUICE10,4971.0,SHIPPED
ORD002574,2025-12-22, phoenix,STILL15,876.0,SHIPPED
ORD001366,2026-07-15,Chicago,STILL15,8765.0,SHIPPED
ORD003672,18/06/2026,Philadelphia,JUICE10,402.0,SHIPPED
ORD008854,2026-01-12,Seattle,TEA50,18108.0,CANCELLED
ORD001648,26/03/2026,Chicago,TEA50,36038.0,SHIPPED
ORD007831,2026-05-22, detroit,COLA33,54409.0,SHIPPED
ORD005414,2026-04-03,Seattle ,TEA50,13044.0,SHIPPED
ORD008842,2026-07-07,Chicago,COLA33,9386.0,CANCELLED
ORD001139,2026-05-21,Los Angeles,JUICE10,9063.0,SHIPPED
ORD002044,2026-02-26,Houston,SPARK10,21611.0,SHIPPED
ORD003010,04/02/2026,Phoenix,JUICE10,845.0,SHIPPED
ORD004053,01/01/2026,ATLANTA,COLA33,6169.0,SHIPPED
ORD000923,2026-03-16,Los Angeles,COLA33,12670.0,SHIPPED
ORD008972,2026-01-13, boston,JUICE10,670.0,CANCELLED
ORD006138,16/01/2026,Denver,JUICE10,11920.0,SHIPPED
ORD008462,08/05/2026,San Francisco ,COLA33,58510.0,SHIPPED
ORD002822,2026-05-06,Phoenix,COLA33,88264.0,SHIPPED
ORD007587,31/12/2025, detroit,STILL15,3680.0,SHIPPED
ORD002897,2026-01-27,Phoenix,TEA50,7307.0,SHIPPED
ORD002378,07/04/2026,Houston,JUICE10,4746.0,SHIPPED
ORD006706,01/09/2025,Boston,JUICE10,2053.0,SHIPPED
ORD001527,05/02/2026,Chicago,COLA33,45621.0,SHIPPED
ORD000199,01/07/2026,New York,SPARK10,30000.0,SHIPPED
ORD005940,11/03/2026,Denver,COLA33,32965.0,SHIPPED
ORD003247,21/04/2026,Philadelphia,STILL15,10389.0,SHIPPED
ORD007748,07/08/2026,Detroit,SPARK10,872.0,SHIPPED
ORD005152,12/08/2026,Seattle,STILL15,11179.0,SHIPPED
ORD006898,22/05/2026, boston,ENER25,6012.0,SHIPPED
ORD001071,2025-09-18,Los Angeles,JUICE10,4915.0,SHIPPED
ORD007129,2026-08-04,Minneapolis,SPARK10,5268.0,SHIPPED
ORD004834,2026-06-23,Miami,TEA50,12968.0,SHIPPED
ORD005586,04/11/2025,Seattle,ENER25,18376.0,SHIPPED
ORD006004,13/10/2025,DENVER,TEA50,2483.0,SHIPPED
ORD004604,24/02/2026,Miami,SPARK10,8221.0,SHIPPED
ORD000990,2025-11-04,Los Angeles,TEA50,35447.0,SHIPPED
ORD005180,19/12/2025,Seattle,SPARK10,1966.0,SHIPPED
ORD003150,2026-06-02,Phoenix,ENER25,4669.0,SHIPPED
ORD002032,2026-01-08,Houston,SPARK10,12163.0,SHIPPED
ORD004115,2026-07-28,Atlanta,COLA33,8896.0,SHIPPED
ORD003993,2026-06-23,Atlanta ,SPARK10,6967.0,SHIPPED
ORD000470,06/01/2026,New York,JUICE10,5691.0,SHIPPED
ORD005197,27/02/2026,Seattle,SPARK10,7576.0,SHIPPED
ORD008605,23/09/2025,San Francisco,JUICE10,11279.0,SHIPPED
ORD002035,2026-01-29,Houston,SPARK10,25334.0,SHIPPED
ORD005544,01/07/2026,Seattle,JUICE10,10101.0,SHIPPED
ORD002283,2026-05-18,Houston ,TEA50,24574.0,SHIPPED
ORD004599,04/02/2026,MIAMI,SPARK10,8796.0,SHIPPED
ORD000627,2026-06-15,NEW YORK,ENER25,9575.0,SHIPPED
ORD007674,14/11/2025,Detroit,SPARK10,73.0,SHIPPED
ORD002664,30/10/2025,Phoenix,SPARK10,2508.0,SHIPPED
ORD003391,2025-09-18, philadelphia,COLA33,31012.0,SHIPPED
ORD006770,26/03/2026,Boston,JUICE10,3107.0,SHIPPED
ORD008405,06/11/2025,San Francisco,COLA33,10968.0,SHIPPED
ORD000467,2025-12-24,New York,JUICE10,20675.0,SHIPPED
ORD005563,28/08/2026,Seattle,JUICE10,9737.0,SHIPPED
ORD000648,2025-09-17,Los Angeles,STILL15,23004.0,SHIPPED
ORD000887,2025-11-10,Los Angeles,COLA33,20975.0,SHIPPED
ORD006098,2026-08-24,Denver,TEA50,166.0,SHIPPED
ORD000213,2025-09-03,New York,COLA33,32109.0,SHIPPED
ORD000908,21/01/2026,Los Angeles ,COLA33,30233.0,SHIPPED
ORD006129,08/12/2025,Denver,JUICE10,3.0,SHIPPED
ORD006102,18/09/2025,Denver,JUICE10,2022.0,SHIPPED
ORD006756,02/02/2026, boston,JUICE10,10790.0,SHIPPED
ORD002935,2026-05-22,Phoenix,TEA50,4011.0,SHIPPED
ORD005308,2026-03-20,Seattle,COLA33,24188.0,SHIPPED
ORD005501,2026-02-10,Seattle,JUICE10,4859.0,SHIPPED
ORD001174,2025-09-24, los angeles,ENER25,20328.0,SHIPPED
ORD004209,24/06/2026,Atlanta ,TEA50,23981.0,SHIPPED
ORD006394,21/08/2026,Boston,STILL15,842.0,SHIPPED
ORD005404,24/02/2026,Seattle ,TEA50,14476.0,SHIPPED
ORD007704,18/02/2026,DETROIT,SPARK10,5257.0,SHIPPED
ORD007144,29/09/2025,Minneapolis,COLA33,31286.0,SHIPPED
ORD000537,21/08/2026,New York,JUICE10,23675.0,SHIPPED
ORD001722,2025-12-12,Chicago,JUICE10,4580.0,SHIPPED
ORD002099,10/08/2026,Houston,SPARK10,2958.0,SHIPPED
ORD008340,02/03/2026,San Francisco ,SPARK10,3403.0,SHIPPED
ORD007232,2025-09-11,Minneapolis,TEA50,9955.0,SHIPPED
ORD007903,10/02/2026,Detroit,TEA50,13977.0,SHIPPED
ORD002694,2026-02-09,Phoenix ,SPARK10,8280.0,SHIPPED
ORD002442,2025-11-06,Houston ,ENER25,42040.0,SHIPPED
ORD001929,2025-12-01,Houston,STILL15,19508.0,SHIPPED
ORD007530,2026-06-29,Minneapolis,ENER25,10358.0,SHIPPED
ORD003975,2026-04-20,Atlanta,SPARK10,9887.0,SHIPPED
ORD001434,2026-03-25,Chicago,SPARK10,36788.0,SHIPPED
ORD001244,2026-06-03,Los Angeles,ENER25,15384.0,SHIPPED
ORD006650,2026-02-02,Boston,TEA50,3044.0,SHIPPED
ORD008318,16/12/2025,San Francisco ,SPARK10,6208.0,SHIPPED
ORD003598,2025-10-14,Philadelphia,JUICE10,12240.0,SHIPPED
ORD002807,2026-03-18,Phoenix,COLA33,20253.0,SHIPPED
ORD008546,2026-03-18,San Francisco,TEA50,6065.0,SHIPPED
ORD003030,2026-04-17,Phoenix,JUICE10,4077.0,SHIPPED
ORD004005,2026-07-23, atlanta,SPARK10,4206.0,SHIPPED
ORD005873,2026-07-09,Denver,SPARK10,14458.0,SHIPPED
ORD002950,23/06/2026,Phoenix,TEA50,10180.0,SHIPPED
ORD001006,2026-01-05,Los Angeles,TEA50,40842.0,SHIPPED
ORD004992,2025-12-15,MIAMI,ENER25,47341.0,SHIPPED
ORD005387,18/12/2025,Seattle ,TEA50,20018.0,SHIPPED
ORD001730,2026-01-20,Chicago,JUICE10,7839.0,SHIPPED
ORD006597,2026-07-23,Boston,COLA33,1097.0,SHIPPED
ORD000214,2025-09-02,New York,COLA33,53980.0,SHIPPED
ORD003783,2026-06-18,Philadelphia,ENER25,22511.0,SHIPPED
ORD006236,2026-01-12,Denver,ENER25,21948.0,SHIPPED
ORD007418,2026-06-19,Minneapolis,JUICE10,3808.0,SHIPPED
ORD006168,2026-04-22, denver,JUICE10,2311.0,SHIPPED
ORD008680,04/06/2026,San Francisco,JUICE10,1326.0,SHIPPED
ORD000260,26/01/2026,New York,COLA33,8217.0,SHIPPED
ORD005422,2026-04-20,Seattle ,TEA50,10383.0,SHIPPED
ORD002665,04/11/2025,Phoenix,SPARK10,6746.0,SHIPPED
ORD003541,2026-03-25,PHILADELPHIA,TEA50,16792.0,SHIPPED
ORD002408,2026-07-20,Houston,JUICE10,4566.0,SHIPPED
ORD000783,2025-12-03,LOS ANGELES,SPARK10,4349.0,SHIPPED
ORD008301,01/10/2025,San Francisco,SPARK10,1742.0,SHIPPED
ORD002329,2025-10-21,HOUSTON,JUICE10,2699.0,SHIPPED
ORD005765,2026-06-16,Denver,STILL15,4772.0,SHIPPED
ORD005424,2026-04-29,Seattle,TEA50,7566.0,SHIPPED
ORD000370,2026-02-23,New York ,TEA50,19280.0,SHIPPED
ORD007139,08/09/2025,Minneapolis,COLA33,4318.0,SHIPPED
ORD006820,2026-08-17,Boston,JUICE10,9637.0,SHIPPED
ORD001194,2025-12-09,Los Angeles,ENER25,14853.0,SHIPPED
ORD001025,2026-03-16,Los Angeles,TEA50,54472.0,SHIPPED
ORD004802,05/03/2026,Miami,TEA50,18129.0,SHIPPED
ORD005118,16/04/2026,Seattle ,STILL15,9115.0,SHIPPED
ORD000372,11/03/2026,New York,TEA50,30650.0,SHIPPED
ORD006788,2026-05-20, boston,JUICE10,12863.0,SHIPPED
ORD004149,2025-12-12,Atlanta,TEA50,26803.0,SHIPPED
ORD006549,11/02/2026,Boston ,COLA33,67344.0,SHIPPED
ORD008825,06/11/2025,Houston,STILL15,6464.0,CANCELLED
ORD005608,05/01/2026,SEATTLE,ENER25,2694.0,SHIPPED
ORD001243,03/06/2026, los angeles,ENER25,11266.0,SHIPPED
ORD006320,03/12/2025, boston,STILL15,8002.0,SHIPPED
ORD002291,01/07/2026,Houston,TEA50,10800.0,SHIPPED
ORD003681,2026-07-23,Philadelphia,JUICE10,4104.0,SHIPPED
ORD006625,2025-11-04,Boston,TEA50,23536.0,SHIPPED
ORD005604,2025-12-30,Seattle,ENER25,9748.0,SHIPPED
ORD005103,2026-02-12,Seattle,STILL15,16186.0,SHIPPED
ORD006452,10/03/2026,Boston ,SPARK10,10443.0,SHIPPED
ORD000975,2025-09-17,Los Angeles,TEA50,11333.0,SHIPPED
ORD008624,02/12/2025,San Francisco,JUICE10,10358.0,SHIPPED
ORD003274,2026-07-21,Philadelphia,STILL15,3623.0,SHIPPED
ORD002683,2025-12-23,Phoenix,SPARK10,5358.0,SHIPPED
ORD003913,2025-09-26,Atlanta,SPARK10,223.0,SHIPPED
ORD004249,28/10/2025,ATLANTA,JUICE10,969.0,SHIPPED
ORD003597,16/10/2025,Philadelphia,JUICE10,955.0,SHIPPED
ORD007547,2025-09-04,Detroit,STILL15,1160.0,SHIPPED
ORD006344,2026-02-27,Boston,STILL15,10092.0,SHIPPED
ORD007889,09/12/2025,Detroit,TEA50,11397.0,SHIPPED
ORD000381,07/04/2026,NEW YORK,TEA50,10938.0,SHIPPED
ORD008036,09/04/2026, detroit,JUICE10,3948.0,SHIPPED
ORD004652,2026-08-12, miami,SPARK10,3369.0,SHIPPED
ORD003359,14/05/2026, philadelphia,SPARK10,12226.0,SHIPPED
ORD003425,2026-01-16, philadelphia,COLA33,11712.0,SHIPPED
ORD004375,2026-01-01,Atlanta,ENER25,4999.0,SHIPPED
ORD006797,10/06/2026,Boston,JUICE10,1629.0,SHIPPED
ORD006393,20/08/2026,Boston,STILL15,24694.0,SHIPPED
ORD003824,2025-11-03, atlanta,STILL15,1295.0,SHIPPED
ORD005259,30/09/2025,Seattle,COLA33,74234.0,SHIPPED
ORD003943,15/12/2025, atlanta,SPARK10,2124.0,SHIPPED
ORD006132,2025-12-16,DENVER,JUICE10,1156.0,SHIPPED
ORD000995,2025-11-27,Los Angeles,TEA50,2525.0,SHIPPED
ORD003648,2026-03-30,PHILADELPHIA,JUICE10,10889.0,SHIPPED
ORD004559,2025-09-11,Miami,SPARK10,7111.0,SHIPPED
ORD002528,2026-07-20, houston,ENER25,5662.0,SHIPPED
ORD005719,2026-01-30,Denver,STILL15,10594.0,SHIPPED
ORD001836,30/01/2026,Chicago,ENER25,67.0,SHIPPED
ORD005195,2026-02-18,Seattle,SPARK10,15931.0,SHIPPED
ORD000639,2026-08-05,New York,ENER25,51813.0,SHIPPED
ORD000876,01/10/2025,Los Angeles,COLA33,112108.0,SHIPPED
ORD003187,2025-10-22, philadelphia,STILL15,7909.0,SHIPPED
ORD002701,25/02/2026,Phoenix,SPARK10,2278.0,SHIPPED
ORD008818,2026-02-11,Houston,JUICE10,610.0,CANCELLED
ORD006152,2026-03-06,Denver ,JUICE10,756.0,SHIPPED
ORD008646,2026-02-09,San Francisco,JUICE10,1669.0,SHIPPED
ORD007040,2025-09-11, minneapolis,SPARK10,12525.0,SHIPPED
ORD006146,11/02/2026,Denver,JUICE10,6392.0,SHIPPED
ORD007979,21/10/2025,Detroit,JUICE10,7407.0,SHIPPED
ORD005409,17/03/2026,Seattle,TEA50,893.0,SHIPPED
ORD005925,2026-01-28, denver,COLA33,28437.0,SHIPPED
ORD004449,2025-09-15,Miami,STILL15,872.0,SHIPPED
ORD003714,2025-10-24,Philadelphia,ENER25,1730.0,SHIPPED
ORD007075,2026-01-05,Minneapolis,SPARK10,13572.0,SHIPPED
ORD004953,20/07/2026,MIAMI,JUICE10,14365.0,SHIPPED
ORD005334,17/06/2026,SEATTLE,COLA33,5473.0,SHIPPED
ORD006014,2025-11-17,Denver,TEA50,8857.0,SHIPPED
ORD000868,08/09/2025,Los Angeles,COLA33,93819.0,SHIPPED
ORD001273,05/09/2025,Chicago,STILL15,3883.0,SHIPPED
ORD007308,2026-06-09,Minneapolis,TEA50,2058.0,SHIPPED
ORD005104,2026-02-20,Seattle,STILL15,20877.0,SHIPPED
ORD001279,2025-10-03, chicago,STILL15,9807.0,SHIPPED
ORD004340,02/09/2025,Atlanta,ENER25,32997.0,SHIPPED
ORD000650,22/09/2025,Los Angeles,STILL15,9469.0,SHIPPED
ORD002731,26/06/2026,Phoenix,SPARK10,16283.0,SHIPPED
ORD003501,2025-10-08,Philadelphia,TEA50,20686.0,SHIPPED
ORD004894,2026-01-15,Miami,JUICE10,4876.0,SHIPPED
ORD007450,2025-10-09,Minneapolis,ENER25,14939.0,SHIPPED
ORD001253,01/07/2026,Los Angeles,ENER25,17508.0,SHIPPED
ORD004490,02/02/2026,Miami,STILL15,15548.0,SHIPPED
ORD008702,2026-08-10,San Francisco,JUICE10,5165.0,SHIPPED
ORD005049,09/07/2026, miami,ENER25,25993.0,SHIPPED
ORD003571,2026-07-02,Philadelphia,TEA50,3171.0,SHIPPED
ORD008147,01/05/2026,Detroit,ENER25,850.0,SHIPPED
ORD007228,05/09/2025,Minneapolis,TEA50,8415.0,SHIPPED
ORD001516,30/12/2025,CHICAGO,COLA33,98727.0,SHIPPED
ORD006355,13/04/2026,Boston,STILL15,3960.0,SHIPPED
ORD007287,18/03/2026,Minneapolis,TEA50,2438.0,SHIPPED
ORD002057,2026-04-10,Houston,SPARK10,8202.0,SHIPPED
ORD001980,2026-07-03,Houston ,STILL15,16593.0,SHIPPED
ORD008237,11/02/2026,San Francisco,STILL15,11084.0,SHIPPED
ORD000269,03/03/2026,New York,COLA33,42639.0,SHIPPED
ORD000510,11/05/2026,New York,JUICE10,6853.0,SHIPPED
ORD008399,2025-09-29, san francisco,COLA33,68978.0,SHIPPED
ORD002069,21/05/2026,Houston,SPARK10,7920.0,SHIPPED
ORD001277,2025-09-22,Chicago,STILL15,24413.0,SHIPPED
ORD005975,2026-07-14,Denver ,COLA33,58145.0,SHIPPED
ORD002106,2025-09-11,Houston,COLA33,70218.0,SHIPPED
ORD000647,2025-09-18,Los Angeles,STILL15,14768.0,SHIPPED
ORD000531,2026-07-21,New York,JUICE10,11797.0,SHIPPED
ORD002660,2025-10-20,Phoenix,SPARK10,1546.0,SHIPPED
ORD006453,2026-03-13,Boston,SPARK10,3667.0,SHIPPED
ORD004492,2026-02-13,Miami,STILL15,8962.0,SHIPPED
ORD001845,25/02/2026,Chicago,ENER25,25654.0,SHIPPED
ORD003266,2026-06-25, philadelphia,STILL15,22978.0,SHIPPED
ORD005246,27/07/2026,Seattle,SPARK10,11587.0,SHIPPED
ORD007167,2026-01-13,Minneapolis,COLA33,55887.0,SHIPPED
ORD002008,2025-10-07,Houston,SPARK10,7475.0,SHIPPED
ORD002639,2026-07-23,Phoenix,STILL15,16164.0,SHIPPED
ORD006929,2025-09-01,Minneapolis,STILL15,8397.0,SHIPPED
ORD002707,19/03/2026,Phoenix,SPARK10,24064.0,SHIPPED
ORD003606,2025-11-10,Philadelphia,JUICE10,9178.0,SHIPPED
ORD003007,2026-01-28,Phoenix,JUICE10,468.0,SHIPPED
ORD004530,29/05/2026,Miami,STILL15,3055.0,SHIPPED
ORD000687,20/01/2026,Los Angeles,STILL15,5271.0,SHIPPED
ORD004744,2026-07-08,Miami,COLA33,12538.0,SHIPPED
ORD003946,2025-12-31,Atlanta,SPARK10,19891.0,SHIPPED
ORD000936,05/05/2026,Los Angeles,COLA33,7276.0,SHIPPED
ORD008488,2026-08-10,San Francisco,COLA33,5159.0,SHIPPED
ORD005686,2025-10-17,Denver,STILL15,3056.0,SHIPPED
ORD000373,09/03/2026,New York,TEA50,800.0,SHIPPED
ORD003243,2026-04-16,Philadelphia,STILL15,10502.0,SHIPPED
ORD008542,02/03/2026,San Francisco,TEA50,5881.0,SHIPPED
ORD004392,23/02/2026,Atlanta,ENER25,13092.0,SHIPPED
ORD005594,01/12/2025,Seattle,ENER25,8701.0,SHIPPED
ORD008243,2026-03-02, san francisco,STILL15,6063.0,SHIPPED
ORD007280,2026-02-17, minneapolis,TEA50,8180.0,SHIPPED
ORD003318,25/12/2025,Philadelphia ,SPARK10,3316.0,SHIPPED
ORD001679,2026-07-17,Chicago,TEA50,9824.0,SHIPPED
ORD002728,2026-06-15,Phoenix,SPARK10,9350.0,SHIPPED
ORD004710,25/02/2026,Miami,COLA33,7035.0,SHIPPED
ORD005988,2026-08-27,Denver,COLA33,59577.0,SHIPPED
ORD006305,2025-10-07,BOSTON,STILL15,15914.0,SHIPPED
ORD007198,2026-05-07,Minneapolis,COLA33,24509.0,SHIPPED
ORD007895,2026-01-09,Detroit,TEA50,975.0,SHIPPED
ORD000344,24/11/2025,New York,TEA50,13825.0,SHIPPED
ORD007299,2026-05-11,Minneapolis ,TEA50,2402.0,SHIPPED
ORD001318,2026-02-10,CHICAGO,STILL15,10888.0,SHIPPED
ORD006432,02/01/2026,BOSTON,SPARK10,401.0,SHIPPED
ORD002815,2026-04-15,Phoenix,COLA33,43936.0,SHIPPED
ORD008104,24/11/2025,Detroit,ENER25,827.0,SHIPPED
ORD007822,2026-04-20,Detroit,COLA33,39090.0,SHIPPED
ORD005145,2026-07-16,Seattle,STILL15,14878.0,SHIPPED
ORD005513,13/03/2026,Seattle,JUICE10,185.0,SHIPPED
ORD000930,2026-04-08,Los Angeles,COLA33,53935.0,SHIPPED
ORD008549,27/03/2026, san francisco,TEA50,2334.0,SHIPPED
ORD008381,22/07/2026,SAN FRANCISCO,SPARK10,1388.0,SHIPPED
ORD005386,2025-12-18,Seattle,TEA50,1968.0,SHIPPED
ORD001086,2025-11-06,Los Angeles,JUICE10,9454.0,SHIPPED
ORD004068,2026-03-02,Atlanta,COLA33,7901.0,SHIPPED
ORD002872,11/11/2025,Phoenix,TEA50,18996.0,SHIPPED
ORD002675,2025-12-02,Phoenix,SPARK10,24405.0,SHIPPED
ORD002025,2025-12-18,Houston,SPARK10,23213.0,SHIPPED
ORD008795,2026-07-01, san francisco,ENER25,9140.0,SHIPPED
ORD004850,2026-08-06,Miami ,TEA50,3700.0,SHIPPED
ORD001492,23/10/2025, chicago,COLA33,103558.0,SHIPPED
ORD006888,2026-04-07,Boston,ENER25,12996.0,SHIPPED
ORD002948,25/06/2026,Phoenix,TEA50,2072.0,SHIPPED
ORD006065,2026-05-01,Denver,TEA50,15452.0,SHIPPED
ORD006268,2026-06-04,Denver,ENER25,5119.0,SHIPPED
ORD004634,2026-06-10,Miami,SPARK10,3820.0,SHIPPED
ORD003493,15/09/2025,PHILADELPHIA,TEA50,10151.0,SHIPPED
ORD004051,2026-01-02,Atlanta,COLA33,12416.0,SHIPPED
ORD004659,2025-09-04,MIAMI,COLA33,21006.0,SHIPPED
ORD007068,2025-12-17,Minneapolis,SPARK10,5925.0,SHIPPED
ORD006743,31/12/2025,Boston,JUICE10,2535.0,SHIPPED
ORD007949,23/07/2026,DETROIT,TEA50,10119.0,SHIPPED
ORD001097,09/12/2025,Los Angeles,JUICE10,15589.0,SHIPPED
ORD001635,2026-02-06,Chicago,TEA50,12835.0,SHIPPED
ORD003448,2026-03-24,Philadelphia ,COLA33,72873.0,SHIPPED
ORD000203,2026-07-10, new york,SPARK10,22322.0,SHIPPED
ORD001779,2026-07-16,Chicago,JUICE10,703.0,SHIPPED
ORD006923,2026-08-14,Boston,ENER25,2081.0,SHIPPED
ORD008393,2025-09-05,San Francisco,COLA33,11697.0,SHIPPED
ORD001452,2026-05-19,Chicago,SPARK10,8810.0,SHIPPED
ORD008227,2026-01-13,San Francisco ,STILL15,3776.0,SHIPPED
ORD002641,31/07/2026,Phoenix ,STILL15,9919.0,SHIPPED
ORD002253,23/01/2026,Houston,TEA50,7980.0,SHIPPED
ORD000240,2025-11-18,New York,COLA33,56733.0,SHIPPED
ORD000775,2025-11-21, los angeles,SPARK10,17254.0,SHIPPED
ORD000428,28/08/2026,New York ,TEA50,11094.0,SHIPPED
ORD007720,28/04/2026,Detroit,SPARK10,9780.0,SHIPPED
ORD006457,26/03/2026,Boston,SPARK10,409.0,SHIPPED
ORD005302,2026-02-23,Seattle ,COLA33,2641.0,SHIPPED
ORD007005,26/05/2026,Minneapolis ,STILL15,14017.0,SHIPPED
ORD000015,2025-10-15,New York,STILL15,32959.0,SHIPPED
ORD003536,13/03/2026,Philadelphia ,TEA50,6172.0,SHIPPED
ORD000885,2025-11-10,Los Angeles,COLA33,22470.0,SHIPPED
ORD007549,02/09/2025,Detroit,STILL15,9651.0,SHIPPED
ORD000759,2025-09-18, los angeles,SPARK10,12827.0,SHIPPED
ORD008419,2025-12-09,San Francisco,COLA33,29487.0,SHIPPED
ORD008835,2025-09-09,Philadelphia,ENER25,2014.0,CANCELLED
ORD005336,2026-06-16,Seattle,COLA33,30525.0,SHIPPED
ORD002823,2026-05-11,Phoenix ,COLA33,92890.0,SHIPPED
ORD003952,2026-01-23,Atlanta,SPARK10,1292.0,SHIPPED
ORD002587,09/02/2026,Phoenix,STILL15,457.0,SHIPPED
ORD008539,16/02/2026,San Francisco,TEA50,11735.0,SHIPPED
ORD002973,2025-09-25,Phoenix ,JUICE10,15111.0,SHIPPED
ORD004219,29/07/2026,Atlanta ,TEA50,9000.0,SHIPPED
ORD004691,2025-12-31,Miami,COLA33,25892.0,SHIPPED
ORD002890,2026-01-07,Phoenix,TEA50,8234.0,SHIPPED
ORD007968,2025-09-15,Detroit,JUICE10,10306.0,SHIPPED
ORD007396,2026-04-03,Minneapolis,JUICE10,10019.0,SHIPPED
ORD004758,2025-09-11, miami,TEA50,165.0,SHIPPED
ORD004843,24/07/2026, miami,TEA50,17743.0,SHIPPED
ORD008407,07/11/2025, san francisco,COLA33,30126.0,SHIPPED
ORD004786,26/12/2025,Miami,TEA50,9678.0,SHIPPED
ORD006499,18/08/2026,Boston ,SPARK10,13298.0,SHIPPED
ORD003874,28/04/2026,ATLANTA,STILL15,6007.0,SHIPPED
ORD008799,2026-07-16,San Francisco,ENER25,28414.0,SHIPPED
ORD004275,2026-02-04,ATLANTA,JUICE10,9314.0,SHIPPED
ORD003898,27/07/2026,Atlanta,STILL15,12775.0,SHIPPED
ORD000233,2025-10-28,New York,COLA33,90345.0,SHIPPED
ORD008779,2026-05-07,SAN FRANCISCO,ENER25,34344.0,SHIPPED
ORD002248,09/01/2026,HOUSTON,TEA50,4334.0,SHIPPED
ORD001745,2026-03-06,Chicago,JUICE10,12294.0,SHIPPED
ORD008838,2026-07-06,Miami ,SPARK10,8284.0,CANCELLED
ORD005456,14/08/2026,Seattle,TEA50,1234.0,SHIPPED
ORD006599,2026-07-27,Boston,COLA33,76531.0,SHIPPED
ORD000142,24/12/2025,New York,SPARK10,5750.0,SHIPPED
ORD000982,06/10/2025,Los Angeles,TEA50,47758.0,SHIPPED
ORD006863,2026-01-30,Boston,ENER25,2589.0,SHIPPED
ORD002970,2025-09-16, phoenix,JUICE10,1562.0,SHIPPED
ORD000057,2026-04-02,New York,STILL15,43541.0,SHIPPED
ORD003160,21/07/2026,Phoenix,ENER25,27902.0,SHIPPED
ORD000166,2026-03-26,New York,SPARK10,22749.0,SHIPPED
ORD008079,2025-09-12,Detroit,ENER25,12209.0,SHIPPED
ORD002172,23/04/2026, houston,COLA33,89531.0,SHIPPED
ORD006286,2026-07-29, denver,ENER25,9451.0,SHIPPED
ORD007800,2026-02-02,Detroit,COLA33,12725.0,SHIPPED
ORD006323,2025-12-08,Boston,STILL15,15332.0,SHIPPED
ORD002905,2026-02-20,Phoenix,TEA50,3518.0,SHIPPED
ORD006995,2026-04-20, minneapolis,STILL15,8514.0,SHIPPED
ORD007146,2025-10-15,Minneapolis,COLA33,31428.0,SHIPPED
ORD005932,2026-02-18,Denver,COLA33,5168.0,SHIPPED
ORD000781,2025-12-03,Los Angeles ,SPARK10,28120.0,SHIPPED
ORD008785,2026-05-28,San Francisco,ENER25,26809.0,SHIPPED
ORD001249,23/06/2026,Los Angeles,ENER25,20033.0,SHIPPED
ORD005854,2026-04-27,DENVER,SPARK10,633.0,SHIPPED
ORD003727,15/12/2025,Philadelphia,ENER25,8173.0,SHIPPED
ORD007001,2026-05-14,Minneapolis,STILL15,3787.0,SHIPPED
ORD002691,06/02/2026,Phoenix,SPARK10,8406.0,SHIPPED
ORD003042,2026-05-25,Phoenix,JUICE10,8246.0,SHIPPED
ORD002911,13/03/2026,Phoenix,TEA50,14670.0,SHIPPED
ORD000756,10/09/2025,Los Angeles,SPARK10,485.0,SHIPPED
ORD002958,2026-07-24,Phoenix,TEA50,14279.0,SHIPPED
ORD001371,29/07/2026,CHICAGO,STILL15,7830.0,SHIPPED
ORD002298,2026-07-20,Houston,TEA50,6931.0,SHIPPED
ORD001725,2025-12-30,Chicago,JUICE10,17937.0,SHIPPED
ORD006821,2026-08-27,Boston,JUICE10,366.0,SHIPPED
ORD006093,14/08/2026,Denver,TEA50,17304.0,SHIPPED
ORD002957,2026-07-24,Phoenix,TEA50,7717.0,SHIPPED
ORD001589,2025-09-11,Chicago,TEA50,5008.0,SHIPPED
ORD000861,20/08/2026,Los Angeles,SPARK10,27345.0,SHIPPED
ORD007271,2026-01-14,Minneapolis,TEA50,19355.0,SHIPPED
ORD000438,2025-10-02,New York ,JUICE10,4622.0,SHIPPED
ORD001421,06/02/2026, chicago,SPARK10,5745.0,SHIPPED
ORD006875,06/03/2026, boston,ENER25,8083.0,SHIPPED
ORD008333,2026-02-19,San Francisco,SPARK10,13300.0,SHIPPED
ORD004101,2026-06-18,Atlanta,COLA33,32065.0,SHIPPED
ORD008877,2026-06-10, san francisco,ENER25,13226.0,CANCELLED
ORD000039,14/01/2026,New York,STILL15,12740.0,SHIPPED
ORD000067,2026-05-06,New York,STILL15,9275.0,SHIPPED
ORD004638,24/06/2026,Miami,SPARK10,8991.0,SHIPPED
ORD001857,2026-04-07,Chicago,ENER25,37680.0,SHIPPED
ORD007260,02/12/2025,Minneapolis ,TEA50,451.0,SHIPPED
ORD002177,2026-05-21,Houston,COLA33,27693.0,SHIPPED
ORD000012,2025-10-06,New York,STILL15,36564.0,SHIPPED
ORD003523,2026-01-16,Philadelphia,TEA50,11950.0,SHIPPED
ORD002995,17/12/2025,Phoenix,JUICE10,5522.0,SHIPPED
ORD007054,2025-10-20,Minneapolis,SPARK10,2962.0,SHIPPED
ORD007632,2026-06-12,Detroit,STILL15,4350.0,SHIPPED
ORD004675,2025-10-27,Miami,COLA33,41926.0,SHIPPED
ORD005637,2026-04-23,Seattle,ENER25,15794.0,SHIPPED
ORD007766,2025-10-22,Detroit,COLA33,6955.0,SHIPPED
ORD001726,2026-01-05, chicago,JUICE10,2085.0,SHIPPED
ORD007763,2025-10-01,Detroit,COLA33,59961.0,SHIPPED
ORD000884,2025-11-03, los angeles,COLA33,143715.0,SHIPPED
ORD008848,2026-08-10,Minneapolis,COLA33,27122.0,CANCELLED
ORD005871,2026-07-09, denver,SPARK10,787.0,SHIPPED
ORD003928,2025-10-27,Atlanta,SPARK10,22839.0,SHIPPED
ORD008647,2026-02-16, san francisco,JUICE10,8472.0,SHIPPED
ORD004658,02/09/2025,Miami,COLA33,14370.0,SHIPPED
ORD000812,2026-03-12,Los Angeles,SPARK10,33016.0,SHIPPED
ORD000100,2026-08-27,New York,STILL15,30141.0,SHIPPED
ORD000385,2026-04-14,New York,TEA50,15469.0,SHIPPED
ORD005574,2025-10-01,Seattle,ENER25,1307.0,SHIPPED
ORD003071,03/09/2025, phoenix,ENER25,913.0,SHIPPED
ORD005705,2025-12-11,Denver,STILL15,3948.0,SHIPPED
ORD002326,14/10/2025,Houston,JUICE10,6956.0,SHIPPED
ORD008730,2025-11-13,San Francisco,ENER25,16278.0,SHIPPED
ORD004753,2026-08-10, miami,COLA33,9543.0,SHIPPED
ORD000689,29/01/2026,Los Angeles,STILL15,6490.0,SHIPPED
ORD002336,2025-11-18, houston,JUICE10,6392.0,SHIPPED
ORD001175,2025-10-02,Los Angeles,ENER25,36667.0,SHIPPED
ORD005405,2026-03-06, seattle,TEA50,18371.0,SHIPPED
ORD004212,06/07/2026,ATLANTA,TEA50,7017.0,SHIPPED
ORD001853,2026-03-25,Chicago,ENER25,31141.0,SHIPPED
ORD000368,2026-02-26,NEW YORK,TEA50,8140.0,SHIPPED
ORD004273,2026-01-26, atlanta,JUICE10,2735.0,SHIPPED
ORD005274,13/11/2025, seattle,COLA33,50278.0,SHIPPED
ORD002441,2025-10-29,HOUSTON,ENER25,43335.0,SHIPPED
ORD008321,2025-12-26,SAN FRANCISCO,SPARK10,3050.0,SHIPPED
ORD001487,2025-09-30,Chicago,COLA33,46416.0,SHIPPED
ORD007921,2026-04-20,Detroit,TEA50,4353.0,SHIPPED
ORD007368,2026-01-01,Minneapolis,JUICE10,3781.0,SHIPPED
ORD002190,2026-06-17, houston,COLA33,31829.0,SHIPPED
ORD004868,30/09/2025,MIAMI,JUICE10,612.0,SHIPPED
ORD005547,2026-07-16,Seattle,JUICE10,3998.0,SHIPPED
ORD008885,2025-10-09,Boston,SPARK10,8149.0,CANCELLED
ORD002564,2025-11-17,Phoenix,STILL15,2720.0,SHIPPED
ORD005885,28/08/2026,Denver,SPARK10,214.0,SHIPPED
ORD002930,2026-04-29,Phoenix,TEA50,14301.0,SHIPPED
ORD004110,2026-07-07,ATLANTA,COLA33,2384.0,SHIPPED
ORD003013,2026-02-12,Phoenix,JUICE10,5610.0,SHIPPED
ORD007230,2025-09-03, minneapolis,TEA50,1536.0,SHIPPED
ORD005541,08/06/2026,Seattle ,JUICE10,4999.0,SHIPPED
ORD001928,04/12/2025,Houston,STILL15,3153.0,SHIPPED
ORD000464,15/12/2025,New York,JUICE10,17440.0,SHIPPED
ORD000556,2025-10-31,New York,ENER25,55701.0,SHIPPED
ORD000433,2025-09-10,New York ,JUICE10,1462.0,SHIPPED
ORD002240,2025-12-10,Houston,TEA50,4982.0,SHIPPED
ORD008385,2026-08-11, san francisco,SPARK10,946.0,SHIPPED
ORD004288,2026-03-16,Atlanta,JUICE10,1410.0,SHIPPED
ORD002966,2026-08-25,Phoenix,TEA50,26929.0,SHIPPED
ORD007668,10/10/2025,Detroit,SPARK10,14811.0,SHIPPED
ORD001250,2026-06-22,Los Angeles,ENER25,5498.0,SHIPPED
ORD002818,23/04/2026,Phoenix,COLA33,2353.0,SHIPPED
ORD008139,2026-03-23,DETROIT,ENER25,11432.0,SHIPPED
ORD002645,2026-08-20,Phoenix,STILL15,18789.0,SHIPPED
ORD001328,27/03/2026,Chicago,STILL15,7384.0,SHIPPED
ORD007932,18/05/2026,DETROIT,TEA50,5229.0,SHIPPED
ORD001262,13/08/2026,LOS ANGELES,ENER25,27017.0,SHIPPED
ORD002583,2026-01-23,Phoenix,STILL15,8051.0,SHIPPED
ORD001147,09/07/2026,Los Angeles ,JUICE10,30723.0,SHIPPED
ORD001229,2026-04-08,Los Angeles,ENER25,41893.0,SHIPPED
ORD003908,2025-09-11,Atlanta,SPARK10,2632.0,SHIPPED
ORD005158,05/09/2025, seattle,SPARK10,701.0,SHIPPED
ORD001729,12/01/2026,Chicago ,JUICE10,15501.0,SHIPPED
ORD002953,2026-07-07,PHOENIX,TEA50,13017.0,SHIPPED
ORD008408,2025-11-10,San Francisco,COLA33,33600.0,SHIPPED
ORD002537,2026-08-19,Houston,ENER25,23400.0,SHIPPED
ORD002265,2026-02-23,Houston,TEA50,9000.0,SHIPPED
ORD007340,01/10/2025,Minneapolis,JUICE10,9356.0,SHIPPED
ORD000412,30/06/2026,New York,TEA50,39359.0,SHIPPED
ORD002603,2026-03-30,Phoenix,STILL15,11682.0,SHIPPED
ORD002722,19/05/2026, phoenix,SPARK10,5689.0,SHIPPED
ORD003361,2026-05-20,Philadelphia,SPARK10,5185.0,SHIPPED
ORD002478,2026-02-23,HOUSTON,ENER25,4854.0,SHIPPED
ORD007669,13/10/2025,Detroit,SPARK10,10229.0,SHIPPED
ORD002233,2025-11-14,Houston,TEA50,24062.0,SHIPPED
ORD005630,09/04/2026, seattle,ENER25,3243.0,SHIPPED
ORD002669,18/11/2025,Phoenix,SPARK10,23049.0,SHIPPED
ORD002282,2026-05-11, houston,TEA50,22026.0,SHIPPED
ORD003255,18/05/2026,Philadelphia ,STILL15,18830.0,SHIPPED
ORD001594,25/09/2025,Chicago,TEA50,5145.0,SHIPPED
ORD007657,03/09/2025,Detroit,SPARK10,5777.0,SHIPPED
ORD007414,2026-06-05,Minneapolis,JUICE10,2251.0,SHIPPED
ORD001238,2026-05-12,Los Angeles,ENER25,29907.0,SHIPPED
ORD007283,2026-02-24,Minneapolis,TEA50,505.0,SHIPPED
ORD001399,20/11/2025,Chicago,SPARK10,17338.0,SHIPPED
ORD004620,01/05/2026,Miami,SPARK10,22895.0,SHIPPED
ORD005825,2026-01-23,Denver,SPARK10,13607.0,SHIPPED
ORD003451,10/04/2026, philadelphia,COLA33,65448.0,SHIPPED
ORD001368,23/07/2026,Chicago,STILL15,11004.0,SHIPPED
ORD002680,2025-12-16,Phoenix,SPARK10,2848.0,SHIPPED
ORD007140,19/09/2025,Minneapolis,COLA33,55521.0,SHIPPED
ORD004578,11/11/2025,Miami ,SPARK10,18792.0,SHIPPED
ORD001848,2026-03-04,Chicago ,ENER25,17838.0,SHIPPED
ORD005826,2026-01-27,Denver ,SPARK10,2359.0,SHIPPED
ORD006853,2025-12-17,BOSTON,ENER25,3310.0,SHIPPED
ORD000481,2026-02-04,New York,JUICE10,7208.0,SHIPPED
ORD001972,20/05/2026,HOUSTON,STILL15,1842.0,SHIPPED
ORD004024,2025-09-25,Atlanta,COLA33,79822.0,SHIPPED
ORD005324,2026-05-18,Seattle ,COLA33,11975.0,SHIPPED
ORD003122,2026-03-20,Phoenix,ENER25,6778.0,SHIPPED
ORD003006,2026-01-28,Phoenix,JUICE10,3229.0,SHIPPED
ORD008229,2026-01-20,San Francisco ,STILL15,5895.0,SHIPPED
ORD002266,04/03/2026, houston,TEA50,27003.0,SHIPPED
ORD008916,2025-11-11,Phoenix,COLA33,32130.0,CANCELLED
ORD005325,26/05/2026,Seattle,COLA33,25415.0,SHIPPED
ORD001294,2025-12-03,Chicago,STILL15,21091.0,SHIPPED
ORD004023,2025-09-18,Atlanta,COLA33,98470.0,SHIPPED
ORD001102,2025-12-30,Los Angeles,JUICE10,12258.0,SHIPPED
ORD002796,2026-02-05,Phoenix,COLA33,10576.0,SHIPPED
ORD001795,2025-09-11,Chicago,ENER25,17972.0,SHIPPED
ORD008114,30/12/2025,Detroit,ENER25,9524.0,SHIPPED
ORD008373,2026-07-03,San Francisco ,SPARK10,8955.0,SHIPPED
ORD001209,14/01/2026,Los Angeles,ENER25,53173.0,SHIPPED
ORD001536,2026-03-02,Chicago,COLA33,42699.0,SHIPPED
ORD001693,2025-09-04,Chicago ,JUICE10,6531.0,SHIPPED
ORD007466,05/12/2025,Minneapolis,ENER25,11248.0,SHIPPED
ORD007041,17/09/2025,Minneapolis ,SPARK10,13999.0,SHIPPED
ORD002022,04/12/2025, houston,SPARK10,2994.0,SHIPPED
ORD001337,2026-04-24,CHICAGO,STILL15,41660.0,SHIPPED
ORD006284,2026-07-24,Denver,ENER25,14918.0,SHIPPED
ORD003577,30/07/2026,Philadelphia,TEA50,15216.0,SHIPPED
ORD008020,2026-02-10, detroit,JUICE10,5644.0,SHIPPED
ORD005796,2025-10-13,Denver,SPARK10,12480.0,SHIPPED
ORD004898,2026-01-19,MIAMI,JUICE10,969.0,SHIPPED
ORD000255,2026-01-16,New York,COLA33,62807.0,SHIPPED
ORD006037,2026-02-17,Denver,TEA50,6710.0,SHIPPED
ORD000351,18/12/2025,New York ,TEA50,5740.0,SHIPPED
ORD005423,20/04/2026,SEATTLE,TEA50,8382.0,SHIPPED
ORD004008,2026-07-31,Atlanta,SPARK10,1789.0,SHIPPED
ORD003631,2026-02-11,Philadelphia,JUICE10,4684.0,SHIPPED
ORD000703,2026-03-12,Los Angeles,STILL15,28200.0,SHIPPED
ORD007655,2026-08-28,Detroit,STILL15,2000.0,SHIPPED
ORD005358,2025-09-03,Seattle,TEA50,6197.0,SHIPPED
ORD001996,12/08/2026,HOUSTON,STILL15,4362.0,SHIPPED
ORD001007,2026-01-15,Los Angeles,TEA50,25081.0,SHIPPED
ORD002479,2026-03-04,Houston,ENER25,18394.0,SHIPPED
ORD007476,2026-01-09,Minneapolis,ENER25,26843.0,SHIPPED
ORD001493,2025-10-27,Chicago,COLA33,30449.0,SHIPPED
ORD003093,26/11/2025,PHOENIX,ENER25,9265.0,SHIPPED
ORD001583,10/08/2026,Chicago,COLA33,3631.0,SHIPPED
ORD002666,2025-11-05,Phoenix,SPARK10,5642.0,SHIPPED
ORD003507,19/11/2025,Philadelphia ,TEA50,3392.0,SHIPPED
ORD003048,2026-06-19,Phoenix ,JUICE10,2582.0,SHIPPED
ORD006003,2025-10-13,Denver ,TEA50,13989.0,SHIPPED
ORD001847,2026-03-04,Chicago,ENER25,15698.0,SHIPPED
ORD006416,18/11/2025,Boston,SPARK10,16582.0,SHIPPED
ORD008745,2026-01-23,San Francisco,ENER25,3992.0,SHIPPED
ORD007609,2026-03-26,Detroit,STILL15,9835.0,SHIPPED
ORD001896,2026-08-14,CHICAGO,ENER25,9823.0,SHIPPED
ORD003483,2026-08-05,Philadelphia,COLA33,32073.0,SHIPPED
ORD005929,2026-02-12,Denver,COLA33,29111.0,SHIPPED
ORD002619,2026-05-14, phoenix,STILL15,12359.0,SHIPPED
ORD002921,08/04/2026,Phoenix,TEA50,859.0,SHIPPED
ORD006192,24/07/2026,Denver,JUICE10,8220.0,SHIPPED
ORD008524,2025-12-16,San Francisco ,TEA50,22347.0,SHIPPED
ORD006742,2025-12-23,BOSTON,JUICE10,3956.0,SHIPPED
ORD006959,2026-01-07,Minneapolis,STILL15,14620.0,SHIPPED
ORD006257,13/04/2026,DENVER,ENER25,19329.0,SHIPPED
ORD000561,2025-11-19, new york,ENER25,57635.0,SHIPPED
ORD004199,2026-05-20,ATLANTA,TEA50,7062.0,SHIPPED
ORD007958,2026-08-20,Detroit,TEA50,2369.0,SHIPPED
ORD007961,2026-08-24,DETROIT,TEA50,8278.0,SHIPPED
ORD003370,2026-06-18,Philadelphia,SPARK10,19558.0,SHIPPED
ORD007793,14/01/2026, detroit,COLA33,56435.0,SHIPPED
ORD008869,2025-10-02,Philadelphia,ENER25,23962.0,CANCELLED
ORD003821,2025-10-30,Atlanta ,STILL15,11395.0,SHIPPED
ORD002356,2026-01-26,Houston,JUICE10,1666.0,SHIPPED
ORD006812,22/07/2026,Boston,JUICE10,1183.0,SHIPPED
ORD000460,2025-12-03,New York,JUICE10,14783.0,SHIPPED
ORD002883,2025-12-16,Phoenix,TEA50,8224.0,SHIPPED
ORD002965,20/08/2026,Phoenix,TEA50,9266.0,SHIPPED
ORD003897,2026-07-29, atlanta,STILL15,16032.0,SHIPPED
ORD004347,2025-09-24,Atlanta ,ENER25,19071.0,SHIPPED
ORD002940,2026-05-29,Phoenix,TEA50,9823.0,SHIPPED
ORD008497,2025-09-11,SAN FRANCISCO,TEA50,7271.0,SHIPPED
ORD006989,2026-04-01,Minneapolis,STILL15,855.0,SHIPPED
ORD000852,2026-07-21, los angeles,SPARK10,5685.0,SHIPPED
ORD008773,2026-04-10,San Francisco,ENER25,6190.0,SHIPPED
ORD003400,06/10/2025,Philadelphia,COLA33,14930.0,SHIPPED
ORD002309,2026-08-20,Houston,TEA50,7958.0,SHIPPED
ORD003639,2026-03-03,Philadelphia,JUICE10,7475.0,SHIPPED
ORD007467,2025-12-04,Minneapolis,ENER25,9858.0,SHIPPED
ORD000173,07/04/2026, new york,SPARK10,19946.0,SHIPPED
ORD002635,09/07/2026,Phoenix,STILL15,2011.0,SHIPPED
ORD006292,2026-08-17,DENVER,ENER25,18701.0,SHIPPED
ORD003124,2026-03-27,Phoenix,ENER25,19682.0,SHIPPED
ORD002946,2026-06-08,Phoenix,TEA50,4759.0,SHIPPED
ORD000565,2025-12-03,New York,ENER25,30116.0,SHIPPED
ORD001491,16/10/2025,Chicago ,COLA33,28649.0,SHIPPED
ORD006455,2026-03-17,Boston,SPARK10,4979.0,SHIPPED
ORD004937,20/05/2026,Miami,JUICE10,5877.0,SHIPPED
ORD007517,20/05/2026, minneapolis,ENER25,11414.0,SHIPPED
ORD007468,03/12/2025,Minneapolis,ENER25,781.0,SHIPPED
ORD003164,2026-08-05,Phoenix,ENER25,23353.0,SHIPPED
ORD003827,2025-11-17,Atlanta,STILL15,11898.0,SHIPPED
ORD001831,13/01/2026,Chicago,ENER25,3113.0,SHIPPED
ORD002455,2025-12-22,Houston,ENER25,26057.0,SHIPPED
ORD002054,2026-04-02,Houston,SPARK10,6044.0,SHIPPED
ORD002756,2025-09-17,Phoenix,COLA33,55362.0,SHIPPED
ORD000457,2025-11-25,New York,JUICE10,5614.0,SHIPPED
ORD004933,05/05/2026,MIAMI,JUICE10,2698.0,SHIPPED
ORD000740,2026-06-30,Los Angeles ,STILL15,6612.0,SHIPPED
ORD004434,2026-08-07,Atlanta,ENER25,17366.0,SHIPPED
ORD004943,2026-06-05,Miami,JUICE10,4626.0,SHIPPED
ORD001115,09/02/2026,Los Angeles,JUICE10,10224.0,SHIPPED
ORD001325,2026-03-11,Chicago,STILL15,22397.0,SHIPPED
ORD007459,12/11/2025,Minneapolis,ENER25,3783.0,SHIPPED
ORD003354,20/04/2026,Philadelphia,SPARK10,14889.0,SHIPPED
ORD002404,30/06/2026, houston,JUICE10,2759.0,SHIPPED
ORD001265,19/08/2026,Los Angeles,ENER25,30023.0,SHIPPED
ORD007740,2026-06-25,DETROIT,SPARK10,3573.0,SHIPPED
ORD002180,2026-05-27, houston,COLA33,15860.0,SHIPPED
ORD005661,17/07/2026,SEATTLE,ENER25,14247.0,SHIPPED
ORD006067,2026-05-08,Denver,TEA50,10521.0,SHIPPED
ORD003302,2025-10-28,Philadelphia,SPARK10,12975.0,SHIPPED
ORD004582,2025-11-24,Miami,SPARK10,1932.0,SHIPPED
ORD007434,18/08/2026,Minneapolis,JUICE10,912.0,SHIPPED
ORD004934,05/05/2026,MIAMI,JUICE10,2469.0,SHIPPED
ORD000251,01/01/2026,New York,COLA33,630.0,SHIPPED
ORD008163,24/06/2026,Detroit,ENER25,8863.0,SHIPPED
ORD000695,2026-02-09, los angeles,STILL15,12235.0,SHIPPED
ORD004773,2025-11-04,Miami,TEA50,38695.0,SHIPPED
ORD005700,27/11/2025,Denver,STILL15,10462.0,SHIPPED
ORD003248,2026-04-20,Philadelphia,STILL15,1004.0,SHIPPED
ORD003628,2026-01-28,Philadelphia,JUICE10,3296.0,SHIPPED
ORD006988,2026-04-03,MINNEAPOLIS,STILL15,1669.0,SHIPPED
ORD001449,15/05/2026, chicago,SPARK10,15363.0,SHIPPED
ORD000650,22/09/2025,Los Angeles,STILL15,9469.0,SHIPPED
ORD008061,2026-07-10,Detroit,JUICE10,7917.0,SHIPPED
ORD005231,10/06/2026,Seattle ,SPARK10,4144.0,SHIPPED
ORD005738,23/03/2026,DENVER,STILL15,1113.0,SHIPPED
ORD003339,09/03/2026,Philadelphia,SPARK10,5096.0,SHIPPED
ORD000545,2025-09-16,New York,ENER25,10192.0,SHIPPED
ORD002923,2026-04-08,Phoenix,TEA50,652.0,SHIPPED
ORD000078,2026-06-09,NEW YORK,STILL15,4779.0,SHIPPED
ORD006200,2026-08-25,DENVER,JUICE10,8909.0,SHIPPED
ORD005521,17/04/2026,Seattle ,JUICE10,8391.0,SHIPPED
ORD004121,2026-08-21,ATLANTA,COLA33,11663.0,SHIPPED
ORD005927,06/02/2026,Denver,COLA33,46858.0,SHIPPED
ORD000202,08/07/2026, new york,SPARK10,1417.0,SHIPPED
ORD008338,2026-03-03,San Francisco,SPARK10,547.0,SHIPPED
ORD006270,2026-06-08,DENVER,ENER25,6785.0,SHIPPED
ORD003906,2025-09-03,Atlanta,SPARK10,27817.0,SHIPPED
ORD006269,2026-06-01,Denver,ENER25,2969.0,SHIPPED
ORD003552,2026-05-08,PHILADELPHIA,TEA50,3925.0,SHIPPED
ORD003050,23/06/2026,Phoenix,JUICE10,12942.0,SHIPPED
ORD008224,2026-01-09,San Francisco,STILL15,19458.0,SHIPPED
ORD005076,22/10/2025,Seattle,STILL15,11350.0,SHIPPED
ORD004461,2025-10-28,Miami,STILL15,23374.0,SHIPPED
ORD007951,27/07/2026,DETROIT,TEA50,8238.0,SHIPPED
ORD006795,2026-06-10,Boston,JUICE10,3465.0,SHIPPED
ORD004498,2026-02-27,Miami,STILL15,16923.0,SHIPPED
ORD006638,19/12/2025,BOSTON,TEA50,7782.0,SHIPPED
ORD002149,2026-01-19,HOUSTON,COLA33,103701.0,SHIPPED
ORD002657,2025-10-07,Phoenix,SPARK10,28479.0,SHIPPED
ORD006607,2026-08-25,Boston,COLA33,40008.0,SHIPPED
ORD008888,24/04/2026,Minneapolis ,TEA50,638.0,CANCELLED
ORD004939,2026-05-18,MIAMI,JUICE10,2813.0,SHIPPED
ORD003556,12/05/2026,PHILADELPHIA,TEA50,2405.0,SHIPPED
ORD008096,05/11/2025,DETROIT,ENER25,13927.0,SHIPPED
ORD004017,2025-09-03,Atlanta,COLA33,6654.0,SHIPPED
ORD004147,2025-12-01,Atlanta,TEA50,20431.0,SHIPPED
ORD005351,2026-08-11,Seattle,COLA33,51974.0,SHIPPED
ORD008502,2025-09-29,San Francisco,TEA50,17573.0,SHIPPED
ORD005695,2025-11-12,Denver,STILL15,11771.0,SHIPPED
ORD003776,25/05/2026,PHILADELPHIA,ENER25,6617.0,SHIPPED
ORD003796,06/08/2026,Philadelphia,ENER25,967.0,SHIPPED
ORD000918,2026-03-06,Los Angeles,COLA33,70784.0,SHIPPED
ORD006047,2026-03-19,DENVER,TEA50,250.0,SHIPPED
ORD000084,2026-07-10, new york,STILL15,31580.0,SHIPPED
ORD006890,14/04/2026,Boston,ENER25,2837.0,SHIPPED
ORD001891,2026-07-28,Chicago,ENER25,34915.0,SHIPPED
ORD001801,2025-09-23,Chicago,ENER25,44359.0,SHIPPED
ORD004163,2026-01-20,Atlanta,TEA50,9099.0,SHIPPED
ORD006555,10/03/2026,BOSTON,COLA33,25691.0,SHIPPED
ORD008608,2025-10-09,San Francisco,JUICE10,4620.0,SHIPPED
ORD002942,03/06/2026, phoenix,TEA50,8491.0,SHIPPED
ORD002515,2026-06-08,Houston,ENER25,32044.0,SHIPPED
ORD001843,2026-02-20,CHICAGO,ENER25,6945.0,SHIPPED
ORD002895,21/01/2026,Phoenix,TEA50,1385.0,SHIPPED
ORD004462,2025-11-04,Miami,STILL15,20056.0,SHIPPED
ORD004593,2026-01-05,Miami,SPARK10,21001.0,SHIPPED
ORD007461,19/11/2025,Minneapolis,ENER25,18908.0,SHIPPED
ORD004560,18/09/2025,Miami,SPARK10,201.0,SHIPPED
ORD006253,2026-03-27, denver,ENER25,21538.0,SHIPPED
ORD002738,2026-07-21,Phoenix,SPARK10,172.0,SHIPPED
ORD008238,2026-02-16, san francisco,STILL15,23048.0,SHIPPED
ORD005400,2026-02-05,Seattle,TEA50,6574.0,SHIPPED
ORD004825,2026-06-05,Miami,TEA50,11392.0,SHIPPED
ORD003652,2026-04-17,Philadelphia ,JUICE10,7527.0,SHIPPED
ORD005810,2025-11-28, denver,SPARK10,8371.0,SHIPPED
ORD002056,2026-04-10,Houston,SPARK10,196.0,SHIPPED
ORD001028,02/04/2026,Los Angeles,TEA50,14308.0,SHIPPED
ORD008224,2026-01-09,San Francisco,STILL15,19458.0,SHIPPED
ORD002363,2026-02-10,Houston,JUICE10,12754.0,SHIPPED
ORD003377,2026-07-14,Philadelphia,SPARK10,2953.0,SHIPPED
ORD004522,28/04/2026,MIAMI,STILL15,2008.0,SHIPPED
ORD004040,20/11/2025,Atlanta,COLA33,130719.0,SHIPPED
ORD000306,2026-07-23,New York,COLA33,5079.0,SHIPPED
ORD006072,21/05/2026,Denver,TEA50,17103.0,SHIPPED
ORD000146,2026-01-12, new york,SPARK10,32729.0,SHIPPED
ORD007079,2026-01-27, minneapolis,SPARK10,2684.0,SHIPPED
ORD004309,2026-06-11,Atlanta,JUICE10,7043.0,SHIPPED
ORD002462,2026-01-09,HOUSTON,ENER25,20219.0,SHIPPED
ORD008108,2025-12-09,Detroit,ENER25,21868.0,SHIPPED
ORD005625,2026-03-20,Seattle,ENER25,254.0,SHIPPED
ORD001634,06/02/2026,Chicago,TEA50,16738.0,SHIPPED
ORD000735,2026-06-17, los angeles,STILL15,7524.0,SHIPPED
ORD002508,2026-05-15,Houston,ENER25,19932.0,SHIPPED
ORD006373,2026-06-09,Boston,STILL15,82.0,SHIPPED
ORD001291,2025-11-19, chicago,STILL15,25411.0,SHIPPED
ORD002417,2026-08-12,Houston,JUICE10,7224.0,SHIPPED
ORD008995,08/09/2025,Seattle,ENER25,,SHIPPED
ORD002544,2025-09-11,PHOENIX,STILL15,79.0,SHIPPED
ORD007771,2025-11-04,Detroit,COLA33,69239.0,SHIPPED
ORD007905,17/02/2026, detroit,TEA50,9339.0,SHIPPED
ORD000606,2026-04-16,New York,ENER25,60790.0,SHIPPED
ORD005461,03/09/2025,SEATTLE,JUICE10,12116.0,SHIPPED
ORD008961,25/06/2026,Detroit,STILL15,165.0,CANCELLED
ORD008962,05/01/2026,Atlanta,ENER25,14710.0,CANCELLED
ORD001150,2026-07-24,Los Angeles,JUICE10,11880.0,SHIPPED
ORD005267,20/10/2025,SEATTLE,COLA33,13673.0,SHIPPED
ORD003369,2026-06-12,Philadelphia,SPARK10,17544.0,SHIPPED
ORD007124,20/07/2026,Minneapolis,SPARK10,12057.0,SHIPPED
ORD003163,2026-07-30,PHOENIX,ENER25,16263.0,SHIPPED
ORD000965,2026-08-10,LOS ANGELES,COLA33,5289.0,SHIPPED
ORD008519,26/11/2025,San Francisco,TEA50,10234.0,SHIPPED
ORD004185,06/04/2026,Atlanta,TEA50,19892.0,SHIPPED
ORD005487,2025-12-15,SEATTLE,JUICE10,5926.0,SHIPPED
ORD007177,06/03/2026,Minneapolis ,COLA33,6139.0,SHIPPED
ORD003478,2026-07-13,Philadelphia,COLA33,74754.0,SHIPPED
ORD004698,2026-01-19,Miami,COLA33,15886.0,SHIPPED
ORD003807,10/09/2025,Atlanta,STILL15,28099.0,SHIPPED
ORD006502,01/09/2025,Boston,COLA33,42671.0,SHIPPED
ORD000122,2025-11-04,New York,SPARK10,4642.0,SHIPPED
ORD008223,08/01/2026,San Francisco,STILL15,8379.0,SHIPPED
ORD008091,2025-10-24,Detroit ,ENER25,5017.0,SHIPPED
ORD000043,2026-01-26,New York,STILL15,1952.0,SHIPPED
ORD006487,2026-06-25,Boston,SPARK10,11487.0,SHIPPED
ORD002777,2025-11-27,Phoenix,COLA33,65337.0,SHIPPED
ORD005159,2025-09-11,SEATTLE,SPARK10,5439.0,SHIPPED
ORD008543,2026-03-05,San Francisco,TEA50,11954.0,SHIPPED
ORD005072,2025-09-29,SEATTLE,STILL15,8760.0,SHIPPED
ORD000331,2025-10-23,New York,TEA50,36711.0,SHIPPED
ORD006500,2026-08-26,Boston ,SPARK10,5539.0,SHIPPED
ORD007999,2025-12-26,DETROIT,JUICE10,4746.0,SHIPPED
ORD004378,15/01/2026,Atlanta,ENER25,7734.0,SHIPPED
ORD001475,2026-08-20, chicago,SPARK10,6570.0,SHIPPED
ORD004038,2025-11-11,Atlanta ,COLA33,53141.0,SHIPPED
ORD004156,05/01/2026,Atlanta,TEA50,14014.0,SHIPPED
ORD005758,2026-05-26,Denver ,STILL15,8640.0,SHIPPED
ORD005380,2025-11-13,Seattle ,TEA50,8458.0,SHIPPED
ORD005388,2025-12-26,Seattle,TEA50,9607.0,SHIPPED
ORD004070,2026-03-05,Atlanta,COLA33,31257.0,SHIPPED
ORD001578,2026-07-31,Chicago,COLA33,98153.0,SHIPPED
ORD000033,2025-12-24,New York,STILL15,27846.0,SHIPPED
ORD003644,2026-03-16, philadelphia,JUICE10,3802.0,SHIPPED
ORD007835,2026-06-10,Detroit,COLA33,61701.0,SHIPPED
ORD008578,2026-06-25, san francisco,TEA50,1275.0,SHIPPED
ORD008697,2026-07-22,San Francisco,JUICE10,6179.0,SHIPPED
ORD007182,2026-03-18,Minneapolis,COLA33,47896.0,SHIPPED
ORD001971,2026-05-18, houston,STILL15,10379.0,SHIPPED
ORD008714,2025-09-30,San Francisco,ENER25,7439.0,SHIPPED
ORD004081,2026-03-31,ATLANTA,COLA33,28503.0,SHIPPED
ORD000228,2025-10-14,New York,COLA33,202678.0,SHIPPED
ORD005564,2025-09-02,SEATTLE,ENER25,5940.0,SHIPPED
ORD003110,2026-01-29,Phoenix,ENER25,15210.0,SHIPPED
ORD003749,03/03/2026,Philadelphia,ENER25,11411.0,SHIPPED
ORD002922,2026-04-07,Phoenix,TEA50,19922.0,SHIPPED
ORD008609,2025-10-10,San Francisco,JUICE10,3834.0,SHIPPED
ORD002181,2026-05-29,HOUSTON,COLA33,29771.0,SHIPPED
ORD004891,05/01/2026,MIAMI,JUICE10,3982.0,SHIPPED
ORD007710,2026-03-20,Detroit,SPARK10,3212.0,SHIPPED
ORD003857,09/03/2026,Atlanta,STILL15,178.0,SHIPPED
ORD006994,2026-04-21, minneapolis,STILL15,5688.0,SHIPPED
ORD008082,2025-09-25,Detroit,ENER25,22982.0,SHIPPED
ORD000439,2025-09-30,New York,JUICE10,10002.0,SHIPPED
ORD007935,2026-05-27, detroit,TEA50,7581.0,SHIPPED
ORD003495,2025-09-24,Philadelphia,TEA50,6612.0,SHIPPED
ORD005271,03/11/2025,Seattle,COLA33,19357.0,SHIPPED
ORD005463,2025-09-08,Seattle,JUICE10,6471.0,SHIPPED
ORD006572,2026-04-27, boston,COLA33,53716.0,SHIPPED
ORD001056,2026-07-24,Los Angeles,TEA50,13006.0,SHIPPED
ORD005801,07/11/2025,DENVER,SPARK10,1742.0,SHIPPED
ORD007507,2026-04-22,Minneapolis,ENER25,6512.0,SHIPPED
ORD006973,2026-02-26,MINNEAPOLIS,STILL15,4583.0,SHIPPED
ORD003096,12/12/2025,Phoenix ,ENER25,727.0,SHIPPED
ORD006250,17/03/2026,DENVER,ENER25,10364.0,SHIPPED
ORD006664,2026-03-31,Boston,TEA50,1727.0,SHIPPED
ORD000410,2026-06-22,New York ,TEA50,1522.0,SHIPPED
ORD000273,2026-03-11,NEW YORK,COLA33,50284.0,SHIPPED
ORD003067,2026-08-27,Phoenix ,JUICE10,3527.0,SHIPPED
ORD008257,14/04/2026,San Francisco,STILL15,121.0,SHIPPED
ORD008202,2025-10-28,SAN FRANCISCO,STILL15,3450.0,SHIPPED
ORD006654,2026-02-24,Boston ,TEA50,8325.0,SHIPPED
ORD007241,10/10/2025,Minneapolis,TEA50,186.0,SHIPPED
ORD001790,2026-08-21,CHICAGO,JUICE10,117.0,SHIPPED
ORD002625,2026-06-08,Phoenix ,STILL15,19608.0,SHIPPED
ORD001036,2026-05-06,Los Angeles,TEA50,33570.0,SHIPPED
ORD008184,05/09/2025, san francisco,STILL15,13379.0,SHIPPED
ORD002120,2025-10-16,Houston ,COLA33,46519.0,SHIPPED
ORD002542,11/09/2025,Phoenix,STILL15,723.0,SHIPPED
ORD006827,16/09/2025,Boston,ENER25,11119.0,SHIPPED
ORD004339,2025-09-03,Atlanta ,ENER25,764.0,SHIPPED
ORD005459,2026-08-24, seattle,TEA50,12658.0,SHIPPED
ORD005750,2026-04-30,Denver,STILL15,7093.0,SHIPPED
ORD008118,07/01/2026,Detroit,ENER25,7040.0,SHIPPED
ORD005205,2026-03-19,SEATTLE,SPARK10,760.0,SHIPPED
ORD004842,2026-07-14, miami,TEA50,12863.0,SHIPPED
ORD000403,2026-06-02,New York,TEA50,28777.0,SHIPPED
ORD004979,2025-10-29,Miami,ENER25,34199.0,SHIPPED
ORD005942,2026-03-13,Denver,COLA33,24560.0,SHIPPED
ORD006174,2026-05-21,Denver,JUICE10,4031.0,SHIPPED
ORD005649,28/05/2026,Seattle ,ENER25,10962.0,SHIPPED
ORD005253,02/09/2025,Seattle,COLA33,65778.0,SHIPPED
ORD007739,23/06/2026,Detroit,SPARK10,4632.0,SHIPPED
ORD003320,2026-01-09,Philadelphia,SPARK10,26201.0,SHIPPED
ORD006081,24/06/2026,Denver,TEA50,16679.0,SHIPPED
ORD003940,2025-12-11,Atlanta,SPARK10,20733.0,SHIPPED
ORD000564,2025-11-25,New York,ENER25,14303.0,SHIPPED
ORD005170,30/10/2025,Seattle,SPARK10,9677.0,SHIPPED
ORD006544,2026-01-22,Boston,COLA33,80798.0,SHIPPED
ORD005056,27/07/2026,Miami,ENER25,23251.0,SHIPPED
ORD005669,2026-08-20,Seattle,ENER25,22381.0,SHIPPED
ORD008273,18/06/2026,SAN FRANCISCO,STILL15,9476.0,SHIPPED
ORD007007,27/05/2026,Minneapolis,STILL15,4520.0,SHIPPED
ORD002622,2026-05-27,Phoenix,STILL15,4177.0,SHIPPED
ORD003880,25/05/2026,Atlanta,STILL15,12588.0,SHIPPED
ORD000515,2026-05-26,New York,JUICE10,5802.0,SHIPPED
ORD005829,06/02/2026,DENVER,SPARK10,1674.0,SHIPPED
ORD007920,13/04/2026,Detroit,TEA50,3749.0,SHIPPED
ORD002992,2025-12-08,Phoenix,JUICE10,5790.0,SHIPPED
ORD004755,26/08/2026,Miami,COLA33,88102.0,SHIPPED
ORD002656,2025-09-29,Phoenix,SPARK10,5641.0,SHIPPED
ORD004778,2025-11-24,MIAMI,TEA50,29383.0,SHIPPED
ORD000217,17/09/2025,New York ,COLA33,41238.0,SHIPPED
ORD006527,2025-11-24, boston,COLA33,12835.0,SHIPPED
ORD002113,26/09/2025,Houston,COLA33,22237.0,SHIPPED
ORD002609,14/04/2026,Phoenix,STILL15,3483.0,SHIPPED
ORD007730,2026-05-26,Detroit,SPARK10,4107.0,SHIPPED
ORD002826,29/05/2026,Phoenix ,COLA33,49794.0,SHIPPED
ORD001630,19/01/2026, chicago,TEA50,21639.0,SHIPPED
ORD000902,29/12/2025,Los Angeles,COLA33,22508.0,SHIPPED
ORD003837,2025-12-22,Atlanta,STILL15,3195.0,SHIPPED
ORD003915,2025-09-24, atlanta,SPARK10,13845.0,SHIPPED
ORD000472,12/01/2026, new york,JUICE10,14783.0,SHIPPED
ORD001267,2026-08-18,Los Angeles,ENER25,6954.0,SHIPPED
ORD002424,2025-09-02,Houston,ENER25,20200.0,SHIPPED
ORD000910,2026-01-27,Los Angeles,COLA33,108312.0,SHIPPED
ORD007254,19/11/2025,Minneapolis,TEA50,14780.0,SHIPPED
ORD002898,2026-01-26, phoenix,TEA50,6908.0,SHIPPED
ORD005030,15/05/2026,Miami,ENER25,35713.0,SHIPPED
ORD002736,2026-07-13,Phoenix,SPARK10,7744.0,SHIPPED
ORD005494,2026-01-08,Seattle,JUICE10,2343.0,SHIPPED
ORD006867,2026-02-12,Boston,ENER25,14620.0,SHIPPED
ORD000054,2026-03-17,New York,STILL15,61906.0,SHIPPED
ORD005901,23/10/2025,Denver,COLA33,33508.0,SHIPPED
ORD000829,2026-05-13,Los Angeles,SPARK10,56666.0,SHIPPED
ORD001505,2025-11-24,CHICAGO,COLA33,105705.0,SHIPPED
ORD001157,04/08/2026, los angeles,JUICE10,11314.0,SHIPPED
ORD004746,2026-07-08,Miami,COLA33,56282.0,SHIPPED
ORD005593,02/12/2025, seattle,ENER25,2325.0,SHIPPED
ORD003074,10/09/2025,Phoenix,ENER25,2449.0,SHIPPED
ORD003431,2026-01-30,Philadelphia,COLA33,31176.0,SHIPPED
ORD004352,14/10/2025,Atlanta,ENER25,4024.0,SHIPPED
ORD004323,15/07/2026,ATLANTA,JUICE10,3127.0,SHIPPED
ORD003863,2026-04-02,ATLANTA,STILL15,10329.0,SHIPPED
ORD000625,2026-06-09,NEW YORK,ENER25,42872.0,SHIPPED
ORD001794,05/09/2025,Chicago,ENER25,40348.0,SHIPPED
ORD000663,2025-10-22,Los Angeles,STILL15,14346.0,SHIPPED
ORD008343,2026-03-17,San Francisco,SPARK10,10488.0,SHIPPED
ORD006553,2026-02-27,Boston,COLA33,67856.0,SHIPPED
ORD003059,29/07/2026,Phoenix,JUICE10,1412.0,SHIPPED
ORD005504,19/02/2026, seattle,JUICE10,2144.0,SHIPPED
ORD007743,07/07/2026,Detroit,SPARK10,14550.0,SHIPPED
ORD006101,10/09/2025,Denver,JUICE10,5660.0,SHIPPED
ORD004222,07/08/2026,Atlanta,TEA50,2843.0,SHIPPED
ORD007305,2026-05-29,Minneapolis,TEA50,8488.0,SHIPPED
ORD005362,2025-09-26,Seattle,TEA50,4950.0,SHIPPED
ORD007544,2026-08-26,Minneapolis,ENER25,6375.0,SHIPPED
ORD000621,2026-05-27,New York ,ENER25,4669.0,SHIPPED
ORD005156,2026-08-26,Seattle,STILL15,10004.0,SHIPPED
ORD003409,2025-11-13,Philadelphia ,COLA33,31574.0,SHIPPED
ORD000690,30/01/2026, los angeles,STILL15,19149.0,SHIPPED
ORD002277,2026-04-22,Houston,TEA50,33098.0,SHIPPED
ORD007677,2025-11-19,Detroit,SPARK10,11128.0,SHIPPED
ORD002925,2026-04-15,Phoenix,TEA50,16087.0,SHIPPED
ORD005340,06/07/2026,SEATTLE,COLA33,9530.0,SHIPPED
ORD004826,04/06/2026,Miami,TEA50,2348.0,SHIPPED
ORD001045,15/06/2026,Los Angeles,TEA50,28653.0,SHIPPED
ORD001856,2026-04-06,Chicago ,ENER25,18936.0,SHIPPED
ORD007187,2026-04-03,Minneapolis,COLA33,999.0,SHIPPED
ORD006112,14/10/2025,Denver,JUICE10,832.0,SHIPPED
ORD003833,2025-12-11,Atlanta,STILL15,22701.0,SHIPPED
ORD002128,18/11/2025,Houston ,COLA33,19646.0,SHIPPED
ORD005709,22/12/2025, denver,STILL15,20522.0,SHIPPED
ORD006392,2026-08-10,Boston,STILL15,7539.0,SHIPPED
ORD006230,15/12/2025,Denver,ENER25,8085.0,SHIPPED
ORD001612,2025-11-20,Chicago,TEA50,3966.0,SHIPPED
ORD004946,2026-06-09, miami,JUICE10,8673.0,SHIPPED
ORD003220,12/02/2026,PHILADELPHIA,STILL15,14299.0,SHIPPED
ORD008651,2026-02-24,San Francisco,JUICE10,3497.0,SHIPPED
ORD007826,29/04/2026, detroit,COLA33,15425.0,SHIPPED
ORD008982,16/06/2026,Miami,TEA50,5169.0,CANCELLED
ORD007196,08/05/2026, minneapolis,COLA33,6676.0,SHIPPED
ORD002646,2026-08-28,Phoenix,STILL15,15811.0,SHIPPED
ORD002232,2025-11-12, houston,TEA50,14762.0,SHIPPED
ORD008011,2026-01-20,Detroit,JUICE10,6555.0,SHIPPED
ORD000098,2026-08-21,New York,STILL15,50204.0,SHIPPED
ORD004574,30/10/2025,Miami,SPARK10,19590.0,SHIPPED
ORD005023,2026-04-06,Miami,ENER25,43001.0,SHIPPED
ORD008420,2025-12-18,San Francisco,COLA33,3516.0,SHIPPED
ORD004064,2026-02-12, atlanta,COLA33,99116.0,SHIPPED
ORD005137,18/06/2026,Seattle,STILL15,15795.0,SHIPPED
ORD002949,2026-06-24,Phoenix,TEA50,4934.0,SHIPPED
ORD000127,19/11/2025,New York,SPARK10,756.0,SHIPPED
ORD007565,31/10/2025, detroit,STILL15,3915.0,SHIPPED
ORD005379,10/11/2025,Seattle,TEA50,3716.0,SHIPPED
ORD003734,06/01/2026,Philadelphia,ENER25,29754.0,SHIPPED
ORD000534,2026-07-31,New York ,JUICE10,13182.0,SHIPPED
ORD002368,2026-03-05,Houston,JUICE10,13189.0,SHIPPED
ORD008966,2026-02-10,CHICAGO,STILL15,6494.0,CANCELLED
ORD001304,2025-12-24,Chicago,STILL15,5611.0,SHIPPED
ORD002258,03/02/2026,Houston,TEA50,2223.0,SHIPPED
ORD003910,17/09/2025,Atlanta,SPARK10,2203.0,SHIPPED
ORD004529,21/05/2026,Miami,STILL15,4415.0,SHIPPED
ORD008775,17/04/2026,San Francisco,ENER25,1666.0,SHIPPED
ORD005613,04/02/2026,Seattle,ENER25,12120.0,SHIPPED
ORD008389,2026-08-19,San Francisco ,SPARK10,1612.0,SHIPPED
ORD002577,2025-12-30,Phoenix,STILL15,5788.0,SHIPPED
ORD002160,2026-03-09,Houston,COLA33,49448.0,SHIPPED
ORD000593,2026-02-24,New York,ENER25,49078.0,SHIPPED
ORD007622,2026-05-08, detroit,STILL15,11526.0,SHIPPED
ORD006543,2026-01-15,Boston ,COLA33,100173.0,SHIPPED
ORD007548,02/09/2025, detroit,STILL15,159.0,SHIPPED
ORD005366,2025-10-09,Seattle,TEA50,17241.0,SHIPPED
ORD008452,2026-04-03,San Francisco,COLA33,100815.0,SHIPPED
ORD005737,2026-03-17,Denver,STILL15,1232.0,SHIPPED
ORD008677,2026-05-26,San Francisco,JUICE10,2739.0,SHIPPED
ORD006864,27/01/2026,Boston,ENER25,24805.0,SHIPPED
ORD001703,2025-10-07, chicago,JUICE10,15244.0,SHIPPED
ORD005085,2025-11-25,Seattle,STILL15,6387.0,SHIPPED
ORD006513,2025-10-02,Boston,COLA33,47213.0,SHIPPED
ORD008071,13/08/2026,Detroit,JUICE10,2375.0,SHIPPED
ORD008644,02/02/2026,San Francisco,JUICE10,8046.0,SHIPPED
ORD008548,18/03/2026,San Francisco,TEA50,229.0,SHIPPED
ORD006785,2026-05-11,Boston,JUICE10,4269.0,SHIPPED
ORD006007,31/10/2025,Denver,TEA50,4669.0,SHIPPED
ORD007811,17/03/2026,Detroit,COLA33,57440.0,SHIPPED
ORD005722,02/02/2026,Denver,STILL15,3126.0,SHIPPED
ORD003017,2026-03-03, phoenix,JUICE10,7964.0,SHIPPED
ORD003931,2025-11-11,Atlanta,SPARK10,11287.0,SHIPPED
ORD004475,2025-12-17,Miami ,STILL15,14864.0,SHIPPED
ORD007542,2026-08-13,Minneapolis,ENER25,9397.0,SHIPPED
ORD000905,16/01/2026,Los Angeles,COLA33,16668.0,SHIPPED
ORD002636,17/07/2026,PHOENIX,STILL15,7869.0,SHIPPED
ORD002302,2026-07-29,Houston,TEA50,2783.0,SHIPPED
ORD001869,13/05/2026,Chicago,ENER25,10735.0,SHIPPED
ORD001932,2025-12-17,Houston,STILL15,15755.0,SHIPPED
ORD007156,18/11/2025,Minneapolis,COLA33,16595.0,SHIPPED
ORD001370,29/07/2026,Chicago,STILL15,8831.0,SHIPPED
ORD004757,2025-09-08,Miami,TEA50,6232.0,SHIPPED
ORD002191,19/06/2026, houston,COLA33,10693.0,SHIPPED
ORD008934,12/03/2026,Detroit,STILL15,12444.0,CANCELLED
ORD001357,19/06/2026,CHICAGO,STILL15,677.0,SHIPPED
ORD007363,2025-12-15,Minneapolis,JUICE10,912.0,SHIPPED
ORD001201,2025-12-23, los angeles,ENER25,17764.0,SHIPPED
ORD008866,18/11/2025,Detroit,JUICE10,901.0,CANCELLED
ORD001872,25/05/2026,Chicago,ENER25,22192.0,SHIPPED
ORD005981,2026-08-07,Denver,COLA33,63503.0,SHIPPED
ORD002439,2025-10-21,Houston,ENER25,3415.0,SHIPPED
ORD001607,2025-11-07,Chicago,TEA50,21975.0,SHIPPED
ORD000354,2026-01-02,New York,TEA50,18077.0,SHIPPED
ORD001503,19/11/2025,Chicago,COLA33,67797.0,SHIPPED
ORD007379,2026-02-03,Minneapolis,JUICE10,975.0,SHIPPED
ORD003109,30/01/2026,Phoenix,ENER25,6798.0,SHIPPED
ORD002808,2026-03-18,Phoenix,COLA33,34481.0,SHIPPED
ORD004235,19/09/2025, atlanta,JUICE10,4193.0,SHIPPED
ORD006050,2026-03-27,Denver,TEA50,973.0,SHIPPED
ORD002540,2025-09-02,Phoenix,STILL15,4743.0,SHIPPED
ORD004096,2026-06-04,Atlanta,COLA33,68490.0,SHIPPED
ORD008211,2025-11-26,San Francisco,STILL15,23710.0,SHIPPED
ORD001334,06/04/2026,Chicago,STILL15,31262.0,SHIPPED
ORD003831,24/11/2025, atlanta,STILL15,7068.0,SHIPPED
ORD008363,03/06/2026,San Francisco,SPARK10,4539.0,SHIPPED
ORD002086,09/07/2026,Houston,SPARK10,19769.0,SHIPPED
ORD006646,22/01/2026, boston,TEA50,6248.0,SHIPPED
ORD006834,10/10/2025,Boston ,ENER25,7541.0,SHIPPED
ORD006282,2026-07-14,Denver,ENER25,11439.0,SHIPPED
ORD002865,24/10/2025,Phoenix,TEA50,3567.0,SHIPPED
ORD003974,2026-04-20,Atlanta,SPARK10,7987.0,SHIPPED
ORD002132,2025-12-05,Houston,COLA33,70270.0,SHIPPED
ORD004453,10/10/2025,Miami,STILL15,9021.0,SHIPPED
ORD000126,12/11/2025,New York ,SPARK10,14782.0,SHIPPED
ORD001419,2026-01-27, chicago,SPARK10,1806.0,SHIPPED
ORD003765,13/04/2026,Philadelphia,ENER25,27893.0,SHIPPED
ORD004824,27/05/2026,Miami ,TEA50,21290.0,SHIPPED
ORD008489,14/08/2026,San Francisco,COLA33,41102.0,SHIPPED
ORD003719,2025-11-07,Philadelphia,ENER25,28863.0,SHIPPED
ORD006288,2026-08-04, denver,ENER25,27086.0,SHIPPED
ORD005183,25/12/2025, seattle,SPARK10,3805.0,SHIPPED
ORD001769,2026-06-02,Chicago,JUICE10,4243.0,SHIPPED
ORD003120,09/03/2026,Phoenix ,ENER25,20614.0,SHIPPED
ORD005688,2025-10-14,Denver,STILL15,13023.0,SHIPPED
ORD004876,07/11/2025,Miami,JUICE10,8399.0,SHIPPED
ORD006507,2025-09-19,Boston,COLA33,65322.0,SHIPPED
ORD000952,2026-06-17,Los Angeles,COLA33,111486.0,SHIPPED
ORD007796,28/01/2026,Detroit,COLA33,25937.0,SHIPPED
ORD007648,2026-08-04,Detroit,STILL15,8160.0,SHIPPED
ORD002254,27/01/2026,Houston,TEA50,878.0,SHIPPED
ORD002362,13/02/2026,HOUSTON,JUICE10,3069.0,SHIPPED
ORD008643,05/02/2026,San Francisco,JUICE10,531.0,SHIPPED
ORD005438,2026-06-12,Seattle ,TEA50,3253.0,SHIPPED
ORD005850,2026-04-16,Denver ,SPARK10,5182.0,SHIPPED
ORD000635,2026-07-16,New York,ENER25,29003.0,SHIPPED
ORD002104,2025-09-04,Houston ,COLA33,89595.0,SHIPPED
ORD003082,2025-10-22,PHOENIX,ENER25,2956.0,SHIPPED
ORD000551,2025-10-07, new york,ENER25,41822.0,SHIPPED
ORD008068,2026-08-06,Detroit,JUICE10,1116.0,SHIPPED
ORD008827,2026-04-16,Philadelphia ,COLA33,69040.0,CANCELLED
ORD000305,2026-07-21,New York,COLA33,112123.0,SHIPPED
ORD004253,12/11/2025,Atlanta,JUICE10,3827.0,SHIPPED
ORD008965,2026-05-13,Atlanta ,STILL15,10793.0,CANCELLED
ORD002078,2026-06-18,Houston,SPARK10,8577.0,SHIPPED
ORD005005,2026-01-26,Miami,ENER25,13658.0,SHIPPED
ORD003375,13/07/2026,Philadelphia,SPARK10,9583.0,SHIPPED
ORD005565,2025-09-03, seattle,ENER25,18325.0,SHIPPED
ORD004402,01/04/2026,Atlanta,ENER25,2251.0,SHIPPED
ORD005674,2025-09-02,Denver,STILL15,8113.0,SHIPPED
ORD001945,2026-02-02,HOUSTON,STILL15,7111.0,SHIPPED
ORD008776,2026-04-17,San Francisco,ENER25,5388.0,SHIPPED
ORD005984,11/08/2026,Denver,COLA33,19560.0,SHIPPED
ORD000395,2026-05-12,New York,TEA50,44391.0,SHIPPED
ORD006740,2025-12-16,Boston,JUICE10,7350.0,SHIPPED
ORD008427,2026-01-01, san francisco,COLA33,28285.0,SHIPPED
ORD004983,2025-11-13,Miami,ENER25,54519.0,SHIPPED
ORD007774,2025-11-10,Detroit,COLA33,3546.0,SHIPPED
ORD004545,2026-07-16, miami,STILL15,15549.0,SHIPPED
ORD003516,2025-12-19,PHILADELPHIA,TEA50,335.0,SHIPPED
ORD002287,2026-06-12,Houston,TEA50,22510.0,SHIPPED
ORD005858,2026-05-04,Denver,SPARK10,1803.0,SHIPPED
ORD008391,27/08/2026,San Francisco,SPARK10,10237.0,SHIPPED
ORD002390,21/05/2026,Houston ,JUICE10,1427.0,SHIPPED
ORD005606,2026-01-06,Seattle,ENER25,19408.0,SHIPPED
ORD003015,27/02/2026,Phoenix,JUICE10,13194.0,SHIPPED
ORD003983,20/05/2026, atlanta,SPARK10,26226.0,SHIPPED
ORD004302,2026-05-04,Atlanta,JUICE10,197.0,SHIPPED
ORD006290,2026-08-12,DENVER,ENER25,1607.0,SHIPPED
ORD007361,2025-12-11,Minneapolis,JUICE10,10821.0,SHIPPED
ORD002425,2025-09-03,HOUSTON,ENER25,13143.0,SHIPPED
ORD001465,2026-07-17,Chicago,SPARK10,31276.0,SHIPPED
ORD003032,2026-04-21,Phoenix,JUICE10,5474.0,SHIPPED
ORD004507,2026-03-26,Miami,STILL15,4982.0,SHIPPED
ORD003945,2025-12-25,Atlanta,SPARK10,13618.0,SHIPPED
ORD007238,01/10/2025,Minneapolis,TEA50,8826.0,SHIPPED
ORD002532,2026-07-30,Houston,ENER25,4882.0,SHIPPED
ORD006030,29/01/2026,Denver ,TEA50,19266.0,SHIPPED
ORD004863,17/09/2025,Miami,JUICE10,10300.0,SHIPPED
ORD002617,2026-05-05,Phoenix,STILL15,2209.0,SHIPPED
ORD000294,05/06/2026,New York,COLA33,19010.0,SHIPPED
ORD003057,23/07/2026,Phoenix,JUICE10,1392.0,SHIPPED
ORD003806,2025-09-10,Atlanta ,STILL15,6808.0,SHIPPED
ORD002398,19/06/2026, houston,JUICE10,22063.0,SHIPPED
ORD005711,2025-12-31,Denver,STILL15,4705.0,SHIPPED
ORD007404,2026-04-23,Minneapolis ,JUICE10,2724.0,SHIPPED
ORD004187,17/04/2026,Atlanta,TEA50,9480.0,SHIPPED
ORD001981,01/07/2026,Houston,STILL15,8121.0,SHIPPED
ORD003188,22/10/2025,Philadelphia,STILL15,4004.0,SHIPPED
ORD005215,2026-04-14,Seattle,SPARK10,1075.0,SHIPPED
ORD004280,2026-02-18,Atlanta,JUICE10,13106.0,SHIPPED
ORD004372,23/12/2025,Atlanta,ENER25,6156.0,SHIPPED
ORD006026,12/01/2026,Denver,TEA50,6428.0,SHIPPED
ORD007234,2025-09-15,Minneapolis,TEA50,6415.0,SHIPPED
ORD006960,2026-01-14,Minneapolis,STILL15,17333.0,SHIPPED
ORD008348,2026-04-09,San Francisco,SPARK10,330.0,SHIPPED
ORD002294,2026-07-07,Houston,TEA50,33416.0,SHIPPED
ORD008043,2026-05-15,Detroit,JUICE10,2061.0,SHIPPED
ORD003227,05/03/2026,Philadelphia,STILL15,15389.0,SHIPPED
ORD008157,2026-06-03,Detroit,ENER25,2820.0,SHIPPED
ORD002123,2025-10-24,HOUSTON,COLA33,13922.0,SHIPPED
ORD001015,2026-02-13,LOS ANGELES,TEA50,11925.0,SHIPPED
ORD007508,2026-05-01,Minneapolis ,ENER25,824.0,SHIPPED
ORD002638,2026-07-21,Phoenix,STILL15,6398.0,SHIPPED
ORD004570,2025-10-15, miami,SPARK10,7024.0,SHIPPED
ORD004470,2025-11-28,Miami,STILL15,6807.0,SHIPPED
ORD001148,2026-07-17,Los Angeles,JUICE10,7896.0,SHIPPED
ORD007891,2025-12-22, detroit,TEA50,746.0,SHIPPED
ORD004689,2025-12-23,Miami,COLA33,2172.0,SHIPPED
ORD008244,2026-03-10,San Francisco,STILL15,726.0,SHIPPED
ORD001137,2026-05-21,LOS ANGELES,JUICE10,12582.0,SHIPPED
ORD001954,2026-03-06, houston,STILL15,7017.0,SHIPPED
ORD002860,2025-09-22,Phoenix,TEA50,23149.0,SHIPPED
ORD007570,2025-11-14,Detroit,STILL15,762.0,SHIPPED
ORD001082,27/10/2025,Los Angeles,JUICE10,10735.0,SHIPPED
ORD007688,02/01/2026,Detroit,SPARK10,5387.0,SHIPPED
ORD004977,2025-10-20,MIAMI,ENER25,35134.0,SHIPPED
ORD007328,14/08/2026,Minneapolis,TEA50,1348.0,SHIPPED
ORD005933,2026-02-19,Denver,COLA33,17214.0,SHIPPED
ORD001269,28/08/2026,Los Angeles,ENER25,19510.0,SHIPPED
ORD005352,13/08/2026,SEATTLE,COLA33,28012.0,SHIPPED
ORD000021,2025-11-10,New York,STILL15,28681.0,SHIPPED
ORD003876,2026-05-13,Atlanta ,STILL15,8943.0,SHIPPED
ORD004365,05/12/2025,ATLANTA,ENER25,1151.0,SHIPPED
ORD005436,05/06/2026,Seattle,TEA50,4577.0,SHIPPED
ORD003953,2026-01-22,Atlanta,SPARK10,13139.0,SHIPPED
ORD002611,23/04/2026,Phoenix,STILL15,9449.0,SHIPPED
ORD001653,16/04/2026,Chicago,TEA50,20301.0,SHIPPED
ORD007303,2026-05-25,Minneapolis,TEA50,1445.0,SHIPPED
ORD007637,25/06/2026,Detroit ,STILL15,9462.0,SHIPPED
ORD002584,2026-01-21,Phoenix,STILL15,6892.0,SHIPPED
ORD006207,2025-09-25, denver,ENER25,16539.0,SHIPPED
ORD004433,31/07/2026,Atlanta ,ENER25,12202.0,SHIPPED
ORD003034,23/04/2026,Phoenix,JUICE10,2232.0,SHIPPED
ORD000890,2025-11-24, los angeles,COLA33,4539.0,SHIPPED
ORD006850,04/12/2025,Boston,ENER25,22942.0,SHIPPED
ORD008372,2026-07-01,San Francisco ,SPARK10,10459.0,SHIPPED
ORD001973,20/05/2026,Houston,STILL15,5406.0,SHIPPED
ORD001826,2026-01-02,Chicago,ENER25,1871.0,SHIPPED
ORD002512,2026-05-25,Houston,ENER25,37594.0,SHIPPED
ORD000692,05/02/2026,Los Angeles,STILL15,38925.0,SHIPPED
ORD005656,24/06/2026,Seattle,ENER25,12070.0,SHIPPED
ORD007208,2026-06-16,MINNEAPOLIS,COLA33,12629.0,SHIPPED
ORD001557,2026-05-27,Chicago,COLA33,42000.0,SHIPPED
ORD004148,12/12/2025,ATLANTA,TEA50,4062.0,SHIPPED
ORD000969,2026-08-27,Los Angeles,COLA33,41968.0,SHIPPED
ORD003083,2025-10-20,Phoenix,ENER25,22947.0,SHIPPED
ORD004172,20/02/2026,Atlanta,TEA50,11625.0,SHIPPED
ORD002768,03/11/2025,Phoenix,COLA33,73751.0,SHIPPED
ORD008255,17/04/2026,San Francisco,STILL15,6746.0,SHIPPED
ORD002742,27/07/2026,Phoenix,SPARK10,4729.0,SHIPPED
ORD003180,2025-09-25,Philadelphia,STILL15,4411.0,SHIPPED
ORD005276,2025-11-24,Seattle,COLA33,11030.0,SHIPPED
ORD003610,25/11/2025,Philadelphia,JUICE10,9556.0,SHIPPED
ORD002062,2026-05-01,Houston,SPARK10,17497.0,SHIPPED
ORD005707,2025-12-15,Denver,STILL15,13036.0,SHIPPED
ORD004277,11/02/2026,Atlanta,JUICE10,65.0,SHIPPED
ORD001772,2026-06-15,Chicago,JUICE10,14027.0,SHIPPED
ORD006126,24/11/2025, denver,JUICE10,609.0,SHIPPED
ORD005894,01/10/2025,Denver,COLA33,33908.0,SHIPPED
ORD000362,2026-01-26,New York,TEA50,37118.0,SHIPPED
ORD007344,23/10/2025,Minneapolis,JUICE10,9253.0,SHIPPED
ORD003683,20/07/2026,Philadelphia ,JUICE10,494.0,SHIPPED
ORD005778,2026-08-05,Denver,STILL15,3746.0,SHIPPED
ORD003144,2026-05-21,Phoenix ,ENER25,18817.0,SHIPPED
ORD002259,2026-02-10,HOUSTON,TEA50,19171.0,SHIPPED
ORD006600,2026-08-06,Boston,COLA33,50245.0,SHIPPED
ORD007727,2026-05-22,Detroit,SPARK10,92.0,SHIPPED
ORD006667,2026-04-10,Boston,TEA50,4127.0,SHIPPED
ORD004653,2026-08-14,Miami,SPARK10,17369.0,SHIPPED
ORD008686,2026-06-16,San Francisco,JUICE10,5459.0,SHIPPED
ORD004116,2026-08-07,Atlanta,COLA33,1687.0,SHIPPED
ORD005995,24/09/2025,DENVER,TEA50,16658.0,SHIPPED
ORD001066,21/08/2026,Los Angeles ,TEA50,6207.0,SHIPPED
ORD000257,23/01/2026, new york,COLA33,146683.0,SHIPPED
ORD005127,12/05/2026,Seattle,STILL15,162.0,SHIPPED
ORD004318,2026-07-09, atlanta,JUICE10,2271.0,SHIPPED
ORD005162,2025-09-25,Seattle,SPARK10,692.0,SHIPPED
ORD008918,2026-06-23,Phoenix,SPARK10,384.0,CANCELLED
ORD000972,2025-09-01,Los Angeles,TEA50,13192.0,SHIPPED
ORD007084,2026-02-10,Minneapolis ,SPARK10,7552.0,SHIPPED
ORD000576,2026-01-09, new york,ENER25,962.0,SHIPPED
ORD008809,2026-08-10,San Francisco,ENER25,4253.0,SHIPPED
ORD001850,2026-03-13,Chicago,ENER25,47012.0,SHIPPED
ORD006688,26/06/2026,Boston,TEA50,16705.0,SHIPPED
ORD006690,2026-07-09, boston,TEA50,12044.0,SHIPPED
ORD000079,2026-06-16,New York,STILL15,22149.0,SHIPPED
ORD001862,2026-04-20,Chicago,ENER25,316.0,SHIPPED
ORD000517,2026-06-04,New York,JUICE10,1717.0,SHIPPED
ORD004349,2025-10-02,Atlanta,ENER25,25081.0,SHIPPED
ORD005086,2025-11-25,Seattle,STILL15,2148.0,SHIPPED
ORD004363,2025-11-18,ATLANTA,ENER25,4287.0,SHIPPED
ORD004694,07/01/2026,Miami,COLA33,1121.0,SHIPPED
ORD001289,2025-11-13,Chicago,STILL15,26732.0,SHIPPED
ORD005066,2025-09-08,Seattle,STILL15,2411.0,SHIPPED
ORD002573,2025-12-15,Phoenix,STILL15,3853.0,SHIPPED
ORD004768,2025-10-16,Miami,TEA50,21448.0,SHIPPED
ORD000973,2025-09-02,Los Angeles,TEA50,5818.0,SHIPPED
ORD001125,2026-04-08,Los Angeles,JUICE10,3620.0,SHIPPED
ORD006554,03/03/2026,Boston,COLA33,81393.0,SHIPPED
ORD002916,2026-03-25,Phoenix,TEA50,4044.0,SHIPPED
ORD008310,14/11/2025,San Francisco,SPARK10,18472.0,SHIPPED
ORD005734,09/03/2026,Denver,STILL15,19116.0,SHIPPED
ORD007204,03/06/2026,Minneapolis,COLA33,39802.0,SHIPPED
ORD006232,25/12/2025,Denver,ENER25,11843.0,SHIPPED
ORD006096,26/08/2026,DENVER,TEA50,3239.0,SHIPPED
ORD006851,2025-12-08,Boston,ENER25,3091.0,SHIPPED
ORD004528,2026-05-19, miami,STILL15,10255.0,SHIPPED
ORD008574,2026-06-12,San Francisco,TEA50,4344.0,SHIPPED
ORD000452,2025-11-14,New York ,JUICE10,12687.0,SHIPPED
ORD004094,2026-06-01,Atlanta,COLA33,12847.0,SHIPPED
ORD008517,2025-11-17,San Francisco,TEA50,16669.0,SHIPPED
ORD000170,02/04/2026,New York,SPARK10,11704.0,SHIPPED
ORD006202,2025-09-02,Denver,ENER25,12576.0,SHIPPED
ORD006377,2026-06-30,Boston,STILL15,2864.0,SHIPPED
ORD007407,2026-05-07,Minneapolis,JUICE10,6007.0,SHIPPED
ORD006613,2025-09-16,Boston ,TEA50,6092.0,SHIPPED
ORD006601,05/08/2026,Boston,COLA33,437.0,SHIPPED
ORD004892,2026-01-05,Miami,JUICE10,2748.0,SHIPPED
ORD007841,2026-07-10,Detroit,COLA33,4845.0,SHIPPED
ORD003762,2026-04-08, philadelphia,ENER25,5338.0,SHIPPED
ORD003137,30/04/2026,Phoenix ,ENER25,410.0,SHIPPED
ORD000274,10/03/2026,New York,COLA33,198156.0,SHIPPED
ORD007127,2026-07-29,Minneapolis,SPARK10,2020.0,SHIPPED
ORD003447,2026-03-19,Philadelphia,COLA33,72775.0,SHIPPED
ORD006657,2026-03-11,Boston,TEA50,2804.0,SHIPPED
ORD008167,2026-07-03,Detroit,ENER25,3450.0,SHIPPED
ORD005665,20/07/2026,Seattle,ENER25,3556.0,SHIPPED
ORD001327,2026-03-18,Chicago,STILL15,24243.0,SHIPPED
ORD008841,03/12/2025, denver,ENER25,3606.0,CANCELLED
ORD006485,2026-06-18,Boston ,SPARK10,3921.0,SHIPPED
ORD002342,10/12/2025,HOUSTON,JUICE10,11920.0,SHIPPED
ORD000641,2026-08-21,New York,ENER25,59513.0,SHIPPED
ORD000487,2026-02-18,New York,JUICE10,14178.0,SHIPPED
ORD002026,2025-12-23,Houston ,SPARK10,14897.0,SHIPPED
ORD002483,2026-03-12,Houston,ENER25,3024.0,SHIPPED
ORD002100,2026-08-10, houston,SPARK10,6092.0,SHIPPED
ORD004474,16/12/2025,MIAMI,STILL15,18917.0,SHIPPED
ORD003664,22/05/2026,Philadelphia,JUICE10,435.0,SHIPPED
ORD006350,2026-03-20,Boston,STILL15,7410.0,SHIPPED
ORD004091,2026-05-18,Atlanta,COLA33,32333.0,SHIPPED
ORD008154,2026-05-21,Detroit,ENER25,2642.0,SHIPPED
ORD003299,17/10/2025,Philadelphia,SPARK10,22531.0,SHIPPED
ORD003434,10/02/2026,Philadelphia,COLA33,78653.0,SHIPPED
ORD004793,19/01/2026,Miami,TEA50,29897.0,SHIPPED
ORD007294,24/04/2026,Minneapolis ,TEA50,909.0,SHIPPED
ORD007488,2026-02-09, minneapolis,ENER25,23471.0,SHIPPED
ORD004735,2026-05-29,MIAMI,COLA33,54958.0,SHIPPED
ORD007464,2025-11-25,Minneapolis,ENER25,15570.0,SHIPPED
ORD007382,12/02/2026,Minneapolis,JUICE10,4252.0,SHIPPED
ORD002255,2026-01-30,Houston,TEA50,13069.0,SHIPPED
ORD001313,2026-01-19,Chicago,STILL15,6487.0,SHIPPED
ORD002204,2026-07-20,Houston,COLA33,8140.0,SHIPPED
ORD004143,2025-11-14,Atlanta,TEA50,32306.0,SHIPPED
ORD007362,17/12/2025,Minneapolis ,JUICE10,187.0,SHIPPED
ORD006484,2026-06-11, boston,SPARK10,5717.0,SHIPPED
ORD002688,2026-01-20,Phoenix,SPARK10,7782.0,SHIPPED
ORD003222,17/02/2026, philadelphia,STILL15,946.0,SHIPPED
ORD002608,2026-04-17, phoenix,STILL15,14628.0,SHIPPED
ORD003410,2025-11-14,Philadelphia ,COLA33,4103.0,SHIPPED
ORD006892,2026-04-23,BOSTON,ENER25,5925.0,SHIPPED
ORD006010,2025-11-13,DENVER,TEA50,5438.0,SHIPPED
ORD001577,2026-07-23,Chicago,COLA33,76555.0,SHIPPED
ORD001231,2026-04-16,Los Angeles,ENER25,45341.0,SHIPPED
ORD001362,03/07/2026,CHICAGO,STILL15,11687.0,SHIPPED
ORD002984,2025-11-07,Phoenix,JUICE10,10885.0,SHIPPED
ORD006774,2026-04-08,Boston,JUICE10,2697.0,SHIPPED
ORD002290,22/06/2026,Houston ,TEA50,13874.0,SHIPPED
ORD002360,2026-02-02,Houston,JUICE10,2836.0,SHIPPED
ORD008047,2026-05-28,Detroit,JUICE10,2128.0,SHIPPED
ORD002467,2026-01-26,Houston,ENER25,9218.0,SHIPPED
ORD003338,04/03/2026,Philadelphia,SPARK10,1425.0,SHIPPED
ORD004007,2026-07-28,Atlanta,SPARK10,14799.0,SHIPPED
ORD002243,2025-12-18,Houston,TEA50,24945.0,SHIPPED
ORD007681,2025-12-05,Detroit,SPARK10,4728.0,SHIPPED
ORD008529,08/01/2026, san francisco,TEA50,15504.0,SHIPPED
ORD000888,2025-11-19,Los Angeles,COLA33,164889.0,SHIPPED
ORD005529,06/05/2026,Seattle,JUICE10,2703.0,SHIPPED
ORD005059,2026-08-11,Miami,ENER25,13820.0,SHIPPED
ORD003786,2026-07-03,Philadelphia,ENER25,5899.0,SHIPPED
ORD007037,26/08/2026,Minneapolis,STILL15,3898.0,SHIPPED
ORD006002,2025-10-13,Denver ,TEA50,2944.0,SHIPPED
ORD005917,05/01/2026,DENVER,COLA33,32295.0,SHIPPED
ORD004649,2026-07-22,Miami,SPARK10,7223.0,SHIPPED
ORD003260,2026-06-09,Philadelphia,STILL15,3828.0,SHIPPED
ORD004160,2026-01-15,Atlanta,TEA50,13680.0,SHIPPED
ORD003804,2025-09-01,Atlanta ,STILL15,5134.0,SHIPPED
ORD004217,2026-07-31,ATLANTA,TEA50,92.0,SHIPPED
ORD008971,2026-08-03,PHOENIX,JUICE10,2404.0,CANCELLED
ORD005098,2026-01-15,Seattle,STILL15,1448.0,SHIPPED
ORD003136,2026-05-01,Phoenix,ENER25,17050.0,SHIPPED
ORD003966,2026-03-27,ATLANTA,SPARK10,11339.0,SHIPPED
ORD006955,25/12/2025,Minneapolis ,STILL15,5364.0,SHIPPED
ORD000600,2026-03-20,New York,ENER25,54445.0,SHIPPED
ORD008891,2026-08-13,New York,COLA33,94302.0,CANCELLED
ORD004241,01/10/2025,Atlanta,JUICE10,5321.0,SHIPPED
ORD004901,30/01/2026,Miami,JUICE10,6442.0,SHIPPED
ORD007248,30/10/2025,Minneapolis,TEA50,8260.0,SHIPPED
ORD000140,2025-12-16, new york,SPARK10,8639.0,SHIPPED
ORD000345,01/12/2025,New York,TEA50,32939.0,SHIPPED
ORD005522,2026-04-16,Seattle,JUICE10,3846.0,SHIPPED
ORD007221,2026-08-13, minneapolis,COLA33,10484.0,SHIPPED
ORD005523,2026-04-23,Seattle,JUICE10,1783.0,SHIPPED
ORD001993,03/08/2026,Houston,STILL15,9035.0,SHIPPED
ORD003121,2026-03-17,Phoenix,ENER25,1183.0,SHIPPED
ORD005848,2026-04-14,Denver,SPARK10,4012.0,SHIPPED
ORD000103,2025-09-03,New York,SPARK10,24692.0,SHIPPED
ORD006738,2025-12-10,Boston ,JUICE10,2042.0,SHIPPED
ORD007805,2026-02-16,Detroit ,COLA33,49263.0,SHIPPED
ORD006621,14/10/2025,Boston,TEA50,10035.0,SHIPPED
ORD008376,09/07/2026,San Francisco,SPARK10,4762.0,SHIPPED
ORD008557,2026-04-14,SAN FRANCISCO,TEA50,5010.0,SHIPPED
ORD003140,2026-05-05,Phoenix,ENER25,16800.0,SHIPPED
ORD008501,26/09/2025,San Francisco,TEA50,18323.0,SHIPPED
ORD001275,2025-09-11,Chicago,STILL15,18890.0,SHIPPED
ORD005291,2026-01-20,Seattle,COLA33,15931.0,SHIPPED
ORD007017,22/06/2026,Minneapolis ,STILL15,549.0,SHIPPED
ORD000732,2026-06-11,Los Angeles,STILL15,15166.0,SHIPPED
ORD007291,07/04/2026,Minneapolis,TEA50,14583.0,SHIPPED
ORD002267,2026-03-09,Houston,TEA50,17753.0,SHIPPED
ORD006299,08/09/2025,BOSTON,STILL15,22002.0,SHIPPED
ORD002578,2026-01-01,Phoenix,STILL15,1807.0,SHIPPED
ORD004562,22/09/2025, miami,SPARK10,2998.0,SHIPPED
ORD005447,08/07/2026,Seattle,TEA50,14478.0,SHIPPED
ORD005971,25/06/2026,Denver,COLA33,11125.0,SHIPPED
ORD000984,13/10/2025,Los Angeles,TEA50,45398.0,SHIPPED
ORD004614,01/04/2026,Miami,SPARK10,5401.0,SHIPPED
ORD001955,2026-03-11,Houston,STILL15,12960.0,SHIPPED
ORD008155,2026-05-20,Detroit,ENER25,17145.0,SHIPPED
ORD006561,26/03/2026,Boston,COLA33,120755.0,SHIPPED
ORD008034,2026-03-31,Detroit,JUICE10,5550.0,SHIPPED
ORD006880,2026-03-09,Boston ,ENER25,4163.0,SHIPPED
ORD002927,2026-04-24,Phoenix,TEA50,15108.0,SHIPPED
ORD007877,27/10/2025,Detroit,TEA50,344.0,SHIPPED
ORD006647,2026-01-26,Boston ,TEA50,12950.0,SHIPPED
ORD000999,2025-12-01,LOS ANGELES,TEA50,12870.0,SHIPPED
ORD006460,2026-03-30,Boston,SPARK10,2390.0,SHIPPED
ORD004477,2025-12-25,Miami ,STILL15,1817.0,SHIPPED
ORD003835,2025-12-17,Atlanta,STILL15,18244.0,SHIPPED
ORD000340,2025-11-20,New York,TEA50,32892.0,SHIPPED
ORD007137,2025-09-01,Minneapolis,COLA33,2389.0,SHIPPED
ORD003702,2025-09-09,Philadelphia,ENER25,3913.0,SHIPPED
ORD001394,2025-10-31,CHICAGO,SPARK10,16704.0,SHIPPED
ORD004521,29/04/2026,Miami,STILL15,13598.0,SHIPPED
ORD001837,2026-02-06,Chicago,ENER25,13981.0,SHIPPED
ORD003310,2025-11-25,PHILADELPHIA,SPARK10,9505.0,SHIPPED
ORD002477,27/02/2026,Houston ,ENER25,36820.0,SHIPPED
ORD002158,2026-03-03,Houston ,COLA33,53513.0,SHIPPED
ORD000636,2026-07-13,New York,ENER25,29635.0,SHIPPED
ORD008239,2026-02-24,San Francisco,STILL15,13213.0,SHIPPED
ORD001590,2025-09-12,Chicago,TEA50,36923.0,SHIPPED
ORD003408,04/11/2025,Philadelphia,COLA33,12727.0,SHIPPED
ORD007581,08/12/2025,Detroit,STILL15,9135.0,SHIPPED
ORD005097,2026-01-14,Seattle,STILL15,24159.0,SHIPPED
ORD008613,20/10/2025,San Francisco,JUICE10,3023.0,SHIPPED
ORD005779,2026-08-11,Denver,STILL15,5974.0,SHIPPED
ORD004246,24/10/2025,Atlanta,JUICE10,5789.0,SHIPPED
ORD000953,2026-06-23,LOS ANGELES,COLA33,133128.0,SHIPPED
ORD000118,2025-10-21, new york,SPARK10,28574.0,SHIPPED
ORD007353,2025-11-21,Minneapolis,JUICE10,6443.0,SHIPPED
ORD001784,2026-07-21, chicago,JUICE10,3261.0,SHIPPED
ORD004483,09/01/2026,Miami,STILL15,2420.0,SHIPPED
ORD000729,25/05/2026,Los Angeles,STILL15,46077.0,SHIPPED
ORD007777,2025-11-24,Detroit,COLA33,66917.0,SHIPPED
ORD005852,22/04/2026,Denver ,SPARK10,7204.0,SHIPPED
ORD000895,08/12/2025,LOS ANGELES,COLA33,40205.0,SHIPPED
ORD000042,23/01/2026,New York,STILL15,35225.0,SHIPPED
ORD003736,12/01/2026,Philadelphia ,ENER25,15145.0,SHIPPED
ORD008159,2026-06-03,Detroit,ENER25,16528.0,SHIPPED
ORD000475,19/01/2026,NEW YORK,JUICE10,4775.0,SHIPPED
ORD005677,2025-09-17,DENVER,STILL15,22655.0,SHIPPED
ORD007834,2026-06-05,Detroit,COLA33,72360.0,SHIPPED
ORD001278,30/09/2025,Chicago,STILL15,5987.0,SHIPPED
ORD007217,31/07/2026,Minneapolis,COLA33,8721.0,SHIPPED
ORD007051,17/10/2025,Minneapolis,SPARK10,3164.0,SHIPPED
ORD005065,2025-09-03,Seattle,STILL15,23887.0,SHIPPED
ORD008708,2025-09-08,San Francisco ,ENER25,21342.0,SHIPPED
ORD006483,2026-06-11,Boston,SPARK10,4463.0,SHIPPED
ORD006361,08/05/2026,Boston,STILL15,16971.0,SHIPPED
ORD004585,05/12/2025,Miami ,SPARK10,3983.0,SHIPPED
ORD000490,06/03/2026,New York,JUICE10,12945.0,SHIPPED
ORD007035,2026-08-20,MINNEAPOLIS,STILL15,14591.0,SHIPPED
ORD000237,10/11/2025,New York,COLA33,201384.0,SHIPPED
ORD008371,2026-06-26,San Francisco,SPARK10,3740.0,SHIPPED
ORD002081,2026-06-26,Houston,SPARK10,10653.0,SHIPPED
ORD003643,2026-03-20,Philadelphia,JUICE10,4483.0,SHIPPED
ORD003638,2026-02-23,Philadelphia,JUICE10,7268.0,SHIPPED
ORD006486,2026-06-15,Boston ,SPARK10,8350.0,SHIPPED
ORD004262,2025-12-24,ATLANTA,JUICE10,4276.0,SHIPPED
ORD007160,2025-12-11,Minneapolis,COLA33,69780.0,SHIPPED
ORD001970,2026-05-14, houston,STILL15,2274.0,SHIPPED
ORD003055,2026-07-15,Phoenix,JUICE10,903.0,SHIPPED
ORD005233,2026-06-10, seattle,SPARK10,3767.0,SHIPPED
ORD007153,2025-11-06,Minneapolis,COLA33,814.0,SHIPPED
ORD008858,2026-05-25,Seattle ,SPARK10,10817.0,CANCELLED
ORD001130,2026-04-24,Los Angeles,JUICE10,21049.0,SHIPPED
ORD000717,2026-04-23,Los Angeles,STILL15,2807.0,SHIPPED
ORD002900,2026-02-05,Phoenix,TEA50,4664.0,SHIPPED
ORD002206,2026-07-28,Houston,COLA33,57490.0,SHIPPED
ORD007197,05/05/2026,Minneapolis,COLA33,6788.0,SHIPPED
ORD003847,02/02/2026,Atlanta,STILL15,7839.0,SHIPPED
ORD005363,24/09/2025,Seattle,TEA50,10700.0,SHIPPED
ORD005367,2025-10-17,Seattle,TEA50,1088.0,SHIPPED
ORD008592,2026-08-14,San Francisco,TEA50,8960.0,SHIPPED
ORD001859,2026-04-13, chicago,ENER25,541.0,SHIPPED
ORD007282,2026-02-26,Minneapolis,TEA50,17683.0,SHIPPED
ORD005814,2025-12-18,Denver,SPARK10,215.0,SHIPPED
ORD000661,22/10/2025,Los Angeles,STILL15,15380.0,SHIPPED
ORD007448,2025-10-08,Minneapolis,ENER25,6381.0,SHIPPED
ORD001033,2026-04-23,Los Angeles,TEA50,56410.0,SHIPPED
ORD005806,2025-11-20, denver,SPARK10,4867.0,SHIPPED
ORD007026,2026-07-24,Minneapolis,STILL15,4697.0,SHIPPED
ORD008543,2026-03-05,San Francisco,TEA50,11954.0,SHIPPED
ORD008329,05/02/2026,San Francisco,SPARK10,6059.0,SHIPPED
ORD001687,2026-08-05, chicago,TEA50,4470.0,SHIPPED
ORD002809,26/03/2026,Phoenix,COLA33,89452.0,SHIPPED
ORD004370,2025-12-18,Atlanta,ENER25,15080.0,SHIPPED
ORD000903,2026-01-09,Los Angeles,COLA33,88610.0,SHIPPED
ORD006383,17/07/2026,Boston,STILL15,4144.0,SHIPPED
ORD007263,2025-12-10,Minneapolis,TEA50,4566.0,SHIPPED
ORD003959,2026-02-26,Atlanta ,SPARK10,24733.0,SHIPPED
ORD001930,11/12/2025,Houston,STILL15,2297.0,SHIPPED
ORD007675,2025-11-11,Detroit,SPARK10,11449.0,SHIPPED
ORD004353,2025-10-17,Atlanta ,ENER25,14125.0,SHIPPED
ORD003867,2026-04-15,Atlanta,STILL15,7752.0,SHIPPED
ORD001908,19/09/2025,Houston,STILL15,4705.0,SHIPPED
ORD007918,08/04/2026,Detroit,TEA50,1940.0,SHIPPED
ORD006167,2026-04-22,Denver,JUICE10,789.0,SHIPPED
ORD008963,2025-12-01,Chicago,SPARK10,470.0,CANCELLED
ORD000061,15/04/2026,NEW YORK,STILL15,9811.0,SHIPPED
ORD005880,06/08/2026,Denver,SPARK10,11723.0,SHIPPED
ORD006811,2026-07-15,Boston,JUICE10,8298.0,SHIPPED
ORD002825,28/05/2026,Phoenix,COLA33,17906.0,SHIPPED
ORD000365,2026-02-13,New York,TEA50,8093.0,SHIPPED
ORD000083,03/07/2026, new york,STILL15,46880.0,SHIPPED
ORD007257,25/11/2025,Minneapolis ,TEA50,8807.0,SHIPPED
ORD008637,2026-01-14,San Francisco ,JUICE10,8244.0,SHIPPED
ORD004210,2026-07-01,Atlanta ,TEA50,30055.0,SHIPPED
ORD002842,16/07/2026,Phoenix ,COLA33,9173.0,SHIPPED
ORD003634,2026-02-19,Philadelphia,JUICE10,1102.0,SHIPPED
ORD003099,2025-12-18, phoenix,ENER25,29757.0,SHIPPED
ORD004295,2026-04-16,Atlanta,JUICE10,8175.0,SHIPPED
ORD005920,2026-01-14,Denver,COLA33,28365.0,SHIPPED
ORD005941,09/03/2026,Denver,COLA33,7089.0,SHIPPED
ORD003342,17/03/2026,PHILADELPHIA,SPARK10,6461.0,SHIPPED
ORD008394,2025-09-09,San Francisco,COLA33,15724.0,SHIPPED
ORD002559,28/10/2025,Phoenix,STILL15,1961.0,SHIPPED
ORD001549,22/04/2026,Chicago ,COLA33,36138.0,SHIPPED
ORD003165,2026-08-07,Phoenix,ENER25,5081.0,SHIPPED
ORD006109,06/10/2025,Denver ,JUICE10,1171.0,SHIPPED
ORD004695,2026-01-14,Miami,COLA33,12719.0,SHIPPED
ORD006838,2025-10-14,BOSTON,ENER25,8147.0,SHIPPED
ORD007388,2026-03-02,Minneapolis,JUICE10,6139.0,SHIPPED
ORD006628,2025-11-18,Boston,TEA50,4687.0,SHIPPED
ORD002605,2026-03-30,Phoenix,STILL15,13575.0,SHIPPED
ORD008231,26/01/2026,San Francisco,STILL15,8164.0,SHIPPED
ORD007964,2025-09-05,Detroit,JUICE10,271.0,SHIPPED
ORD002359,2026-02-03,HOUSTON,JUICE10,9108.0,SHIPPED
ORD007038,04/09/2025,Minneapolis,SPARK10,813.0,SHIPPED
ORD000859,2026-08-14,Los Angeles,SPARK10,37262.0,SHIPPED
ORD007640,2026-07-03,Detroit,STILL15,12965.0,SHIPPED
ORD004646,2026-07-14,Miami ,SPARK10,1131.0,SHIPPED
ORD007791,13/01/2026,DETROIT,COLA33,725.0,SHIPPED
ORD001709,2025-11-07, chicago,JUICE10,679.0,SHIPPED
ORD000400,2026-05-26,New York ,TEA50,8943.0,SHIPPED
ORD002505,2026-05-07,Houston,ENER25,10834.0,SHIPPED
ORD002798,11/02/2026,Phoenix,COLA33,50150.0,SHIPPED
ORD007814,31/03/2026,DETROIT,COLA33,43095.0,SHIPPED
ORD000328,2025-10-07,NEW YORK,TEA50,33579.0,SHIPPED
ORD008048,2026-05-29,Detroit,JUICE10,4332.0,SHIPPED
ORD005116,2026-04-07,Seattle,STILL15,19812.0,SHIPPED
ORD001118,2026-03-03,Los Angeles,JUICE10,22020.0,SHIPPED
ORD005636,24/04/2026,Seattle,ENER25,264.0,SHIPPED
ORD005538,2026-06-02,Seattle,JUICE10,11494.0,SHIPPED
ORD005177,2025-12-08,Seattle,SPARK10,9106.0,SHIPPED
ORD001129,23/04/2026,Los Angeles,JUICE10,844.0,SHIPPED
ORD004323,15/07/2026,ATLANTA,JUICE10,3127.0,SHIPPED
ORD004348,02/10/2025,Atlanta,ENER25,9677.0,SHIPPED
ORD003549,2026-04-29,Philadelphia,TEA50,1618.0,SHIPPED
ORD000523,30/06/2026,New York,JUICE10,4076.0,SHIPPED
ORD005213,2026-04-09,Seattle,SPARK10,5944.0,SHIPPED
ORD005037,05/06/2026,Miami,ENER25,27170.0,SHIPPED
ORD004674,2025-10-29,Miami,COLA33,1051.0,SHIPPED
ORD002501,2026-05-01,Houston,ENER25,11484.0,SHIPPED
ORD007610,2026-03-27, detroit,STILL15,1653.0,SHIPPED
ORD001170,16/09/2025,Los Angeles,ENER25,33755.0,SHIPPED
ORD002881,11/12/2025, phoenix,TEA50,4628.0,SHIPPED
ORD008616,2025-11-14,San Francisco,JUICE10,2865.0,SHIPPED
ORD008327,2026-01-23,San Francisco,SPARK10,21985.0,SHIPPED
ORD000462,2025-12-09, new york,JUICE10,1737.0,SHIPPED
ORD007839,2026-07-01,Detroit,COLA33,49951.0,SHIPPED
ORD003692,2026-08-20,Philadelphia,JUICE10,5059.0,SHIPPED
ORD000361,2026-01-19, new york,TEA50,5804.0,SHIPPED
ORD000507,2026-04-28,New York,JUICE10,8800.0,SHIPPED
ORD001860,14/04/2026,Chicago,ENER25,7981.0,SHIPPED
ORD005316,2026-04-22,Seattle ,COLA33,98638.0,SHIPPED
ORD008004,2026-01-02,Detroit,JUICE10,1847.0,SHIPPED
ORD006375,2026-06-25,Boston,STILL15,8971.0,SHIPPED
ORD006115,30/10/2025,Denver,JUICE10,5.0,SHIPPED
ORD001662,2026-05-06,Chicago,TEA50,32737.0,SHIPPED
ORD005733,2026-03-06,DENVER,STILL15,2043.0,SHIPPED
ORD000992,2025-11-18,LOS ANGELES,TEA50,24647.0,SHIPPED
ORD001482,2025-09-15,Chicago,COLA33,61822.0,SHIPPED
ORD002626,2026-06-18,Phoenix,STILL15,20466.0,SHIPPED
ORD004310,17/06/2026, atlanta,JUICE10,128.0,SHIPPED
ORD005073,2025-10-03,Seattle ,STILL15,6056.0,SHIPPED
ORD000070,2026-05-15,New York,STILL15,21630.0,SHIPPED
ORD003108,2026-01-22,Phoenix,ENER25,16031.0,SHIPPED
ORD001191,2025-12-01,Los Angeles,ENER25,10008.0,SHIPPED
ORD001206,2026-01-05,Los Angeles,ENER25,8198.0,SHIPPED
ORD003052,2026-07-09,Phoenix,JUICE10,4448.0,SHIPPED
ORD004311,16/06/2026,Atlanta,JUICE10,403.0,SHIPPED
ORD003026,06/04/2026,Phoenix,JUICE10,5654.0,SHIPPED
ORD000041,16/01/2026, new york,STILL15,14357.0,SHIPPED
ORD002834,2026-06-18,Phoenix,COLA33,46695.0,SHIPPED
ORD007711,17/03/2026,Detroit ,SPARK10,3972.0,SHIPPED
ORD005027,2026-04-29,Miami ,ENER25,4627.0,SHIPPED
ORD001873,2026-05-28,Chicago,ENER25,12698.0,SHIPPED
ORD000672,01/12/2025,Los Angeles,STILL15,17409.0,SHIPPED
ORD005077,2025-10-23,Seattle,STILL15,7635.0,SHIPPED
ORD006902,2026-05-29,Boston,ENER25,15003.0,SHIPPED
ORD003372,2026-06-25,Philadelphia,SPARK10,7819.0,SHIPPED
ORD004206,2026-06-08,Atlanta,TEA50,1750.0,SHIPPED
ORD005605,2026-01-02,Seattle ,ENER25,2134.0,SHIPPED
ORD006405,2025-10-14,Boston,SPARK10,5883.0,SHIPPED
ORD007709,2026-03-10,Detroit,SPARK10,12858.0,SHIPPED
ORD001084,2025-10-27,Los Angeles,JUICE10,3639.0,SHIPPED
ORD008368,18/06/2026,San Francisco,SPARK10,7284.0,SHIPPED
ORD008313,20/11/2025,San Francisco ,SPARK10,3308.0,SHIPPED
ORD001121,2026-03-23,Los Angeles,JUICE10,12030.0,SHIPPED
ORD007343,17/10/2025,Minneapolis,JUICE10,8833.0,SHIPPED
ORD003667,25/05/2026,Philadelphia,JUICE10,5758.0,SHIPPED
ORD007769,29/10/2025,Detroit,COLA33,37881.0,SHIPPED
ORD006858,2026-01-01,Boston ,ENER25,19717.0,SHIPPED
ORD003218,2026-02-05,Philadelphia,STILL15,4695.0,SHIPPED
ORD000651,22/09/2025,Los Angeles,STILL15,6627.0,SHIPPED
ORD005381,19/11/2025,Seattle,TEA50,20259.0,SHIPPED
ORD001234,08/05/2026,Los Angeles,ENER25,54389.0,SHIPPED
ORD000571,2025-12-22,New York,ENER25,65317.0,SHIPPED
ORD002365,17/02/2026,Houston,JUICE10,8388.0,SHIPPED
ORD003666,2026-05-29,Philadelphia,JUICE10,3356.0,SHIPPED
ORD001367,20/07/2026,Chicago,STILL15,14140.0,SHIPPED
ORD008732,2025-11-20, san francisco,ENER25,2599.0,SHIPPED
ORD002422,26/08/2026,Houston,JUICE10,3776.0,SHIPPED
ORD002724,04/06/2026,Phoenix,SPARK10,2190.0,SHIPPED
ORD000407,16/06/2026,New York ,TEA50,1525.0,SHIPPED
ORD001211,2026-01-27,LOS ANGELES,ENER25,2843.0,SHIPPED
ORD000386,13/04/2026,New York,TEA50,5913.0,SHIPPED
ORD000262,06/02/2026,New York,COLA33,7928.0,SHIPPED
ORD007899,2026-01-23,Detroit,TEA50,15078.0,SHIPPED
ORD008148,2026-04-29,Detroit,ENER25,7727.0,SHIPPED
ORD003593,2025-09-24,Philadelphia,JUICE10,1980.0,SHIPPED
ORD005464,2025-09-10,Seattle,JUICE10,1376.0,SHIPPED
ORD000937,2026-05-07,Los Angeles,COLA33,29589.0,SHIPPED
ORD001461,24/06/2026,Chicago ,SPARK10,37999.0,SHIPPED
ORD005042,2026-06-26,Miami,ENER25,18151.0,SHIPPED
ORD003595,2025-09-30,Philadelphia,JUICE10,12879.0,SHIPPED
ORD005575,2025-10-03,Seattle,ENER25,20885.0,SHIPPED
ORD002599,2026-03-09,Phoenix,STILL15,747.0,SHIPPED
ORD002960,07/08/2026, phoenix,TEA50,9852.0,SHIPPED
ORD008710,15/09/2025,San Francisco,ENER25,1264.0,SHIPPED
ORD003711,2025-10-07,Philadelphia,ENER25,13525.0,SHIPPED
ORD000324,26/09/2025,New York,TEA50,5802.0,SHIPPED
ORD001824,2025-12-22,Chicago,ENER25,7520.0,SHIPPED
ORD003778,2026-05-28,Philadelphia,ENER25,10520.0,SHIPPED
ORD001893,07/08/2026,CHICAGO,ENER25,24315.0,SHIPPED
ORD004550,10/08/2026,MIAMI,STILL15,5759.0,SHIPPED
ORD002851,2026-08-21,Phoenix,COLA33,65319.0,SHIPPED
ORD000807,2026-02-25,LOS ANGELES,SPARK10,31136.0,SHIPPED
ORD008915,2026-08-12,Houston,TEA50,10060.0,CANCELLED
ORD002087,2026-07-17,Houston,SPARK10,20134.0,SHIPPED
ORD002519,2026-06-24,Houston,ENER25,12385.0,SHIPPED
ORD005255,2025-09-16,Seattle,COLA33,24148.0,SHIPPED
ORD002252,22/01/2026, houston,TEA50,28579.0,SHIPPED
ORD002304,07/08/2026,Houston ,TEA50,10190.0,SHIPPED
ORD005254,2025-09-12,Seattle,COLA33,97764.0,SHIPPED
ORD004692,2026-01-02,Miami,COLA33,26696.0,SHIPPED
ORD006671,2026-04-20,Boston,TEA50,373.0,SHIPPED
ORD001961,09/04/2026, houston,STILL15,25873.0,SHIPPED
ORD000497,23/03/2026,New York,JUICE10,18436.0,SHIPPED
ORD002889,2026-01-08,Phoenix ,TEA50,3667.0,SHIPPED
ORD005322,2026-05-20,Seattle,COLA33,9278.0,SHIPPED
ORD003836,24/12/2025,Atlanta,STILL15,19138.0,SHIPPED
ORD008109,2025-12-10,Detroit ,ENER25,3410.0,SHIPPED
ORD002397,2026-06-11,Houston,JUICE10,3577.0,SHIPPED
ORD003758,2026-03-27,Philadelphia,ENER25,1382.0,SHIPPED
ORD006474,14/05/2026,Boston,SPARK10,1735.0,SHIPPED
ORD003535,04/03/2026, philadelphia,TEA50,11881.0,SHIPPED
ORD001986,2026-07-14,Houston,STILL15,12579.0,SHIPPED
ORD001842,19/02/2026,CHICAGO,ENER25,25995.0,SHIPPED
ORD004482,07/01/2026, miami,STILL15,19258.0,SHIPPED
ORD006848,2025-11-27,BOSTON,ENER25,13949.0,SHIPPED
ORD007965,01/09/2025,Detroit,JUICE10,5017.0,SHIPPED
ORD005369,22/10/2025,Seattle ,TEA50,11231.0,SHIPPED
ORD002063,2026-05-04,Houston,SPARK10,8364.0,SHIPPED
ORD000300,01/07/2026, new york,COLA33,146837.0,SHIPPED
ORD000036,2025-12-30,New York,STILL15,21444.0,SHIPPED
ORD001290,17/11/2025,Chicago,STILL15,1942.0,SHIPPED
ORD004682,27/11/2025,Miami,COLA33,111298.0,SHIPPED
ORD001223,20/03/2026,Los Angeles,ENER25,17750.0,SHIPPED
ORD002879,2025-12-01,PHOENIX,TEA50,14884.0,SHIPPED
ORD006263,2026-05-11, denver,ENER25,20703.0,SHIPPED
ORD004170,2026-02-17,Atlanta,TEA50,2029.0,SHIPPED
ORD006852,2025-12-12,Boston,ENER25,35319.0,SHIPPED
ORD007386,2026-02-23,Minneapolis,JUICE10,1607.0,SHIPPED
ORD004468,2025-11-24,Miami,STILL15,8335.0,SHIPPED
ORD005250,2026-08-12,Seattle,SPARK10,24565.0,SHIPPED
ORD006339,2026-02-05,Boston,STILL15,6695.0,SHIPPED
ORD001601,2025-10-22,Chicago ,TEA50,5915.0,SHIPPED
ORD004102,24/06/2026,Atlanta,COLA33,93227.0,SHIPPED
ORD004929,28/04/2026,Miami,JUICE10,2297.0,SHIPPED
ORD001198,2025-12-15,Los Angeles ,ENER25,11526.0,SHIPPED
ORD005445,03/07/2026,Seattle,TEA50,2961.0,SHIPPED
ORD008051,2026-06-05,Detroit ,JUICE10,2293.0,SHIPPED
ORD007048,2025-10-07,Minneapolis ,SPARK10,4179.0,SHIPPED
ORD008569,25/05/2026, san francisco,TEA50,9126.0,SHIPPED
ORD008019,13/02/2026,Detroit,JUICE10,1145.0,SHIPPED
ORD001737,2026-02-09,Chicago,JUICE10,1129.0,SHIPPED
ORD007844,2026-07-22,Detroit,COLA33,45817.0,SHIPPED
ORD005648,2026-05-28,Seattle,ENER25,3262.0,SHIPPED
ORD003412,18/11/2025,Philadelphia,COLA33,67359.0,SHIPPED
ORD002596,2026-03-05,Phoenix,STILL15,1059.0,SHIPPED
ORD006583,05/06/2026,Boston,COLA33,3456.0,SHIPPED
ORD005486,2025-12-10,Seattle,JUICE10,4486.0,SHIPPED
ORD000283,21/04/2026,New York ,COLA33,19231.0,SHIPPED
ORD006760,2026-02-17,Boston,JUICE10,1352.0,SHIPPED
ORD008883,09/12/2025,San Francisco,TEA50,33132.0,CANCELLED
ORD004250,05/11/2025,Atlanta,JUICE10,12871.0,SHIPPED
ORD000326,02/10/2025,New York,TEA50,8935.0,SHIPPED
ORD004688,24/12/2025,Miami,COLA33,105114.0,SHIPPED
ORD004584,2025-12-01,Miami,SPARK10,18843.0,SHIPPED
ORD005795,2025-10-08,Denver,SPARK10,733.0,SHIPPED
ORD007870,2025-10-10,Detroit ,TEA50,14948.0,SHIPPED
ORD001287,07/11/2025,Chicago,STILL15,19756.0,SHIPPED
ORD007804,2026-02-09,Detroit,COLA33,399.0,SHIPPED
ORD001119,2026-03-09,LOS ANGELES,JUICE10,18620.0,SHIPPED
ORD005160,19/09/2025,Seattle ,SPARK10,7771.0,SHIPPED
ORD004871,2025-10-07, miami,JUICE10,5788.0,SHIPPED
ORD001156,07/08/2026,Los Angeles,JUICE10,1874.0,SHIPPED
ORD003528,2026-02-04, philadelphia,TEA50,16872.0,SHIPPED
ORD008378,15/07/2026,San Francisco,SPARK10,3952.0,SHIPPED
ORD004122,18/08/2026, atlanta,COLA33,26079.0,SHIPPED
ORD001117,25/02/2026,Los Angeles,JUICE10,15862.0,SHIPPED
ORD007902,05/02/2026,Detroit,TEA50,3919.0,SHIPPED
ORD002013,28/10/2025,Houston,SPARK10,17393.0,SHIPPED
ORD007697,29/01/2026,Detroit,SPARK10,13698.0,SHIPPED
ORD007919,2026-04-13,Detroit,TEA50,10499.0,SHIPPED
ORD002447,2025-11-27,Houston,ENER25,24971.0,SHIPPED
ORD006872,2026-02-23,Boston,ENER25,1075.0,SHIPPED
ORD005757,2026-05-26,Denver,STILL15,5834.0,SHIPPED
ORD008708,2025-09-08,San Francisco ,ENER25,21342.0,SHIPPED
ORD000062,2026-04-21,New York,STILL15,47187.0,SHIPPED
ORD005443,2026-06-26,Seattle ,TEA50,12407.0,SHIPPED
ORD007053,2025-10-23,Minneapolis,SPARK10,1361.0,SHIPPED
ORD005555,2026-08-12,SEATTLE,JUICE10,4663.0,SHIPPED
ORD004869,08/10/2025,Miami,JUICE10,832.0,SHIPPED
ORD004741,23/06/2026, miami,COLA33,31584.0,SHIPPED
ORD006274,22/06/2026, denver,ENER25,608.0,SHIPPED
ORD002869,28/10/2025,Phoenix,TEA50,3678.0,SHIPPED
ORD005000,2026-01-14,Miami,ENER25,8036.0,SHIPPED
ORD001811,31/10/2025,Chicago,ENER25,18979.0,SHIPPED
ORD004770,23/10/2025,Miami,TEA50,7187.0,SHIPPED
ORD000925,2026-03-24,Los Angeles,COLA33,141509.0,SHIPPED
ORD000742,29/06/2026,LOS ANGELES,STILL15,30435.0,SHIPPED
ORD006367,25/05/2026,Boston,STILL15,2361.0,SHIPPED
ORD006353,31/03/2026,Boston,STILL15,23634.0,SHIPPED
ORD000679,2025-12-26,Los Angeles,STILL15,52285.0,SHIPPED
ORD006318,2025-11-25, boston,STILL15,8884.0,SHIPPED
ORD000548,2025-10-01,New York,ENER25,9667.0,SHIPPED
ORD004677,06/11/2025,Miami,COLA33,43638.0,SHIPPED
ORD000469,2025-12-29,New York,JUICE10,10715.0,SHIPPED
ORD005616,2026-02-13,Seattle,ENER25,1583.0,SHIPPED
ORD005354,2026-08-20,Seattle,COLA33,76718.0,SHIPPED
ORD000799,30/01/2026,Los Angeles,SPARK10,20248.0,SHIPPED
ORD007154,2025-11-07,MINNEAPOLIS,COLA33,39820.0,SHIPPED
ORD001344,2026-05-12,CHICAGO,STILL15,490.0,SHIPPED
ORD002344,2025-12-17,Houston ,JUICE10,10559.0,SHIPPED
ORD005418,2026-04-17,SEATTLE,TEA50,4939.0,SHIPPED
ORD000855,2026-07-31,Los Angeles,SPARK10,5451.0,SHIPPED
ORD000384,14/04/2026,New York ,TEA50,7862.0,SHIPPED
ORD004448,2025-09-15,Miami,STILL15,15677.0,SHIPPED
ORD005472,24/10/2025,Seattle,JUICE10,7876.0,SHIPPED
ORD004752,2026-08-11,Miami,COLA33,78709.0,SHIPPED
ORD002684,2025-12-24,Phoenix,SPARK10,6505.0,SHIPPED
ORD008823,18/11/2025,Phoenix,SPARK10,22687.0,CANCELLED
ORD008801,20/07/2026,San Francisco,ENER25,13104.0,SHIPPED
ORD000834,2026-05-25, los angeles,SPARK10,14175.0,SHIPPED
ORD006352,25/03/2026,BOSTON,STILL15,15859.0,SHIPPED
ORD002628,18/06/2026,Phoenix,STILL15,2490.0,SHIPPED
ORD000769,2025-10-20,Los Angeles,SPARK10,7164.0,SHIPPED
ORD003710,2025-10-10,Philadelphia,ENER25,8299.0,SHIPPED
ORD005897,09/10/2025,Denver,COLA33,79756.0,SHIPPED
ORD008537,2026-02-03,San Francisco,TEA50,23603.0,SHIPPED
ORD005970,2026-06-17,Denver ,COLA33,10695.0,SHIPPED
ORD000204,16/07/2026,New York,SPARK10,27208.0,SHIPPED
ORD006489,2026-07-10,Boston,SPARK10,9444.0,SHIPPED
ORD003152,16/06/2026,Phoenix,ENER25,9953.0,SHIPPED
ORD001761,2026-04-30,Chicago,JUICE10,18916.0,SHIPPED
ORD003438,2026-02-24,Philadelphia,COLA33,40890.0,SHIPPED
ORD007703,18/02/2026,Detroit ,SPARK10,6295.0,SHIPPED
ORD001894,05/08/2026,Chicago,ENER25,10537.0,SHIPPED
ORD006703,2026-08-26,Boston,TEA50,6920.0,SHIPPED
ORD006778,2026-04-17,Boston ,JUICE10,2625.0,SHIPPED
ORD001977,2026-06-11,Houston,STILL15,20200.0,SHIPPED
ORD005009,2026-02-13,MIAMI,ENER25,37981.0,SHIPPED
ORD001691,2026-08-26,Chicago,TEA50,28741.0,SHIPPED
ORD008484,27/07/2026,San Francisco,COLA33,69785.0,SHIPPED
ORD005815,2025-12-18,Denver,SPARK10,327.0,SHIPPED
ORD006031,05/02/2026,Denver,TEA50,16071.0,SHIPPED
ORD003379,2026-07-30,Philadelphia,SPARK10,16956.0,SHIPPED
ORD006024,08/01/2026,Denver,TEA50,16060.0,SHIPPED
ORD006338,2026-01-28,Boston ,STILL15,5775.0,SHIPPED
ORD001046,19/06/2026,Los Angeles,TEA50,5369.0,SHIPPED
ORD003330,2026-02-10,Philadelphia,SPARK10,17067.0,SHIPPED
ORD000104,11/09/2025,NEW YORK,SPARK10,28714.0,SHIPPED
ORD007437,2026-08-27,Minneapolis,JUICE10,4438.0,SHIPPED
ORD007233,2025-09-11,Minneapolis,TEA50,1209.0,SHIPPED
ORD005070,2025-09-22,Seattle,STILL15,6377.0,SHIPPED
ORD006602,13/08/2026,Boston,COLA33,30969.0,SHIPPED
ORD001640,2026-02-26,Chicago,TEA50,10269.0,SHIPPED
ORD001186,12/11/2025,Los Angeles,ENER25,47670.0,SHIPPED
ORD005411,23/03/2026,Seattle,TEA50,6831.0,SHIPPED
ORD007128,2026-08-03,Minneapolis,SPARK10,2247.0,SHIPPED
ORD003365,2026-05-29,PHILADELPHIA,SPARK10,13393.0,SHIPPED
ORD001437,2026-04-01,Chicago,SPARK10,26445.0,SHIPPED
ORD003964,16/03/2026,Atlanta,SPARK10,21242.0,SHIPPED
ORD004298,28/04/2026,Atlanta,JUICE10,2160.0,SHIPPED
ORD008036,09/04/2026, detroit,JUICE10,3948.0,SHIPPED
ORD008461,06/05/2026,San Francisco ,COLA33,17269.0,SHIPPED
ORD002820,2026-05-01,PHOENIX,COLA33,63178.0,SHIPPED
ORD008060,2026-07-07,Detroit ,JUICE10,1515.0,SHIPPED
ORD000495,19/03/2026,New York,JUICE10,14519.0,SHIPPED
ORD002083,03/07/2026,Houston ,SPARK10,9199.0,SHIPPED
ORD007385,2026-02-17,Minneapolis,JUICE10,9692.0,SHIPPED
ORD007288,25/03/2026,Minneapolis ,TEA50,1025.0,SHIPPED
ORD007678,2025-11-27,Detroit,SPARK10,9842.0,SHIPPED
ORD001240,22/05/2026,Los Angeles,ENER25,1645.0,SHIPPED
ORD008241,2026-02-24, san francisco,STILL15,4400.0,SHIPPED
ORD004425,2026-06-26,Atlanta,ENER25,40421.0,SHIPPED
ORD006422,2025-12-05,BOSTON,SPARK10,747.0,SHIPPED
ORD005977,2026-07-23,DENVER,COLA33,21353.0,SHIPPED
ORD000058,2026-04-09, new york,STILL15,40645.0,SHIPPED
ORD001041,27/05/2026,Los Angeles,TEA50,37886.0,SHIPPED
ORD007545,2026-08-24,Minneapolis,ENER25,5181.0,SHIPPED
ORD006131,2025-12-19,Denver,JUICE10,568.0,SHIPPED
ORD003139,2026-05-07,Phoenix,ENER25,11218.0,SHIPPED
ORD002924,2026-04-13, phoenix,TEA50,880.0,SHIPPED
ORD004205,02/06/2026, atlanta,TEA50,1227.0,SHIPPED
ORD001799,2025-09-15,Chicago,ENER25,15293.0,SHIPPED
ORD003317,2025-12-25,PHILADELPHIA,SPARK10,13181.0,SHIPPED
ORD008470,2026-06-05,SAN FRANCISCO,COLA33,77677.0,SHIPPED
ORD006799,17/06/2026,Boston,JUICE10,5512.0,SHIPPED
ORD003157,2026-07-10,Phoenix,ENER25,15265.0,SHIPPED
ORD004644,14/07/2026,Miami,SPARK10,2089.0,SHIPPED
ORD004571,23/10/2025,Miami,SPARK10,20747.0,SHIPPED
ORD004091,2026-05-18,Atlanta,COLA33,32333.0,SHIPPED
ORD003123,2026-03-19,Phoenix,ENER25,13521.0,SHIPPED
ORD000220,2025-09-22,New York,COLA33,207911.0,SHIPPED
ORD005055,2026-07-27,MIAMI,ENER25,12873.0,SHIPPED
ORD000358,2026-01-13, new york,TEA50,33669.0,SHIPPED
ORD006120,2025-11-13,Denver,JUICE10,5592.0,SHIPPED
ORD008075,25/08/2026, detroit,JUICE10,2151.0,SHIPPED
ORD004596,2026-01-23,Miami,SPARK10,6207.0,SHIPPED
ORD006577,2026-05-11,Boston,COLA33,11888.0,SHIPPED
ORD008334,17/02/2026, san francisco,SPARK10,5798.0,SHIPPED
ORD002424,2025-09-02,Houston,ENER25,20200.0,SHIPPED
ORD006653,2026-02-24,Boston,TEA50,16431.0,SHIPPED
ORD005075,2025-10-14,Seattle,STILL15,14240.0,SHIPPED
ORD007491,27/02/2026, minneapolis,ENER25,25465.0,SHIPPED
ORD007490,20/02/2026, minneapolis,ENER25,33254.0,SHIPPED
ORD008748,2026-01-28,San Francisco,ENER25,8159.0,SHIPPED
ORD003891,2026-06-29,Atlanta,STILL15,17768.0,SHIPPED
ORD002268,11/03/2026,Houston,TEA50,15780.0,SHIPPED
ORD006568,2026-04-14,Boston,COLA33,111.0,SHIPPED
ORD006689,2026-06-30,Boston,TEA50,22634.0,SHIPPED
ORD000780,27/11/2025,Los Angeles,SPARK10,3627.0,SHIPPED
ORD001858,2026-04-17,CHICAGO,ENER25,34886.0,SHIPPED
ORD002122,2025-10-20,HOUSTON,COLA33,44440.0,SHIPPED
ORD002498,2026-04-24,Houston,ENER25,40583.0,SHIPPED
ORD001982,2026-07-09,HOUSTON,STILL15,11192.0,SHIPPED
ORD003127,02/04/2026,Phoenix ,ENER25,16944.0,SHIPPED
ORD007878,2025-11-05,Detroit,TEA50,9847.0,SHIPPED
ORD007239,2025-09-30,Minneapolis,TEA50,9188.0,SHIPPED
ORD006136,29/12/2025,Denver,JUICE10,2043.0,SHIPPED
ORD000803,13/02/2026,Los Angeles,SPARK10,19407.0,SHIPPED
ORD003454,2026-04-20,Philadelphia,COLA33,59262.0,SHIPPED
ORD004331,2026-08-07,Atlanta ,JUICE10,369.0,SHIPPED
ORD006765,2026-03-04,Boston,JUICE10,3820.0,SHIPPED
ORD001088,2025-11-11,Los Angeles ,JUICE10,12026.0,SHIPPED
ORD007011,09/06/2026,Minneapolis,STILL15,5133.0,SHIPPED
ORD004759,2025-09-10,Miami,TEA50,11920.0,SHIPPED
ORD004725,21/04/2026,Miami,COLA33,66916.0,SHIPPED
ORD004382,2026-01-26,Atlanta,ENER25,5190.0,SHIPPED
ORD007195,2026-04-29,MINNEAPOLIS,COLA33,25969.0,SHIPPED
ORD005266,24/10/2025,Seattle ,COLA33,6618.0,SHIPPED
ORD001520,16/01/2026,Chicago,COLA33,70609.0,SHIPPED
ORD002325,13/10/2025,Houston,JUICE10,9242.0,SHIPPED
ORD004014,2026-08-26,Atlanta,SPARK10,3662.0,SHIPPED
ORD008894,27/04/2026,Seattle,JUICE10,3541.0,CANCELLED
ORD005856,08/05/2026,Denver,SPARK10,436.0,SHIPPED
ORD005759,2026-06-05,DENVER,STILL15,4575.0,SHIPPED
ORD004291,2026-03-24,Atlanta,JUICE10,7992.0,SHIPPED
ORD004884,18/12/2025, miami,JUICE10,4328.0,SHIPPED
ORD003395,2025-10-03,PHILADELPHIA,COLA33,27634.0,SHIPPED
ORD006616,2025-10-03,Boston,TEA50,11927.0,SHIPPED
ORD000832,2026-05-22, los angeles,SPARK10,13406.0,SHIPPED
ORD004769,2025-10-22,Miami ,TEA50,18796.0,SHIPPED
ORD002285,01/06/2026,Houston,TEA50,36116.0,SHIPPED
ORD006710,2025-09-19,Boston,JUICE10,153.0,SHIPPED
ORD004447,2025-09-08,Miami ,STILL15,23053.0,SHIPPED
ORD006764,04/03/2026,Boston ,JUICE10,4764.0,SHIPPED
ORD007830,2026-05-12,Detroit,COLA33,69482.0,SHIPPED
ORD001131,2026-04-21,Los Angeles ,JUICE10,3275.0,SHIPPED
ORD005397,2026-01-26, seattle,TEA50,780.0,SHIPPED
ORD007431,2026-08-07,Minneapolis,JUICE10,1298.0,SHIPPED
ORD008667,2026-04-24, san francisco,JUICE10,7027.0,SHIPPED
ORD001920,2025-11-03,Houston,STILL15,3994.0,SHIPPED
ORD005851,21/04/2026,Denver,SPARK10,5306.0,SHIPPED
ORD008834,11/08/2026,Minneapolis ,STILL15,19886.0,CANCELLED
ORD006411,2025-11-06,Boston,SPARK10,11762.0,SHIPPED
ORD003477,2026-07-07,Philadelphia,COLA33,20472.0,SHIPPED
ORD007667,2025-09-30,Detroit,SPARK10,2482.0,SHIPPED
ORD007519,2026-06-04,Minneapolis,ENER25,10819.0,SHIPPED
ORD005510,2026-03-04, seattle,JUICE10,1289.0,SHIPPED
ORD004089,2026-05-11,Atlanta,COLA33,50211.0,SHIPPED
ORD008207,2025-11-20,San Francisco,STILL15,93.0,SHIPPED
ORD008892,23/07/2026,Miami ,ENER25,8114.0,CANCELLED
ORD004338,2026-08-26,Atlanta,JUICE10,408.0,SHIPPED
ORD006364,2026-05-18,Boston,STILL15,7008.0,SHIPPED
ORD008588,2026-07-29,San Francisco ,TEA50,10.0,SHIPPED
ORD008129,2026-02-10,Detroit,ENER25,1989.0,SHIPPED
ORD001484,24/09/2025,Chicago,COLA33,55117.0,SHIPPED
ORD006970,2026-02-20,Minneapolis,STILL15,6742.0,SHIPPED
ORD007159,2025-12-01,Minneapolis,COLA33,67567.0,SHIPPED
ORD001816,18/11/2025,Chicago ,ENER25,13699.0,SHIPPED
ORD001511,2025-12-16,Chicago,COLA33,104054.0,SHIPPED
ORD007266,2025-12-16,Minneapolis ,TEA50,3653.0,SHIPPED
ORD006402,07/10/2025,Boston ,SPARK10,7583.0,SHIPPED
ORD002334,2025-11-11,Houston,JUICE10,2799.0,SHIPPED
ORD008271,2026-06-10,San Francisco,STILL15,8388.0,SHIPPED
ORD000047,10/02/2026,NEW YORK,STILL15,10052.0,SHIPPED
ORD001190,27/11/2025,LOS ANGELES,ENER25,33151.0,SHIPPED
ORD001306,02/01/2026,Chicago,STILL15,6038.0,SHIPPED
ORD003200,2025-11-27,Philadelphia,STILL15,7677.0,SHIPPED
ORD003186,2025-10-14,PHILADELPHIA,STILL15,4760.0,SHIPPED
ORD008584,20/07/2026,San Francisco,TEA50,1996.0,SHIPPED
ORD000850,24/07/2026,Los Angeles,SPARK10,8699.0,SHIPPED
ORD003167,2026-08-13,Phoenix,ENER25,1707.0,SHIPPED
ORD000063,27/04/2026,New York ,STILL15,28220.0,SHIPPED
ORD006584,03/06/2026, boston,COLA33,70623.0,SHIPPED
ORD008305,2025-10-21,San Francisco ,SPARK10,3047.0,SHIPPED
ORD000379,30/03/2026,New York,TEA50,15147.0,SHIPPED
ORD002197,06/07/2026,Houston,COLA33,14124.0,SHIPPED
ORD005427,2026-05-04,Seattle,TEA50,10148.0,SHIPPED
ORD005678,2025-09-18,DENVER,STILL15,9.0,SHIPPED
ORD003324,2026-01-21,Philadelphia,SPARK10,14293.0,SHIPPED
ORD005114,2026-03-26,Seattle,STILL15,13028.0,SHIPPED
ORD001324,05/03/2026,Chicago,STILL15,10248.0,SHIPPED
ORD003130,2026-04-06,Phoenix ,ENER25,6720.0,SHIPPED
ORD007236,2025-09-23, minneapolis,TEA50,14132.0,SHIPPED
ORD006106,30/09/2025,Denver ,JUICE10,5498.0,SHIPPED
ORD006184,23/06/2026,Denver,JUICE10,9809.0,SHIPPED
ORD003305,2025-11-06,PHILADELPHIA,SPARK10,3658.0,SHIPPED
ORD002547,2025-09-22,Phoenix,STILL15,14605.0,SHIPPED
ORD006159,2026-03-25,Denver,JUICE10,3641.0,SHIPPED
ORD006164,02/04/2026,Denver,JUICE10,1488.0,SHIPPED
ORD003686,07/08/2026,Philadelphia,JUICE10,4735.0,SHIPPED
ORD006978,11/03/2026,Minneapolis,STILL15,4705.0,SHIPPED
ORD001116,16/02/2026,Los Angeles,JUICE10,12143.0,SHIPPED
ORD008197,2025-10-17,SAN FRANCISCO,STILL15,14536.0,SHIPPED
ORD000192,2026-06-10,NEW YORK,SPARK10,36207.0,SHIPPED
ORD001572,2026-07-07,Chicago,COLA33,6491.0,SHIPPED
ORD006586,2026-06-18,BOSTON,COLA33,59954.0,SHIPPED
ORD000777,19/11/2025,Los Angeles,SPARK10,18607.0,SHIPPED
ORD006077,08/06/2026,Denver,TEA50,5753.0,SHIPPED
ORD003023,2026-03-23,Phoenix,JUICE10,3942.0,SHIPPED
ORD007931,20/05/2026,Detroit,TEA50,8770.0,SHIPPED
ORD004564,2025-09-23,MIAMI,SPARK10,5183.0,SHIPPED
ORD002726,2026-06-08,Phoenix,SPARK10,3947.0,SHIPPED
ORD005736,2026-03-19,Denver,STILL15,15109.0,SHIPPED
ORD004672,2025-10-23,Miami,COLA33,17586.0,SHIPPED
ORD007100,21/04/2026, minneapolis,SPARK10,132.0,SHIPPED
ORD000682,02/01/2026,Los Angeles,STILL15,19673.0,SHIPPED
ORD001888,2026-07-22,Chicago ,ENER25,11360.0,SHIPPED
ORD002475,2026-02-19,Houston ,ENER25,35145.0,SHIPPED
ORD003956,05/02/2026,Atlanta,SPARK10,19153.0,SHIPPED
ORD002270,20/03/2026,Houston,TEA50,22856.0,SHIPPED
ORD000445,2025-10-22,New York,JUICE10,20050.0,SHIPPED
ORD006175,22/05/2026,DENVER,JUICE10,281.0,SHIPPED
ORD002748,2026-08-19,Phoenix ,SPARK10,3065.0,SHIPPED
ORD007636,16/06/2026,Detroit,STILL15,306.0,SHIPPED
ORD007028,2026-07-23,MINNEAPOLIS,STILL15,5324.0,SHIPPED
ORD006163,2026-04-01, denver,JUICE10,1335.0,SHIPPED
ORD006433,02/01/2026,Boston,SPARK10,5869.0,SHIPPED
ORD000879,09/10/2025,Los Angeles,COLA33,26837.0,SHIPPED
ORD006653,2026-02-24,Boston,TEA50,16431.0,SHIPPED
ORD006069,2026-05-11, denver,TEA50,9504.0,SHIPPED
ORD006435,15/01/2026,Boston,SPARK10,383.0,SHIPPED
ORD006661,2026-03-26,Boston,TEA50,5230.0,SHIPPED
ORD005964,2026-06-01,Denver,COLA33,19761.0,SHIPPED
ORD006308,14/10/2025,Boston,STILL15,791.0,SHIPPED
ORD001502,2025-11-18,Chicago ,COLA33,9892.0,SHIPPED
ORD005870,01/07/2026, denver,SPARK10,13094.0,SHIPPED
ORD008472,2026-06-18,San Francisco,COLA33,31994.0,SHIPPED
ORD000762,2025-09-26,Los Angeles,SPARK10,52095.0,SHIPPED
ORD006919,2026-07-28,Boston,ENER25,19130.0,SHIPPED
ORD001885,2026-07-10,Chicago,ENER25,7570.0,SHIPPED
ORD007110,01/06/2026,Minneapolis,SPARK10,331.0,SHIPPED
ORD001380,2025-09-17,Chicago,SPARK10,8914.0,SHIPPED
ORD003134,23/04/2026,Phoenix,ENER25,21414.0,SHIPPED
ORD006894,2026-04-30,Boston,ENER25,29413.0,SHIPPED
ORD008770,2026-03-30,San Francisco,ENER25,23428.0,SHIPPED
ORD002790,2026-01-15,Phoenix,COLA33,21134.0,SHIPPED
ORD007559,06/10/2025,Detroit,STILL15,7562.0,SHIPPED
ORD005425,2026-04-27,Seattle,TEA50,2325.0,SHIPPED
ORD001933,2025-12-18,HOUSTON,STILL15,2247.0,SHIPPED
ORD008924,2026-02-06,Chicago,SPARK10,4682.0,CANCELLED
ORD005882,18/08/2026,Denver,SPARK10,9918.0,SHIPPED
ORD008111,2025-12-19,Detroit,ENER25,2114.0,SHIPPED
ORD003792,2026-07-24,Philadelphia,ENER25,31032.0,SHIPPED
ORD004271,2026-01-20,Atlanta,JUICE10,6809.0,SHIPPED
ORD005468,2025-09-30,Seattle,JUICE10,10159.0,SHIPPED
ORD006400,2025-09-22,Boston,SPARK10,13617.0,SHIPPED
ORD006639,2025-12-26,Boston,TEA50,18305.0,SHIPPED
ORD006976,2026-03-03,Minneapolis,STILL15,10415.0,SHIPPED
ORD001733,2026-01-27,Chicago,JUICE10,18860.0,SHIPPED
ORD007861,2025-09-10,DETROIT,TEA50,8969.0,SHIPPED
ORD008727,04/11/2025,San Francisco ,ENER25,12587.0,SHIPPED
ORD007428,2026-07-30,Minneapolis,JUICE10,5592.0,SHIPPED
ORD006370,2026-06-03,Boston,STILL15,12764.0,SHIPPED
ORD003443,06/03/2026,Philadelphia,COLA33,45528.0,SHIPPED
ORD003456,28/04/2026,Philadelphia,COLA33,20023.0,SHIPPED
ORD005312,2026-03-30,Seattle,COLA33,26992.0,SHIPPED
ORD003036,05/05/2026,Phoenix,JUICE10,12638.0,SHIPPED
ORD003251,15/05/2026,PHILADELPHIA,STILL15,976.0,SHIPPED
ORD000091,2026-07-29,New York,STILL15,18247.0,SHIPPED
ORD005134,2026-06-03,Seattle,STILL15,1329.0,SHIPPED
ORD008158,2026-06-04,Detroit,ENER25,8781.0,SHIPPED
ORD004980,2025-10-28,Miami ,ENER25,3139.0,SHIPPED
ORD000246,2025-12-17,New York,COLA33,156581.0,SHIPPED
ORD005708,17/12/2025,Denver ,STILL15,230.0,SHIPPED
ORD007611,03/04/2026,Detroit ,STILL15,15659.0,SHIPPED
ORD005820,09/01/2026,Denver,SPARK10,1153.0,SHIPPED
ORD005382,25/11/2025, seattle,TEA50,20986.0,SHIPPED
ORD004079,2026-04-01,Atlanta,COLA33,74844.0,SHIPPED
ORD002760,30/09/2025,Phoenix,COLA33,23647.0,SHIPPED
ORD008852,2026-03-09,Houston,COLA33,35637.0,CANCELLED
ORD000371,2026-03-04,New York,TEA50,36984.0,SHIPPED
ORD003753,2026-03-11,Philadelphia,ENER25,5550.0,SHIPPED
ORD005568,11/09/2025,Seattle,ENER25,7315.0,SHIPPED
ORD008023,23/02/2026,Detroit,JUICE10,6351.0,SHIPPED
ORD006931,2025-09-09,Minneapolis,STILL15,16684.0,SHIPPED
ORD007497,20/03/2026,Minneapolis,ENER25,23787.0,SHIPPED
ORD005721,04/02/2026,Denver,STILL15,2461.0,SHIPPED
ORD006618,2025-10-01,Boston,TEA50,1772.0,SHIPPED
ORD006845,21/11/2025,Boston,ENER25,12818.0,SHIPPED
ORD003387,02/09/2025,Philadelphia,COLA33,23862.0,SHIPPED
ORD003840,2026-01-06,Atlanta,STILL15,6109.0,SHIPPED
ORD001517,06/01/2026,Chicago,COLA33,836.0,SHIPPED
ORD000432,08/09/2025,New York,JUICE10,16726.0,SHIPPED
ORD007735,12/06/2026,DETROIT,SPARK10,575.0,SHIPPED
ORD005062,2026-08-20,Miami,ENER25,23506.0,SHIPPED
ORD007015,2026-06-16,Minneapolis,STILL15,5958.0,SHIPPED
ORD008951,09/07/2026,Seattle,TEA50,465.0,CANCELLED
ORD003519,2026-01-01,Philadelphia,TEA50,19210.0,SHIPPED
ORD004690,2025-12-31,Miami,COLA33,43859.0,SHIPPED
ORD008886,18/06/2026,Phoenix,STILL15,2486.0,CANCELLED
ORD004647,22/07/2026,Miami,SPARK10,5178.0,SHIPPED
ORD005751,2026-04-30,Denver,STILL15,6311.0,SHIPPED
ORD002085,2026-07-06,Houston ,SPARK10,2496.0,SHIPPED
ORD002502,2026-05-01,Houston,ENER25,17252.0,SHIPPED
ORD000195,16/06/2026,New York,SPARK10,13527.0,SHIPPED
ORD002857,11/09/2025,Phoenix,TEA50,7467.0,SHIPPED
ORD001949,16/02/2026,Houston,STILL15,24702.0,SHIPPED
ORD005432,2026-05-29,Seattle,TEA50,457.0,SHIPPED
ORD008564,2026-05-12,San Francisco,TEA50,25930.0,SHIPPED
ORD001628,07/01/2026,Chicago,TEA50,5229.0,SHIPPED
ORD000580,2026-01-20,New York,ENER25,4586.0,SHIPPED
ORD002438,21/10/2025,Houston,ENER25,18351.0,SHIPPED
ORD004336,2026-08-26,Atlanta,JUICE10,6068.0,SHIPPED
ORD005148,28/07/2026, seattle,STILL15,16189.0,SHIPPED
ORD006766,2026-03-13,Boston,JUICE10,5700.0,SHIPPED
ORD005220,2026-05-08,Seattle ,SPARK10,5723.0,SHIPPED
ORD004924,2026-04-14,Miami,JUICE10,3832.0,SHIPPED
ORD004084,13/04/2026,Atlanta,COLA33,84334.0,SHIPPED
ORD003080,15/10/2025,Phoenix ,ENER25,16553.0,SHIPPED
ORD002407,2026-07-14,Houston,JUICE10,15214.0,SHIPPED
ORD003309,2025-11-28,Philadelphia,SPARK10,5561.0,SHIPPED
ORD002388,14/05/2026,HOUSTON,JUICE10,464.0,SHIPPED
ORD003885,2026-06-09,Atlanta ,STILL15,12149.0,SHIPPED
ORD002340,2025-12-02,Houston,JUICE10,3556.0,SHIPPED
ORD005798,2025-10-27,Denver,SPARK10,10820.0,SHIPPED
ORD001694,2025-09-03,Chicago,JUICE10,9497.0,SHIPPED
ORD004810,2026-04-08,Miami ,TEA50,5192.0,SHIPPED
ORD007945,08/07/2026,Detroit ,TEA50,2619.0,SHIPPED
ORD002134,2025-12-03,Houston,COLA33,7345.0,SHIPPED
ORD007884,2025-11-24,Detroit,TEA50,283.0,SHIPPED
ORD007939,2026-06-10,Detroit,TEA50,3770.0,SHIPPED
ORD004800,24/02/2026,Miami,TEA50,15478.0,SHIPPED
ORD005374,2025-10-27,Seattle ,TEA50,17267.0,SHIPPED
ORD002821,01/05/2026,Phoenix ,COLA33,39985.0,SHIPPED
ORD002341,05/12/2025,HOUSTON,JUICE10,8091.0,SHIPPED
ORD006165,2026-04-06,Denver,JUICE10,12071.0,SHIPPED
ORD003881,2026-05-28,Atlanta,STILL15,9593.0,SHIPPED
ORD004301,06/05/2026,Atlanta,JUICE10,8828.0,SHIPPED
ORD006116,29/10/2025,Denver ,JUICE10,7917.0,SHIPPED
ORD006011,2025-11-12,DENVER,TEA50,16104.0,SHIPPED
ORD007741,22/06/2026,Detroit,SPARK10,5855.0,SHIPPED
ORD008422,16/12/2025,San Francisco,COLA33,64424.0,SHIPPED
ORD001132,29/04/2026,Los Angeles ,JUICE10,15948.0,SHIPPED
ORD003639,2026-03-03,Philadelphia,JUICE10,7475.0,SHIPPED
ORD003826,2025-11-10,Atlanta,STILL15,8303.0,SHIPPED
ORD007292,2026-04-13,Minneapolis,TEA50,20541.0,SHIPPED
ORD005221,2026-05-07,Seattle,SPARK10,6916.0,SHIPPED
ORD007161,2025-12-18,Minneapolis,COLA33,49364.0,SHIPPED
ORD007174,2026-02-09, minneapolis,COLA33,68064.0,SHIPPED
ORD004394,2026-03-04,Atlanta,ENER25,13477.0,SHIPPED
ORD005754,13/05/2026,Denver,STILL15,15224.0,SHIPPED
ORD004775,2025-11-12,Miami,TEA50,5119.0,SHIPPED
ORD000566,2025-12-01,New York,ENER25,4653.0,SHIPPED
ORD007762,2025-09-23,DETROIT,COLA33,14087.0,SHIPPED
ORD008183,2026-08-24,DETROIT,ENER25,16431.0,SHIPPED
ORD006984,2026-03-27,Minneapolis,STILL15,15631.0,SHIPPED
ORD006117,2025-10-31,Denver,JUICE10,255.0,SHIPPED
ORD000253,06/01/2026,New York,COLA33,78461.0,SHIPPED
ORD001450,2026-05-18,Chicago,SPARK10,2762.0,SHIPPED
ORD006238,2026-01-23,Denver,ENER25,9776.0,SHIPPED
ORD000653,30/09/2025,Los Angeles,STILL15,14403.0,SHIPPED
ORD004798,12/02/2026,Miami,TEA50,10973.0,SHIPPED
ORD003044,2026-06-03,Phoenix,JUICE10,7913.0,SHIPPED
ORD003381,10/08/2026,Philadelphia,SPARK10,24535.0,SHIPPED
ORD005514,2026-03-10,Seattle,JUICE10,8055.0,SHIPPED
ORD000751,05/08/2026,Los Angeles,STILL15,43115.0,SHIPPED
ORD002379,2026-04-17,Houston,JUICE10,941.0,SHIPPED
ORD006585,2026-06-11,Boston,COLA33,92040.0,SHIPPED
ORD004381,2026-01-20,Atlanta,ENER25,34066.0,SHIPPED
ORD004107,2026-07-02,Atlanta,COLA33,24885.0,SHIPPED
ORD003384,20/08/2026,Philadelphia,SPARK10,14439.0,SHIPPED
ORD005344,2026-07-24,Seattle,COLA33,85404.0,SHIPPED
ORD007695,2026-01-19,Detroit,SPARK10,5824.0,SHIPPED
ORD001969,13/05/2026,Houston,STILL15,20166.0,SHIPPED
ORD005972,2026-06-26,Denver,COLA33,82228.0,SHIPPED
ORD004794,30/01/2026,Miami,TEA50,18529.0,SHIPPED
ORD004637,25/06/2026,Miami,SPARK10,6990.0,SHIPPED
ORD008640,2026-01-23,SAN FRANCISCO,JUICE10,1044.0,SHIPPED
ORD005600,2025-12-16,Seattle,ENER25,1511.0,SHIPPED
ORD008287,2026-08-07,San Francisco ,STILL15,1486.0,SHIPPED
ORD000093,04/08/2026, new york,STILL15,1433.0,SHIPPED
ORD001107,2026-01-19,Los Angeles,JUICE10,23546.0,SHIPPED
ORD007237,2025-09-23,Minneapolis,TEA50,6900.0,SHIPPED
ORD007021,2026-07-03,Minneapolis ,STILL15,614.0,SHIPPED
ORD006567,16/04/2026,BOSTON,COLA33,44945.0,SHIPPED
ORD004418,2026-06-03,Atlanta,ENER25,7325.0,SHIPPED
ORD005702,2025-12-03,DENVER,STILL15,1111.0,SHIPPED
ORD002384,01/05/2026,Houston,JUICE10,11802.0,SHIPPED
ORD001532,2026-02-17,Chicago,COLA33,79236.0,SHIPPED
ORD004073,10/03/2026,Atlanta,COLA33,27388.0,SHIPPED
ORD001999,2026-08-27,Houston,STILL15,3702.0,SHIPPED
ORD005275,21/11/2025,Seattle,COLA33,56191.0,SHIPPED
ORD006856,2025-12-22,BOSTON,ENER25,577.0,SHIPPED
ORD000325,2025-09-29,New York,TEA50,7383.0,SHIPPED
ORD008565,15/05/2026,San Francisco,TEA50,137.0,SHIPPED
ORD004496,2026-02-20,Miami,STILL15,13928.0,SHIPPED
ORD007383,11/02/2026,Minneapolis,JUICE10,238.0,SHIPPED
ORD001624,2025-12-23,Chicago,TEA50,1139.0,SHIPPED
ORD005125,2026-05-13,Seattle,STILL15,9804.0,SHIPPED
ORD008177,03/08/2026,Detroit,ENER25,12888.0,SHIPPED
ORD008944,2025-12-16,Seattle,ENER25,27256.0,CANCELLED
ORD002971,2025-09-17,Phoenix,JUICE10,9500.0,SHIPPED
ORD005058,11/08/2026,Miami,ENER25,4441.0,SHIPPED
ORD005165,2025-09-29,Seattle,SPARK10,10817.0,SHIPPED
ORD008261,30/04/2026,San Francisco,STILL15,10185.0,SHIPPED
ORD004982,2025-11-05,Miami ,ENER25,14762.0,SHIPPED
ORD003035,28/04/2026,Phoenix,JUICE10,13889.0,SHIPPED
ORD006847,25/11/2025,BOSTON,ENER25,12813.0,SHIPPED
ORD006198,2026-08-18,Denver,JUICE10,349.0,SHIPPED
ORD004414,20/05/2026,Atlanta,ENER25,4315.0,SHIPPED
ORD008910,30/12/2025,Los Angeles,STILL15,4723.0,CANCELLED
ORD008782,2026-05-20,San Francisco,ENER25,12451.0,SHIPPED
ORD005028,2026-05-07,MIAMI,ENER25,19351.0,SHIPPED
ORD001385,2025-10-01,Chicago,SPARK10,22090.0,SHIPPED
ORD003822,2025-10-29,Atlanta,STILL15,5562.0,SHIPPED
ORD005229,27/05/2026,Seattle,SPARK10,114.0,SHIPPED
ORD006910,2026-06-23,Boston ,ENER25,5390.0,SHIPPED
ORD005836,26/02/2026,Denver,SPARK10,4886.0,SHIPPED
ORD002095,03/08/2026,Houston,SPARK10,3630.0,SHIPPED
ORD003341,2026-03-10,Philadelphia,SPARK10,1318.0,SHIPPED
ORD005483,04/12/2025,Seattle,JUICE10,4768.0,SHIPPED
ORD001877,03/06/2026,CHICAGO,ENER25,23277.0,SHIPPED
ORD003316,2025-12-17,Philadelphia,SPARK10,11112.0,SHIPPED
ORD002720,2026-05-20,Phoenix,SPARK10,2406.0,SHIPPED
ORD008567,2026-05-20,San Francisco,TEA50,3885.0,SHIPPED
ORD004557,02/09/2025,Miami ,SPARK10,11958.0,SHIPPED
ORD006458,2026-03-23,Boston,SPARK10,2717.0,SHIPPED
ORD004893,09/01/2026,Miami,JUICE10,8110.0,SHIPPED
ORD000934,2026-04-22,Los Angeles,COLA33,19709.0,SHIPPED
ORD006895,2026-05-04,Boston,ENER25,5367.0,SHIPPED
ORD002389,2026-05-18, houston,JUICE10,728.0,SHIPPED
ORD004995,30/12/2025, miami,ENER25,4168.0,SHIPPED
ORD007264,2025-12-12,Minneapolis,TEA50,3303.0,SHIPPED
ORD008279,2026-07-10,San Francisco ,STILL15,28851.0,SHIPPED
ORD003849,09/02/2026,Atlanta,STILL15,9539.0,SHIPPED
ORD004919,2026-03-24, miami,JUICE10,7551.0,SHIPPED
ORD002783,2025-12-19,Phoenix,COLA33,47023.0,SHIPPED
ORD008533,2026-01-21,San Francisco,TEA50,21078.0,SHIPPED
ORD000194,2026-06-17,New York,SPARK10,2296.0,SHIPPED
ORD001108,2026-01-29,Los Angeles,JUICE10,3468.0,SHIPPED
ORD006724,2025-10-31,Boston,JUICE10,910.0,SHIPPED
ORD005646,2026-05-18,Seattle,ENER25,3031.0,SHIPPED
ORD006683,05/06/2026,Boston,TEA50,671.0,SHIPPED
ORD004197,2026-05-05,Atlanta,TEA50,10232.0,SHIPPED
ORD001233,28/04/2026,Los Angeles,ENER25,65816.0,SHIPPED
ORD001643,2026-03-04,Chicago,TEA50,4789.0,SHIPPED
ORD005343,2026-07-17,Seattle ,COLA33,88195.0,SHIPPED
ORD006105,25/09/2025,Denver ,JUICE10,8400.0,SHIPPED
ORD005507,2026-02-26,Seattle ,JUICE10,293.0,SHIPPED
ORD008747,28/01/2026,San Francisco,ENER25,4580.0,SHIPPED
ORD002548,22/09/2025,PHOENIX,STILL15,935.0,SHIPPED
ORD006243,2026-02-10,Denver ,ENER25,18339.0,SHIPPED
ORD002700,2026-02-27,PHOENIX,SPARK10,11654.0,SHIPPED
ORD007435,2026-08-21,Minneapolis,JUICE10,5229.0,SHIPPED
ORD005706,12/12/2025,DENVER,STILL15,557.0,SHIPPED
ORD000704,10/03/2026,Los Angeles,STILL15,16114.0,SHIPPED
ORD006423,2025-12-10,Boston,SPARK10,912.0,SHIPPED
ORD003306,06/11/2025,Philadelphia ,SPARK10,8280.0,SHIPPED
ORD000112,2025-10-09,New York ,SPARK10,552.0,SHIPPED
ORD004112,2026-07-14,Atlanta,COLA33,88911.0,SHIPPED
ORD007093,2026-03-17,Minneapolis,SPARK10,14431.0,SHIPPED
ORD001574,16/07/2026,Chicago,COLA33,4360.0,SHIPPED
ORD008028,2026-03-10, detroit,JUICE10,7661.0,SHIPPED
ORD006842,2025-10-29,Boston,ENER25,4764.0,SHIPPED
ORD007970,2025-09-26, detroit,JUICE10,7903.0,SHIPPED
ORD008228,22/01/2026,San Francisco ,STILL15,2130.0,SHIPPED
ORD002964,2026-08-20,Phoenix,TEA50,8668.0,SHIPPED
ORD008783,22/05/2026,San Francisco,ENER25,5308.0,SHIPPED
ORD007318,2026-07-08, minneapolis,TEA50,4161.0,SHIPPED
ORD004772,2025-10-31, miami,TEA50,6412.0,SHIPPED
ORD000501,10/04/2026,NEW YORK,JUICE10,14241.0,SHIPPED
ORD003539,2026-03-16,Philadelphia,TEA50,8245.0,SHIPPED
ORD001257,2026-07-13,Los Angeles,ENER25,34804.0,SHIPPED
ORD001900,2026-08-24,Chicago,ENER25,21648.0,SHIPPED
ORD002175,2026-05-05, houston,COLA33,107817.0,SHIPPED
ORD001732,2026-01-19,CHICAGO,JUICE10,4467.0,SHIPPED
ORD002780,2025-12-08,Phoenix,COLA33,57096.0,SHIPPED
ORD005317,2026-04-30, seattle,COLA33,15891.0,SHIPPED
ORD005480,27/11/2025,Seattle,JUICE10,3542.0,SHIPPED
ORD003506,2025-11-14,Philadelphia,TEA50,19003.0,SHIPPED
ORD005684,2025-10-06,DENVER,STILL15,8835.0,SHIPPED
ORD008436,2026-01-30,San Francisco,COLA33,15255.0,SHIPPED
ORD008031,2026-03-27, detroit,JUICE10,5282.0,SHIPPED
ORD003262,08/06/2026,Philadelphia ,STILL15,4241.0,SHIPPED
ORD002552,06/10/2025,Phoenix,STILL15,2771.0,SHIPPED
ORD006645,2026-01-19,BOSTON,TEA50,16566.0,SHIPPED
ORD004711,26/02/2026,Miami,COLA33,71873.0,SHIPPED
ORD000928,03/04/2026,Los Angeles ,COLA33,27245.0,SHIPPED
ORD008890,2026-06-05,Boston,COLA33,9416.0,CANCELLED
ORD006908,2026-06-08,Boston,ENER25,4147.0,SHIPPED
ORD004239,2025-09-30, atlanta,JUICE10,393.0,SHIPPED
ORD002272,30/03/2026,Houston,TEA50,19201.0,SHIPPED
ORD008401,2025-10-17,San Francisco,COLA33,66477.0,SHIPPED
ORD002673,02/12/2025,Phoenix ,SPARK10,296.0,SHIPPED
ORD003094,2025-12-03,PHOENIX,ENER25,18808.0,SHIPPED
ORD006121,2025-11-20,Denver,JUICE10,5197.0,SHIPPED
ORD008278,02/07/2026,San Francisco,STILL15,8622.0,SHIPPED
ORD008016,2026-02-05,Detroit,JUICE10,3113.0,SHIPPED
ORD006977,05/03/2026,Minneapolis,STILL15,4570.0,SHIPPED
ORD007942,24/06/2026,Detroit ,TEA50,15404.0,SHIPPED
ORD002737,2026-07-15,Phoenix ,SPARK10,8689.0,SHIPPED
ORD001625,30/12/2025,CHICAGO,TEA50,29041.0,SHIPPED
ORD008316,2025-12-11,San Francisco,SPARK10,6716.0,SHIPPED
ORD001390,2025-10-14,Chicago,SPARK10,2984.0,SHIPPED
ORD006954,2025-12-16,Minneapolis,STILL15,22222.0,SHIPPED
ORD008606,30/09/2025,San Francisco,JUICE10,9490.0,SHIPPED
ORD006874,2026-02-24,Boston,ENER25,13309.0,SHIPPED
ORD000132,2025-11-25,New York,SPARK10,18592.0,SHIPPED
ORD004445,04/09/2025,Miami,STILL15,14612.0,SHIPPED
ORD007284,2026-03-04,Minneapolis ,TEA50,14628.0,SHIPPED
ORD004859,2025-09-04,Miami,JUICE10,7141.0,SHIPPED
ORD000622,03/06/2026,New York ,ENER25,9773.0,SHIPPED
ORD007596,30/01/2026,Detroit,STILL15,14072.0,SHIPPED
ORD008406,2025-11-06,San Francisco,COLA33,33196.0,SHIPPED
ORD008380,2026-07-16,San Francisco,SPARK10,4980.0,SHIPPED
ORD008689,2026-06-26,San Francisco,JUICE10,5621.0,SHIPPED
ORD005013,25/02/2026,Miami,ENER25,13141.0,SHIPPED
ORD006773,2026-04-01,Boston,JUICE10,10041.0,SHIPPED
ORD007050,2025-10-13,Minneapolis,SPARK10,3432.0,SHIPPED
ORD006911,24/06/2026,Boston,ENER25,21664.0,SHIPPED
ORD005034,2026-05-28,Miami,ENER25,5232.0,SHIPPED
ORD007220,2026-08-03,Minneapolis,COLA33,69100.0,SHIPPED
ORD007662,2025-09-16,DETROIT,SPARK10,9499.0,SHIPPED
ORD003965,16/03/2026,Atlanta,SPARK10,1859.0,SHIPPED
ORD003864,2026-03-30,Atlanta,STILL15,4526.0,SHIPPED
ORD004684,10/12/2025,Miami ,COLA33,1283.0,SHIPPED
ORD004192,28/04/2026,Atlanta,TEA50,13368.0,SHIPPED
ORD005962,19/05/2026,Denver,COLA33,40076.0,SHIPPED
ORD002800,2026-02-20,PHOENIX,COLA33,36194.0,SHIPPED
ORD005490,23/12/2025,Seattle,JUICE10,1451.0,SHIPPED
ORD008836,2025-11-12, seattle,STILL15,25249.0,CANCELLED
ORD000572,2025-12-31,New York,ENER25,17481.0,SHIPPED
ORD008442,2026-02-18,San Francisco,COLA33,80519.0,SHIPPED
ORD004236,2025-09-23,Atlanta,JUICE10,8872.0,SHIPPED
ORD001621,2025-12-16,Chicago,TEA50,37008.0,SHIPPED
ORD005718,23/01/2026, denver,STILL15,1006.0,SHIPPED
ORD004063,05/02/2026,Atlanta,COLA33,15181.0,SHIPPED
ORD001661,06/05/2026,Chicago ,TEA50,11363.0,SHIPPED
ORD004052,2026-01-01,Atlanta,COLA33,103636.0,SHIPPED
ORD005458,2026-08-18,Seattle,TEA50,15885.0,SHIPPED
ORD003181,2025-09-23,Philadelphia,STILL15,12206.0,SHIPPED
ORD004907,2026-02-13,Miami,JUICE10,2169.0,SHIPPED
ORD006926,2026-08-17,Boston,ENER25,14177.0,SHIPPED
ORD000071,2026-05-21,NEW YORK,STILL15,24863.0,SHIPPED
ORD004679,11/11/2025,Miami,COLA33,4578.0,SHIPPED
ORD003728,2025-12-16,Philadelphia,ENER25,7143.0,SHIPPED
ORD005478,2025-11-10,Seattle,JUICE10,4548.0,SHIPPED
ORD003625,15/01/2026,Philadelphia,JUICE10,48.0,SHIPPED
ORD007072,02/01/2026, minneapolis,SPARK10,390.0,SHIPPED
ORD008345,2026-03-30,SAN FRANCISCO,SPARK10,4695.0,SHIPPED
ORD007787,2025-12-22,Detroit,COLA33,15947.0,SHIPPED
ORD000922,2026-03-11,Los Angeles,COLA33,13777.0,SHIPPED
ORD008214,12/12/2025,SAN FRANCISCO,STILL15,5329.0,SHIPPED
ORD008967,2025-12-29,Phoenix,JUICE10,13828.0,CANCELLED
ORD001659,29/04/2026,Chicago,TEA50,3753.0,SHIPPED
ORD006887,2026-04-09,Boston,ENER25,8549.0,SHIPPED
ORD003892,06/07/2026,Atlanta,STILL15,8366.0,SHIPPED
ORD005626,17/03/2026, seattle,ENER25,990.0,SHIPPED
ORD006840,2025-10-24,BOSTON,ENER25,31473.0,SHIPPED
ORD000034,01/01/2026, new york,STILL15,14508.0,SHIPPED
ORD007219,29/07/2026,MINNEAPOLIS,COLA33,13707.0,SHIPPED
ORD008131,2026-02-20,Detroit,ENER25,22570.0,SHIPPED
ORD002586,2026-02-02,Phoenix,STILL15,18601.0,SHIPPED
ORD006441,2026-02-06,Boston,SPARK10,3690.0,SHIPPED
ORD006042,2026-03-05,Denver ,TEA50,19633.0,SHIPPED
ORD001181,2025-10-31,Los Angeles,ENER25,2148.0,SHIPPED
ORD007333,2026-08-25,Minneapolis,TEA50,8652.0,SHIPPED
ORD002135,2025-12-11,Houston,COLA33,91158.0,SHIPPED
ORD002141,26/12/2025,Houston,COLA33,19260.0,SHIPPED
ORD007006,2026-05-27, minneapolis,STILL15,1524.0,SHIPPED
ORD007026,2026-07-24,Minneapolis,STILL15,4697.0,SHIPPED
ORD004729,28/04/2026,Miami,COLA33,3596.0,SHIPPED
ORD001684,22/07/2026,Chicago,TEA50,21741.0,SHIPPED
ORD005725,2026-02-11,DENVER,STILL15,3122.0,SHIPPED
ORD005022,10/04/2026,Miami,ENER25,1429.0,SHIPPED
ORD000465,2025-12-16, new york,JUICE10,144.0,SHIPPED
ORD008649,2026-02-26,San Francisco,JUICE10,457.0,SHIPPED
ORD002848,2026-07-28,PHOENIX,COLA33,29822.0,SHIPPED
ORD003811,2025-09-22, atlanta,STILL15,1175.0,SHIPPED
ORD005326,2026-05-28,Seattle ,COLA33,45679.0,SHIPPED
ORD008142,2026-04-10,DETROIT,ENER25,29416.0,SHIPPED
ORD008298,2025-09-23,San Francisco,SPARK10,22250.0,SHIPPED
ORD001580,2026-08-04,Chicago,COLA33,57913.0,SHIPPED
ORD000649,19/09/2025,Los Angeles,STILL15,7594.0,SHIPPED
ORD004168,2026-02-12,Atlanta,TEA50,14334.0,SHIPPED
ORD007819,2026-04-13,Detroit,COLA33,13549.0,SHIPPED
ORD004125,2025-09-11,Atlanta ,TEA50,29769.0,SHIPPED
ORD001072,15/09/2025,Los Angeles,JUICE10,9594.0,SHIPPED
ORD008576,2026-06-16,SAN FRANCISCO,TEA50,10549.0,SHIPPED
ORD000872,24/09/2025,Los Angeles ,COLA33,41481.0,SHIPPED
ORD007933,19/05/2026,Detroit,TEA50,1433.0,SHIPPED
ORD006588,2026-06-15,Boston ,COLA33,19174.0,SHIPPED
ORD008120,2026-01-12,Detroit ,ENER25,11600.0,SHIPPED
ORD001438,2026-04-06,Chicago ,SPARK10,16678.0,SHIPPED
ORD002185,2026-06-02,Houston ,COLA33,22823.0,SHIPPED
ORD007145,08/10/2025, minneapolis,COLA33,48656.0,SHIPPED
ORD002551,2025-10-06,Phoenix,STILL15,4690.0,SHIPPED
ORD005350,03/08/2026,Seattle,COLA33,29492.0,SHIPPED
ORD007809,2026-03-06,Detroit,COLA33,63763.0,SHIPPED
ORD001381,17/09/2025,Chicago,SPARK10,4693.0,SHIPPED
ORD005782,20/08/2026,Denver,STILL15,19894.0,SHIPPED
ORD001966,2026-04-28, houston,STILL15,9434.0,SHIPPED
ORD001617,04/12/2025,Chicago,TEA50,17966.0,SHIPPED
ORD008013,2026-01-27,Detroit,JUICE10,7223.0,SHIPPED
ORD004654,2026-08-21, miami,SPARK10,16367.0,SHIPPED
ORD000530,2026-07-13,New York,JUICE10,16533.0,SHIPPED
ORD003948,2026-01-07,Atlanta,SPARK10,2796.0,SHIPPED
ORD006857,2025-12-31,Boston,ENER25,8567.0,SHIPPED
ORD000802,2026-02-11,Los Angeles,SPARK10,22748.0,SHIPPED
ORD008164,2026-06-25,Detroit,ENER25,12067.0,SHIPPED
ORD003411,10/11/2025,PHILADELPHIA,COLA33,33396.0,SHIPPED
ORD003700,2025-09-10,Philadelphia,ENER25,8448.0,SHIPPED
ORD002209,2026-08-13,Houston,COLA33,77087.0,SHIPPED
ORD002901,2026-02-03,Phoenix,TEA50,11612.0,SHIPPED
ORD004231,11/09/2025,Atlanta,JUICE10,1357.0,SHIPPED
ORD006802,24/06/2026,Boston,JUICE10,962.0,SHIPPED
ORD007025,14/07/2026,Minneapolis,STILL15,11584.0,SHIPPED
ORD007751,20/08/2026,Detroit,SPARK10,9592.0,SHIPPED
ORD008217,16/12/2025,San Francisco,STILL15,21908.0,SHIPPED
ORD001444,2026-04-29,Chicago,SPARK10,5929.0,SHIPPED
ORD008206,2025-11-19,San Francisco,STILL15,14302.0,SHIPPED
ORD001448,11/05/2026,Chicago,SPARK10,24616.0,SHIPPED
ORD003986,2026-05-28,Atlanta,SPARK10,19614.0,SHIPPED
ORD000307,2026-07-28,NEW YORK,COLA33,69866.0,SHIPPED
ORD001715,2025-11-20,CHICAGO,JUICE10,2669.0,SHIPPED
ORD008122,2026-01-19, detroit,ENER25,13711.0,SHIPPED
ORD000229,2025-10-16,NEW YORK,COLA33,3726.0,SHIPPED
ORD001149,15/07/2026,Los Angeles ,JUICE10,16578.0,SHIPPED
ORD004182,2026-04-01,Atlanta,TEA50,4339.0,SHIPPED
ORD006950,25/11/2025,Minneapolis,STILL15,14989.0,SHIPPED
ORD006934,2025-10-01, minneapolis,STILL15,8426.0,SHIPPED
ORD000387,2026-04-23,New York,TEA50,34773.0,SHIPPED
ORD005346,31/07/2026,Seattle,COLA33,6089.0,SHIPPED
ORD002746,2026-08-10,Phoenix,SPARK10,17254.0,SHIPPED
ORD001565,2026-06-16,Chicago,COLA33,9277.0,SHIPPED
ORD003174,26/08/2026,PHOENIX,ENER25,2083.0,SHIPPED
ORD002976,2025-10-08,Phoenix,JUICE10,9823.0,SHIPPED
ORD000800,2026-02-02,Los Angeles,SPARK10,2057.0,SHIPPED
ORD005786,2025-09-05,Denver,SPARK10,4110.0,SHIPPED
ORD007306,01/06/2026,Minneapolis,TEA50,7516.0,SHIPPED
ORD008733,2025-11-26,San Francisco,ENER25,4222.0,SHIPPED
ORD001193,2025-12-03,Los Angeles,ENER25,596.0,SHIPPED
ORD003580,06/08/2026,Philadelphia,TEA50,3137.0,SHIPPED
ORD006084,2026-07-17,DENVER,TEA50,841.0,SHIPPED
ORD008811,2026-08-17,San Francisco,ENER25,27248.0,SHIPPED
ORD003482,2026-07-30,PHILADELPHIA,COLA33,69641.0,SHIPPED
ORD001731,2026-01-21,Chicago,JUICE10,4179.0,SHIPPED
ORD003092,2025-11-27,Phoenix ,ENER25,5762.0,SHIPPED
ORD008778,2026-05-01,San Francisco,ENER25,30444.0,SHIPPED
ORD002464,14/01/2026,Houston,ENER25,22439.0,SHIPPED
ORD000369,2026-02-24,New York,TEA50,4923.0,SHIPPED
ORD002998,2025-12-29,Phoenix,JUICE10,12414.0,SHIPPED
ORD003428,2026-01-19,Philadelphia,COLA33,22596.0,SHIPPED
ORD007995,2025-12-09,Detroit ,JUICE10,2282.0,SHIPPED
ORD004025,01/10/2025,Atlanta,COLA33,74963.0,SHIPPED
ORD000069,2026-05-13,New York,STILL15,23115.0,SHIPPED
ORD005755,2026-05-20, denver,STILL15,4876.0,SHIPPED
ORD007324,29/07/2026,Minneapolis,TEA50,14252.0,SHIPPED
ORD003403,2025-10-23,Philadelphia,COLA33,34021.0,SHIPPED
ORD003851,18/02/2026,Atlanta,STILL15,19891.0,SHIPPED
ORD005348,2026-07-28,Seattle,COLA33,16317.0,SHIPPED
ORD005671,2026-08-27,Seattle,ENER25,2532.0,SHIPPED
ORD000853,27/07/2026,Los Angeles,SPARK10,4445.0,SHIPPED
ORD005090,2025-12-18,Seattle,STILL15,13618.0,SHIPPED
ORD002049,2026-03-16,HOUSTON,SPARK10,17755.0,SHIPPED
ORD001391,17/10/2025, chicago,SPARK10,19540.0,SHIPPED
ORD007864,2025-09-19, detroit,TEA50,2514.0,SHIPPED
ORD003592,2025-09-24,Philadelphia,JUICE10,2955.0,SHIPPED
ORD004738,08/06/2026,Miami,COLA33,81846.0,SHIPPED
ORD005238,2026-06-22,Seattle,SPARK10,6556.0,SHIPPED
ORD006831,02/10/2025, boston,ENER25,1879.0,SHIPPED
ORD002127,2025-11-14,Houston,COLA33,64186.0,SHIPPED
ORD003721,2025-11-19,Philadelphia ,ENER25,20541.0,SHIPPED
ORD005402,2026-02-11,Seattle,TEA50,203.0,SHIPPED
ORD008169,2026-07-09,Detroit,ENER25,6533.0,SHIPPED
ORD001283,14/10/2025,Chicago,STILL15,32580.0,SHIPPED
ORD004278,10/02/2026,Atlanta,JUICE10,5956.0,SHIPPED
ORD001111,2026-02-06,Los Angeles,JUICE10,13146.0,SHIPPED
ORD008219,2025-12-22,San Francisco,STILL15,11764.0,SHIPPED
ORD007724,2026-05-14,Detroit ,SPARK10,6463.0,SHIPPED
ORD006731,20/11/2025,Boston,JUICE10,3541.0,SHIPPED
ORD006682,2026-06-04,Boston,TEA50,12701.0,SHIPPED
ORD002795,2026-02-04,Phoenix,COLA33,99450.0,SHIPPED
ORD004465,2025-11-18,Miami,STILL15,16950.0,SHIPPED
ORD008909,2026-02-11,Seattle,TEA50,291.0,CANCELLED
ORD007977,17/10/2025,Detroit,JUICE10,1644.0,SHIPPED
ORD000795,2026-01-08,LOS ANGELES,SPARK10,33370.0,SHIPPED
ORD004971,2025-09-24,Miami ,ENER25,529.0,SHIPPED
ORD005467,23/09/2025,Seattle,JUICE10,732.0,SHIPPED
ORD005580,2025-10-14,Seattle,ENER25,11396.0,SHIPPED
ORD002222,2025-09-30,Houston,TEA50,29146.0,SHIPPED
ORD001080,2025-10-23,LOS ANGELES,JUICE10,17264.0,SHIPPED
ORD001078,2025-10-14,Los Angeles ,JUICE10,5601.0,SHIPPED
ORD008716,2025-10-10,San Francisco ,ENER25,3281.0,SHIPPED
ORD000778,2025-11-26,Los Angeles,SPARK10,3907.0,SHIPPED
ORD006210,29/09/2025,Denver ,ENER25,7000.0,SHIPPED
ORD007998,2025-12-15, detroit,JUICE10,9981.0,SHIPPED
ORD002140,2025-12-25,Houston,COLA33,20356.0,SHIPPED
ORD000485,2026-02-12,NEW YORK,JUICE10,71.0,SHIPPED
ORD003070,2025-09-01,PHOENIX,ENER25,25755.0,SHIPPED
ORD001135,11/05/2026,Los Angeles,JUICE10,8983.0,SHIPPED
ORD006424,2025-12-12,Boston ,SPARK10,4727.0,SHIPPED
ORD003202,2025-11-25,Philadelphia,STILL15,7479.0,SHIPPED
ORD006662,2026-03-24,Boston,TEA50,11043.0,SHIPPED
ORD007475,2026-01-01,Minneapolis ,ENER25,13505.0,SHIPPED
ORD004914,12/03/2026,Miami,JUICE10,1114.0,SHIPPED
ORD004623,08/05/2026,Miami,SPARK10,4978.0,SHIPPED
ORD001360,2026-06-26,Chicago,STILL15,35637.0,SHIPPED
ORD007411,2026-05-19,Minneapolis,JUICE10,5248.0,SHIPPED
ORD000111,2025-10-03,NEW YORK,SPARK10,36962.0,SHIPPED
ORD001658,2026-04-28,Chicago,TEA50,2688.0,SHIPPED
ORD004706,2026-02-19, miami,COLA33,13688.0,SHIPPED
ORD001377,01/09/2025,Chicago,SPARK10,15035.0,SHIPPED
ORD003356,2026-04-29,Philadelphia,SPARK10,14382.0,SHIPPED
ORD003984,22/05/2026,Atlanta ,SPARK10,1092.0,SHIPPED
ORD006713,25/09/2025,Boston,JUICE10,7064.0,SHIPPED
ORD003416,2025-12-02,Philadelphia,COLA33,39901.0,SHIPPED
ORD000046,2026-02-09,New York,STILL15,20770.0,SHIPPED
ORD000980,30/09/2025,Los Angeles,TEA50,7376.0,SHIPPED
ORD000216,09/09/2025,New York,COLA33,211125.0,SHIPPED
ORD001780,2026-07-14,Chicago,JUICE10,5389.0,SHIPPED
ORD004731,2026-05-12,Miami,COLA33,42679.0,SHIPPED
ORD003449,30/03/2026,Philadelphia,COLA33,32595.0,SHIPPED
ORD002303,2026-07-29, houston,TEA50,18300.0,SHIPPED
ORD008553,2026-04-08,San Francisco,TEA50,4261.0,SHIPPED
ORD003941,2025-12-17,Atlanta,SPARK10,9383.0,SHIPPED
ORD003078,2025-10-08,Phoenix,ENER25,29383.0,SHIPPED
ORD007992,24/11/2025, detroit,JUICE10,5693.0,SHIPPED
ORD006016,2025-12-01,Denver,TEA50,19816.0,SHIPPED
ORD000402,2026-06-03,New York,TEA50,3868.0,SHIPPED
ORD005766,2026-06-22,Denver,STILL15,7978.0,SHIPPED
ORD006550,2026-02-17,Boston,COLA33,3504.0,SHIPPED
ORD004489,2026-01-27,Miami,STILL15,23662.0,SHIPPED
ORD006217,2025-10-30,Denver ,ENER25,21516.0,SHIPPED
ORD004925,16/04/2026,Miami,JUICE10,5421.0,SHIPPED
ORD001089,12/11/2025,Los Angeles,JUICE10,2066.0,SHIPPED
ORD008277,2026-06-29,San Francisco,STILL15,1343.0,SHIPPED
ORD002774,18/11/2025,Phoenix,COLA33,43860.0,SHIPPED
ORD004315,2026-07-01, atlanta,JUICE10,1086.0,SHIPPED
ORD003630,2026-02-04,Philadelphia,JUICE10,12037.0,SHIPPED
ORD008046,26/05/2026,Detroit,JUICE10,3413.0,SHIPPED
ORD007141,2025-09-25,Minneapolis,COLA33,24462.0,SHIPPED
ORD005539,10/06/2026,SEATTLE,JUICE10,2474.0,SHIPPED
ORD001093,2025-11-27,Los Angeles ,JUICE10,4219.0,SHIPPED
ORD006480,02/06/2026,Boston,SPARK10,2998.0,SHIPPED
ORD003972,2026-04-15,Atlanta,SPARK10,20918.0,SHIPPED
ORD008586,2026-07-24,San Francisco,TEA50,8291.0,SHIPPED
ORD004657,01/09/2025,Miami,COLA33,42779.0,SHIPPED
ORD004321,16/07/2026,Atlanta,JUICE10,5586.0,SHIPPED
ORD003472,2026-06-26,PHILADELPHIA,COLA33,95099.0,SHIPPED
ORD007471,2025-12-19,Minneapolis,ENER25,15225.0,SHIPPED
ORD000329,13/10/2025,New York ,TEA50,14420.0,SHIPPED
ORD004588,2025-12-12,Miami,SPARK10,5229.0,SHIPPED
ORD008878,2025-09-12,Seattle,ENER25,8113.0,CANCELLED
ORD007991,28/11/2025,Detroit,JUICE10,3229.0,SHIPPED
ORD002244,2025-12-22,Houston,TEA50,8459.0,SHIPPED
ORD008904,22/01/2026,HOUSTON,JUICE10,2982.0,CANCELLED
ORD008737,15/12/2025,San Francisco,ENER25,26916.0,SHIPPED
ORD003462,2026-05-19,Philadelphia,COLA33,21369.0,SHIPPED
ORD008143,13/04/2026,Detroit,ENER25,9405.0,SHIPPED
ORD007327,2026-08-13,Minneapolis,TEA50,9777.0,SHIPPED
ORD006334,21/01/2026,Boston,STILL15,450.0,SHIPPED
ORD003820,2025-10-21,Atlanta,STILL15,15931.0,SHIPPED
ORD002449,2025-11-27,Houston,ENER25,15849.0,SHIPPED
ORD005339,2026-07-03, seattle,COLA33,43704.0,SHIPPED
ORD004293,2026-03-31,Atlanta,JUICE10,8434.0,SHIPPED
ORD000390,27/04/2026,NEW YORK,TEA50,19741.0,SHIPPED
ORD001043,02/06/2026,Los Angeles,TEA50,41937.0,SHIPPED
ORD006663,2026-04-01,Boston,TEA50,17105.0,SHIPPED
ORD007499,2026-03-27, minneapolis,ENER25,19671.0,SHIPPED
ORD001143,2026-06-15,Los Angeles,JUICE10,5089.0,SHIPPED
ORD006220,2025-11-19,DENVER,ENER25,7958.0,SHIPPED
ORD004595,2026-01-19, miami,SPARK10,6660.0,SHIPPED
ORD004191,23/04/2026,Atlanta ,TEA50,22088.0,SHIPPED
ORD001602,2025-10-23, chicago,TEA50,15699.0,SHIPPED
ORD002159,2026-03-05,Houston,COLA33,3593.0,SHIPPED
ORD002033,2026-01-13,Houston,SPARK10,23912.0,SHIPPED
ORD001205,2026-01-01,Los Angeles,ENER25,33138.0,SHIPPED
ORD001727,2026-01-07,CHICAGO,JUICE10,19790.0,SHIPPED
ORD006317,2025-11-17,Boston,STILL15,11548.0,SHIPPED
ORD003787,2026-06-30,Philadelphia,ENER25,565.0,SHIPPED
ORD004702,2026-02-06, miami,COLA33,50806.0,SHIPPED
ORD008752,2026-02-04,San Francisco,ENER25,1239.0,SHIPPED
ORD006565,2026-04-09,Boston,COLA33,31810.0,SHIPPED
ORD004313,2026-06-25,Atlanta,JUICE10,2982.0,SHIPPED
ORD002056,2026-04-10,Houston,SPARK10,196.0,SHIPPED
ORD005623,2026-03-13,Seattle,ENER25,9232.0,SHIPPED
ORD008221,02/01/2026,SAN FRANCISCO,STILL15,14504.0,SHIPPED
ORD005071,2025-09-26,Seattle,STILL15,8693.0,SHIPPED
ORD004300,2026-04-27,Atlanta,JUICE10,7916.0,SHIPPED
ORD008669,2026-04-29,San Francisco,JUICE10,7808.0,SHIPPED
ORD007346,31/10/2025,Minneapolis,JUICE10,7039.0,SHIPPED
ORD002557,2025-10-23,Phoenix ,STILL15,10676.0,SHIPPED
ORD007780,2025-12-09,Detroit,COLA33,400.0,SHIPPED
ORD003642,2026-03-16,Philadelphia,JUICE10,8068.0,SHIPPED
ORD000568,08/12/2025,NEW YORK,ENER25,51843.0,SHIPPED
ORD002536,13/08/2026,Houston,ENER25,3585.0,SHIPPED
ORD007036,24/08/2026,Minneapolis ,STILL15,11740.0,SHIPPED
ORD000827,2026-05-04,Los Angeles,SPARK10,4383.0,SHIPPED
ORD000281,2026-04-14,New York,COLA33,100401.0,SHIPPED
ORD005622,2026-03-12,Seattle,ENER25,11387.0,SHIPPED
ORD008740,2026-01-06,SAN FRANCISCO,ENER25,1156.0,SHIPPED
ORD001651,2026-04-08,Chicago,TEA50,24303.0,SHIPPED
ORD006185,03/07/2026,Denver,JUICE10,4674.0,SHIPPED
ORD002920,2026-04-01,Phoenix,TEA50,8949.0,SHIPPED
ORD002627,2026-06-19, phoenix,STILL15,888.0,SHIPPED
ORD003295,2025-10-01,Philadelphia ,SPARK10,3337.0,SHIPPED
ORD005181,2025-12-16,Seattle,SPARK10,1592.0,SHIPPED
ORD002506,2026-05-14, houston,ENER25,11711.0,SHIPPED
ORD002481,2026-03-02,Houston,ENER25,18609.0,SHIPPED
ORD004473,2025-12-15,MIAMI,STILL15,43.0,SHIPPED
ORD003759,2026-03-25,PHILADELPHIA,ENER25,15129.0,SHIPPED
ORD002288,2026-06-18,Houston,TEA50,41225.0,SHIPPED
ORD001351,2026-06-02,Chicago,STILL15,14665.0,SHIPPED
ORD001604,2025-10-29, chicago,TEA50,24416.0,SHIPPED
ORD006216,2025-10-20,Denver,ENER25,4592.0,SHIPPED
ORD001528,06/02/2026,Chicago,COLA33,36910.0,SHIPPED
ORD005185,01/01/2026,SEATTLE,SPARK10,62.0,SHIPPED
ORD000567,05/12/2025,New York,ENER25,23633.0,SHIPPED
ORD003735,2026-01-16,Philadelphia,ENER25,6473.0,SHIPPED
ORD007510,2026-04-27,Minneapolis,ENER25,4392.0,SHIPPED
ORD006651,11/02/2026,Boston,TEA50,16170.0,SHIPPED
ORD005957,27/04/2026,Denver,COLA33,70297.0,SHIPPED
ORD002207,2026-08-07, houston,COLA33,3513.0,SHIPPED
ORD002189,2026-06-15,HOUSTON,COLA33,74392.0,SHIPPED
ORD007242,2025-10-16,Minneapolis,TEA50,6635.0,SHIPPED
ORD007202,2026-05-27,Minneapolis,COLA33,39169.0,SHIPPED
ORD007070,2025-12-26,Minneapolis,SPARK10,15815.0,SHIPPED
ORD000268,23/02/2026,New York,COLA33,58727.0,SHIPPED
ORD000431,2025-09-04,New York,JUICE10,3665.0,SHIPPED
ORD000552,2025-10-14,New York,ENER25,36590.0,SHIPPED
ORD000784,2025-12-11,LOS ANGELES,SPARK10,9501.0,SHIPPED
ORD004774,2025-11-12,MIAMI,TEA50,7201.0,SHIPPED
ORD003555,12/05/2026,Philadelphia,TEA50,2123.0,SHIPPED
ORD001219,2026-02-23,Los Angeles,ENER25,4904.0,SHIPPED
ORD008936,2026-04-23, new york,SPARK10,1586.0,CANCELLED
ORD004789,2025-12-31,Miami,TEA50,4792.0,SHIPPED
ORD004972,02/10/2025,Miami,ENER25,42389.0,SHIPPED
ORD005893,24/09/2025, denver,COLA33,75938.0,SHIPPED
ORD002959,2026-07-27,Phoenix,TEA50,17604.0,SHIPPED
ORD007773,2025-11-12,Detroit,COLA33,2543.0,SHIPPED
ORD008006,2026-01-09,Detroit ,JUICE10,1156.0,SHIPPED
ORD003533,2026-02-19,Philadelphia,TEA50,10495.0,SHIPPED
ORD005832,2026-02-10, denver,SPARK10,6847.0,SHIPPED
ORD004931,27/04/2026,Miami,JUICE10,1012.0,SHIPPED
ORD006963,29/01/2026,MINNEAPOLIS,STILL15,8806.0,SHIPPED
ORD008065,2026-07-30,Detroit,JUICE10,1548.0,SHIPPED
ORD008611,21/10/2025,SAN FRANCISCO,JUICE10,3040.0,SHIPPED
ORD003113,10/02/2026,Phoenix,ENER25,6156.0,SHIPPED
ORD007398,2026-04-08,Minneapolis ,JUICE10,2880.0,SHIPPED
ORD007527,2026-06-25,Minneapolis ,ENER25,15627.0,SHIPPED
ORD007784,2025-12-18,DETROIT,COLA33,38649.0,SHIPPED
ORD001383,26/09/2025,Chicago,SPARK10,6748.0,SHIPPED
ORD005115,2026-04-01,Seattle,STILL15,21550.0,SHIPPED
ORD007832,2026-05-27,Detroit,COLA33,58477.0,SHIPPED
ORD004047,2025-12-17,Atlanta,COLA33,1022.0,SHIPPED
ORD000348,2025-12-08, new york,TEA50,22242.0,SHIPPED
ORD005495,06/01/2026,Seattle,JUICE10,6541.0,SHIPPED
ORD008418,2025-12-10,San Francisco ,COLA33,27928.0,SHIPPED
ORD004883,2025-12-09, miami,JUICE10,7455.0,SHIPPED
ORD002659,2025-10-22,Phoenix,SPARK10,5290.0,SHIPPED
ORD007245,23/10/2025,Minneapolis,TEA50,5211.0,SHIPPED
ORD007150,23/10/2025,Minneapolis,COLA33,14061.0,SHIPPED
ORD004583,25/11/2025,MIAMI,SPARK10,10521.0,SHIPPED
ORD000049,2026-02-23,New York,STILL15,41462.0,SHIPPED
ORD000261,2026-02-03,New York,COLA33,11669.0,SHIPPED
ORD005169,2025-10-24,Seattle,SPARK10,16853.0,SHIPPED
ORD008738,2025-12-26,San Francisco,ENER25,24819.0,SHIPPED
ORD002084,2026-06-29, houston,SPARK10,15084.0,SHIPPED
ORD002654,2025-09-23,Phoenix ,SPARK10,17343.0,SHIPPED
ORD005746,2026-04-17,Denver,STILL15,10352.0,SHIPPED
ORD003550,2026-04-27,Philadelphia,TEA50,5413.0,SHIPPED
ORD000935,2026-04-28,Los Angeles,COLA33,129175.0,SHIPPED
ORD002681,2025-12-15,Phoenix,SPARK10,8458.0,SHIPPED
ORD002364,2026-02-16, houston,JUICE10,2125.0,SHIPPED
ORD007982,30/10/2025,Detroit,JUICE10,4260.0,SHIPPED
ORD007186,2026-04-01,Minneapolis,COLA33,61002.0,SHIPPED
ORD002401,25/06/2026,Houston,JUICE10,5876.0,SHIPPED
ORD005827,26/01/2026,Denver,SPARK10,10337.0,SHIPPED
ORD004233,2025-09-17,Atlanta,JUICE10,1111.0,SHIPPED
ORD002380,2026-04-14,Houston,JUICE10,10406.0,SHIPPED
ORD006410,2025-11-07,Boston,SPARK10,1464.0,SHIPPED
ORD003189,30/10/2025,Philadelphia,STILL15,7701.0,SHIPPED
ORD007455,2025-10-27, minneapolis,ENER25,12220.0,SHIPPED
ORD007713,2026-03-26,Detroit,SPARK10,11879.0,SHIPPED
ORD003627,22/01/2026,Philadelphia ,JUICE10,8689.0,SHIPPED
ORD007020,03/07/2026, minneapolis,STILL15,6876.0,SHIPPED
ORD002115,01/10/2025,HOUSTON,COLA33,15229.0,SHIPPED
ORD000029,2025-12-08,New York,STILL15,24792.0,SHIPPED
ORD000569,15/12/2025,New York,ENER25,23473.0,SHIPPED
ORD004581,2025-11-21,Miami,SPARK10,814.0,SHIPPED
ORD005891,2025-09-19, denver,COLA33,46162.0,SHIPPED
ORD003254,2026-05-18,Philadelphia,STILL15,220.0,SHIPPED
ORD005567,2025-09-12,Seattle,ENER25,10560.0,SHIPPED
ORD000301,02/07/2026,New York ,COLA33,18878.0,SHIPPED
ORD007836,2026-06-17,DETROIT,COLA33,51366.0,SHIPPED
ORD004949,2026-07-03,Miami,JUICE10,16055.0,SHIPPED
ORD005475,2025-11-07,Seattle,JUICE10,4086.0,SHIPPED
ORD002701,25/02/2026,Phoenix,SPARK10,2278.0,SHIPPED
ORD005903,2025-11-05, denver,COLA33,53154.0,SHIPPED
ORD008247,2026-03-18,San Francisco,STILL15,6526.0,SHIPPED
ORD000674,2025-12-01,Los Angeles,STILL15,12539.0,SHIPPED
ORD003156,2026-07-01,Phoenix,ENER25,32387.0,SHIPPED
ORD007745,2026-07-21,Detroit,SPARK10,10314.0,SHIPPED
ORD006566,2026-04-07,BOSTON,COLA33,49544.0,SHIPPED
ORD007285,2026-03-13,Minneapolis,TEA50,15519.0,SHIPPED
ORD007840,2026-07-08,Detroit,COLA33,35400.0,SHIPPED
ORD004254,2025-11-21, atlanta,JUICE10,135.0,SHIPPED
ORD007930,2026-05-13,Detroit,TEA50,895.0,SHIPPED
ORD002671,2025-11-28,Phoenix,SPARK10,9509.0,SHIPPED
ORD007483,29/01/2026,Minneapolis ,ENER25,8682.0,SHIPPED
ORD006189,2026-07-17,Denver,JUICE10,11605.0,SHIPPED
ORD007798,2026-01-28,Detroit,COLA33,592.0,SHIPPED
ORD007454,2025-10-31,Minneapolis,ENER25,4232.0,SHIPPED
ORD000243,2025-12-04,New York,COLA33,166454.0,SHIPPED
ORD000484,12/02/2026, new york,JUICE10,26863.0,SHIPPED
ORD004935,13/05/2026, miami,JUICE10,5043.0,SHIPPED
ORD008304,2025-10-22,San Francisco ,SPARK10,7361.0,SHIPPED
ORD004114,2026-07-30,Atlanta ,COLA33,101369.0,SHIPPED
ORD004144,17/11/2025,Atlanta ,TEA50,32070.0,SHIPPED
ORD005866,2026-06-11,Denver,SPARK10,12345.0,SHIPPED
ORD006298,04/09/2025,Boston,STILL15,3680.0,SHIPPED
ORD002098,2026-08-13,Houston,SPARK10,7913.0,SHIPPED
ORD004916,2026-03-13,Miami,JUICE10,959.0,SHIPPED
ORD003725,2025-12-02,Philadelphia,ENER25,21054.0,SHIPPED
ORD003838,02/01/2026,Atlanta ,STILL15,19083.0,SHIPPED
ORD004879,2025-11-19,Miami,JUICE10,2585.0,SHIPPED
ORD004587,2025-12-11, miami,SPARK10,11764.0,SHIPPED
ORD003809,2025-09-19,ATLANTA,STILL15,30016.0,SHIPPED
ORD005479,18/11/2025,Seattle ,JUICE10,11741.0,SHIPPED
ORD000168,23/03/2026,New York,SPARK10,747.0,SHIPPED
ORD005619,2026-02-25,Seattle,ENER25,17575.0,SHIPPED
ORD002947,17/06/2026,Phoenix,TEA50,12417.0,SHIPPED
ORD007853,21/08/2026,Detroit ,COLA33,39506.0,SHIPPED
ORD002733,30/06/2026, phoenix,SPARK10,23785.0,SHIPPED
ORD005868,2026-06-25,DENVER,SPARK10,1279.0,SHIPPED
ORD001948,19/02/2026,Houston,STILL15,125.0,SHIPPED
ORD004333,12/08/2026,Atlanta,JUICE10,1028.0,SHIPPED
ORD000605,10/04/2026,New York,ENER25,32786.0,SHIPPED
ORD000758,2025-09-09,Los Angeles,SPARK10,25506.0,SHIPPED
ORD005219,01/05/2026,Seattle,SPARK10,12453.0,SHIPPED
ORD000252,2026-01-05,New York,COLA33,36858.0,SHIPPED
ORD001348,2026-05-26,Chicago,STILL15,11110.0,SHIPPED
ORD007856,2026-08-27,Detroit,COLA33,27599.0,SHIPPED
ORD001951,27/02/2026, houston,STILL15,10145.0,SHIPPED
ORD000957,07/07/2026,LOS ANGELES,COLA33,145502.0,SHIPPED
ORD006542,06/01/2026,Boston,COLA33,81828.0,SHIPPED
ORD007619,2026-05-01, detroit,STILL15,7616.0,SHIPPED
ORD002411,2026-07-30,Houston,JUICE10,2475.0,SHIPPED
ORD000706,25/03/2026,Los Angeles,STILL15,24081.0,SHIPPED
ORD006044,12/03/2026,Denver ,TEA50,13480.0,SHIPPED
ORD001711,2025-11-10,Chicago ,JUICE10,2916.0,SHIPPED
ORD000141,2025-12-25,New York,SPARK10,12028.0,SHIPPED
ORD002480,06/03/2026,Houston,ENER25,1164.0,SHIPPED
ORD006090,30/07/2026,Denver,TEA50,1577.0,SHIPPED
ORD006786,14/05/2026,Boston ,JUICE10,3902.0,SHIPPED
ORD007879,14/11/2025,Detroit,TEA50,7531.0,SHIPPED
ORD001406,2025-12-12,Chicago,SPARK10,10807.0,SHIPPED
ORD008248,2026-03-27,San Francisco,STILL15,3906.0,SHIPPED
ORD000190,2026-06-05,NEW YORK,SPARK10,6335.0,SHIPPED
ORD006137,2026-01-05,Denver,JUICE10,6421.0,SHIPPED
ORD001000,2025-12-12,Los Angeles,TEA50,32441.0,SHIPPED
ORD001639,18/02/2026,Chicago ,TEA50,31396.0,SHIPPED
ORD002434,2025-10-02,Houston,ENER25,17210.0,SHIPPED
ORD007293,22/04/2026,Minneapolis,TEA50,13054.0,SHIPPED
ORD005739,2026-03-26,Denver ,STILL15,12628.0,SHIPPED
ORD000770,21/10/2025,Los Angeles,SPARK10,18870.0,SHIPPED
ORD006685,2026-06-17,Boston,TEA50,14230.0,SHIPPED
ORD008195,13/10/2025,San Francisco,STILL15,2270.0,SHIPPED
ORD008012,2026-01-22,Detroit,JUICE10,1265.0,SHIPPED
ORD005689,2025-10-23, denver,STILL15,17808.0,SHIPPED
ORD006252,2026-03-18,Denver,ENER25,6239.0,SHIPPED
ORD003279,27/07/2026,Philadelphia,STILL15,1508.0,SHIPPED
ORD001271,2025-09-01,Chicago,STILL15,16390.0,SHIPPED
ORD001777,10/07/2026,Chicago,JUICE10,11707.0,SHIPPED
ORD003565,2026-06-10,Philadelphia ,TEA50,20430.0,SHIPPED
ORD000327,2025-09-29,New York ,TEA50,13282.0,SHIPPED
ORD005193,2026-02-09,Seattle ,SPARK10,538.0,SHIPPED
ORD007486,2026-02-03,Minneapolis ,ENER25,7860.0,SHIPPED
ORD005454,07/08/2026,SEATTLE,TEA50,12431.0,SHIPPED
ORD002055,01/04/2026,HOUSTON,SPARK10,7840.0,SHIPPED
ORD004297,2026-04-22,ATLANTA,JUICE10,5617.0,SHIPPED
ORD000245,12/12/2025,New York,COLA33,44448.0,SHIPPED
ORD002816,2026-04-17,Phoenix,COLA33,12015.0,SHIPPED
ORD001759,15/04/2026,CHICAGO,JUICE10,7417.0,SHIPPED
ORD000518,08/06/2026,NEW YORK,JUICE10,4694.0,SHIPPED
ORD001680,15/07/2026,Chicago ,TEA50,19418.0,SHIPPED
ORD001251,26/06/2026, los angeles,ENER25,17460.0,SHIPPED
ORD004817,06/05/2026,MIAMI,TEA50,1803.0,SHIPPED
ORD004067,25/02/2026,Atlanta,COLA33,110249.0,SHIPPED
ORD007687,2025-12-31,Detroit,SPARK10,4756.0,SHIPPED
ORD005985,19/08/2026,Denver,COLA33,25435.0,SHIPPED
ORD007494,2026-03-11,Minneapolis,ENER25,4247.0,SHIPPED
ORD002317,24/09/2025,Houston,JUICE10,2000.0,SHIPPED
ORD001697,2025-09-19,Chicago,JUICE10,9120.0,SHIPPED
ORD005239,22/06/2026,Seattle,SPARK10,1310.0,SHIPPED
ORD005186,2026-01-01,Seattle,SPARK10,8926.0,SHIPPED
ORD002546,16/09/2025,Phoenix,STILL15,4531.0,SHIPPED
ORD003276,2026-07-23,Philadelphia,STILL15,3567.0,SHIPPED
ORD006428,2025-12-16,Boston,SPARK10,2568.0,SHIPPED
ORD007374,20/01/2026, minneapolis,JUICE10,1230.0,SHIPPED
ORD003590,10/09/2025,Philadelphia,JUICE10,14272.0,SHIPPED
ORD004455,10/10/2025,MIAMI,STILL15,6386.0,SHIPPED
ORD003282,2026-08-03, philadelphia,STILL15,471.0,SHIPPED
ORD005913,2025-12-23,Denver,COLA33,69946.0,SHIPPED
ORD004026,2025-10-01,ATLANTA,COLA33,21160.0,SHIPPED
ORD005415,2026-04-01,Seattle,TEA50,3349.0,SHIPPED
ORD000960,2026-07-24,Los Angeles ,COLA33,131549.0,SHIPPED
ORD004537,2026-06-15,Miami,STILL15,17082.0,SHIPPED
ORD000343,25/11/2025,New York,TEA50,12838.0,SHIPPED
ORD000929,2026-04-06,Los Angeles,COLA33,50271.0,SHIPPED
ORD002877,2025-11-26, phoenix,TEA50,3584.0,SHIPPED
ORD008267,20/05/2026,San Francisco ,STILL15,20944.0,SHIPPED
ORD004497,2026-02-24,Miami,STILL15,3482.0,SHIPPED
ORD007065,2025-12-05,Minneapolis,SPARK10,8591.0,SHIPPED
ORD005407,2026-03-11,Seattle,TEA50,27777.0,SHIPPED
ORD003159,2026-07-13,Phoenix,ENER25,20212.0,SHIPPED
ORD008392,04/09/2025,San Francisco,COLA33,71982.0,SHIPPED
ORD001429,05/03/2026,Chicago,SPARK10,21065.0,SHIPPED
ORD001719,2025-12-02, chicago,JUICE10,860.0,SHIPPED
ORD001716,2025-11-17,Chicago,JUICE10,12952.0,SHIPPED
ORD003077,2025-10-02,PHOENIX,ENER25,25440.0,SHIPPED
ORD007630,2026-06-05,Detroit ,STILL15,6786.0,SHIPPED
ORD007138,2025-09-08,Minneapolis,COLA33,64546.0,SHIPPED
ORD004344,16/09/2025,Atlanta ,ENER25,2521.0,SHIPPED
ORD001704,2025-10-09,CHICAGO,JUICE10,6386.0,SHIPPED
ORD002990,2025-12-01,Phoenix,JUICE10,2998.0,SHIPPED
ORD001034,2026-04-27,Los Angeles,TEA50,40829.0,SHIPPED
ORD002952,09/07/2026,Phoenix ,TEA50,884.0,SHIPPED
ORD000383,2026-04-06,New York,TEA50,20104.0,SHIPPED
ORD001350,26/05/2026,Chicago,STILL15,225.0,SHIPPED
ORD007445,2025-09-24,Minneapolis,ENER25,6218.0,SHIPPED
ORD000667,10/11/2025,Los Angeles,STILL15,198.0,SHIPPED
ORD008440,10/02/2026,San Francisco,COLA33,53254.0,SHIPPED
ORD005956,22/04/2026,Denver,COLA33,38994.0,SHIPPED
ORD002096,2026-08-07,Houston,SPARK10,983.0,SHIPPED
ORD003184,2025-10-16, philadelphia,STILL15,13198.0,SHIPPED
ORD007827,04/05/2026,Detroit,COLA33,22537.0,SHIPPED
ORD001171,2025-09-15,Los Angeles ,ENER25,19558.0,SHIPPED
ORD005667,2026-08-03,Seattle,ENER25,18995.0,SHIPPED
ORD006746,2026-01-08,Boston,JUICE10,5551.0,SHIPPED
ORD000008,25/09/2025,New York,STILL15,28502.0,SHIPPED
ORD006614,2025-09-16,Boston,TEA50,13630.0,SHIPPED
ORD005890,12/09/2025,Denver,COLA33,926.0,SHIPPED
ORD003798,11/08/2026,Philadelphia ,ENER25,3128.0,SHIPPED
ORD002125,2025-11-06,Houston,COLA33,61598.0,SHIPPED
ORD001833,2026-01-19,Chicago,ENER25,2928.0,SHIPPED
ORD000618,21/05/2026,New York,ENER25,2912.0,SHIPPED
ORD003923,2025-10-21,Atlanta,SPARK10,9894.0,SHIPPED
ORD004743,29/06/2026,Miami,COLA33,62606.0,SHIPPED
ORD008375,2026-07-10,San Francisco,SPARK10,6344.0,SHIPPED
ORD000151,2026-02-05,New York,SPARK10,34510.0,SHIPPED
ORD006228,08/12/2025,Denver ,ENER25,16323.0,SHIPPED
ORD007149,2025-10-22,Minneapolis,COLA33,16573.0,SHIPPED
ORD001002,2025-12-25,Los Angeles,TEA50,22643.0,SHIPPED
ORD008059,2026-07-10,Detroit,JUICE10,336.0,SHIPPED
ORD000945,2026-05-26,LOS ANGELES,COLA33,43719.0,SHIPPED
ORD006913,2026-06-29,Boston,ENER25,23280.0,SHIPPED
ORD008914,15/12/2025, los angeles,JUICE10,7093.0,CANCELLED
ORD005355,2026-08-24,Seattle ,COLA33,92270.0,SHIPPED
ORD000821,14/04/2026,LOS ANGELES,SPARK10,287.0,SHIPPED
ORD004438,11/08/2026, atlanta,ENER25,32790.0,SHIPPED
ORD004514,2026-04-06,Miami,STILL15,3366.0,SHIPPED
ORD000356,2026-01-08,New York,TEA50,31176.0,SHIPPED
ORD008509,2025-10-28,SAN FRANCISCO,TEA50,11927.0,SHIPPED
ORD008151,07/05/2026,Detroit,ENER25,11830.0,SHIPPED
ORD008022,2026-02-20,Detroit,JUICE10,3713.0,SHIPPED
ORD000943,2026-05-21,Los Angeles,COLA33,32456.0,SHIPPED
ORD006831,02/10/2025, boston,ENER25,1879.0,SHIPPED
ORD003878,21/05/2026,Atlanta,STILL15,19739.0,SHIPPED
ORD003287,01/09/2025,Philadelphia,SPARK10,3858.0,SHIPPED
ORD001886,15/07/2026,CHICAGO,ENER25,45510.0,SHIPPED
ORD000846,06/07/2026,Los Angeles,SPARK10,29504.0,SHIPPED
ORD005802,2025-11-04,Denver,SPARK10,4140.0,SHIPPED
ORD002082,03/07/2026,Houston,SPARK10,2213.0,SHIPPED
ORD001055,2026-07-24,Los Angeles,TEA50,4229.0,SHIPPED
ORD007427,2026-07-24,Minneapolis,JUICE10,5143.0,SHIPPED
ORD002212,28/08/2026,Houston,COLA33,32544.0,SHIPPED
ORD008650,24/02/2026,San Francisco,JUICE10,3904.0,SHIPPED
ORD004697,2026-01-22,Miami,COLA33,21965.0,SHIPPED
ORD000894,08/12/2025,LOS ANGELES,COLA33,114763.0,SHIPPED
ORD006987,2026-03-30,Minneapolis,STILL15,14317.0,SHIPPED
ORD008188,23/09/2025,SAN FRANCISCO,STILL15,11991.0,SHIPPED
ORD008145,2026-04-16,Detroit,ENER25,3249.0,SHIPPED
ORD002295,2026-07-10,Houston,TEA50,1017.0,SHIPPED
ORD001330,2026-03-24,Chicago,STILL15,1619.0,SHIPPED
ORD007249,2025-10-29,Minneapolis,TEA50,3830.0,SHIPPED
ORD000468,2025-12-29, new york,JUICE10,11089.0,SHIPPED
ORD000350,17/12/2025,New York ,TEA50,8389.0,SHIPPED
ORD006896,2026-05-07,Boston,ENER25,13535.0,SHIPPED
ORD002754,2025-09-08,Phoenix,COLA33,95523.0,SHIPPED
ORD005002,20/01/2026,Miami,ENER25,10620.0,SHIPPED
ORD006022,2025-12-31,Denver,TEA50,15497.0,SHIPPED
ORD008234,03/02/2026, san francisco,STILL15,28077.0,SHIPPED
ORD008320,22/12/2025,San Francisco,SPARK10,3985.0,SHIPPED
ORD004326,22/07/2026,Atlanta,JUICE10,5389.0,SHIPPED
ORD005335,2026-06-18,Seattle,COLA33,56708.0,SHIPPED
ORD006076,2026-06-09,Denver,TEA50,7145.0,SHIPPED
ORD000024,25/11/2025,New York,STILL15,33467.0,SHIPPED
ORD004912,04/03/2026,Miami ,JUICE10,10726.0,SHIPPED
ORD008873,22/04/2026,Miami,STILL15,6844.0,CANCELLED
ORD003569,2026-06-23,Philadelphia,TEA50,14897.0,SHIPPED
ORD007356,2025-11-26,Minneapolis,JUICE10,4263.0,SHIPPED
ORD000144,2026-01-02,New York,SPARK10,32968.0,SHIPPED
ORD005448,09/07/2026,Seattle,TEA50,668.0,SHIPPED
ORD008856,18/11/2025,Chicago,COLA33,83494.0,CANCELLED
ORD004395,04/03/2026,Atlanta,ENER25,11375.0,SHIPPED
ORD008922,2026-05-06,Chicago,ENER25,24488.0,CANCELLED
ORD001358,2026-06-18,Chicago,STILL15,1064.0,SHIPPED
ORD005212,09/04/2026,Seattle,SPARK10,3398.0,SHIPPED
ORD001758,15/04/2026,Chicago ,JUICE10,8404.0,SHIPPED
ORD007094,2026-03-24,Minneapolis ,SPARK10,4921.0,SHIPPED
ORD005453,05/08/2026,Seattle,TEA50,2210.0,SHIPPED
ORD003014,2026-02-16,Phoenix,JUICE10,9721.0,SHIPPED
ORD008317,17/12/2025,San Francisco,SPARK10,11325.0,SHIPPED
ORD005835,26/02/2026, denver,SPARK10,5021.0,SHIPPED
ORD004215,24/07/2026,Atlanta,TEA50,1044.0,SHIPPED
ORD004142,2025-11-06,Atlanta,TEA50,11330.0,SHIPPED
ORD006293,26/08/2026,Denver,ENER25,1670.0,SHIPPED
ORD000394,2026-05-12,New York ,TEA50,11386.0,SHIPPED
ORD001320,23/02/2026,Chicago,STILL15,381.0,SHIPPED
ORD008290,2026-08-21, san francisco,STILL15,30147.0,SHIPPED
ORD004533,03/06/2026,Miami ,STILL15,26153.0,SHIPPED
ORD002810,2026-03-27, phoenix,COLA33,1857.0,SHIPPED
ORD006503,02/09/2025,Boston ,COLA33,62926.0,SHIPPED
ORD006019,2025-12-17,Denver,TEA50,15554.0,SHIPPED
ORD008969,2025-10-23,Philadelphia,COLA33,49948.0,CANCELLED
ORD000232,2025-10-30, new york,COLA33,23773.0,SHIPPED
ORD004366,2025-12-05,Atlanta ,ENER25,29751.0,SHIPPED
ORD007118,30/06/2026, minneapolis,SPARK10,5453.0,SHIPPED
ORD007317,2026-07-07,MINNEAPOLIS,TEA50,4558.0,SHIPPED
ORD002969,2025-09-10,Phoenix,JUICE10,14134.0,SHIPPED
ORD003404,2025-10-27,Philadelphia,COLA33,28942.0,SHIPPED
ORD007485,2026-02-06,Minneapolis,ENER25,8839.0,SHIPPED
ORD004791,16/01/2026,Miami,TEA50,3128.0,SHIPPED
ORD004062,2026-02-05,Atlanta,COLA33,49374.0,SHIPPED
ORD004801,2026-02-23, miami,TEA50,4239.0,SHIPPED
ORD001786,2026-08-03,Chicago,JUICE10,16393.0,SHIPPED
ORD005536,2026-05-27,Seattle,JUICE10,1056.0,SHIPPED
ORD007802,2026-02-12,Detroit,COLA33,27366.0,SHIPPED
ORD004427,01/07/2026,Atlanta ,ENER25,1142.0,SHIPPED
ORD004006,2026-07-20,Atlanta,SPARK10,10582.0,SHIPPED
ORD008128,2026-02-04,Detroit,ENER25,16346.0,SHIPPED
ORD004980,2025-10-28,Miami ,ENER25,3139.0,SHIPPED
ORD003746,10/02/2026,Philadelphia,ENER25,16115.0,SHIPPED
ORD002491,03/04/2026,HOUSTON,ENER25,8751.0,SHIPPED
ORD008270,2026-06-08,San Francisco,STILL15,15477.0,SHIPPED
ORD004161,2026-01-15,Atlanta,TEA50,11189.0,SHIPPED
ORD003340,2026-03-10,Philadelphia,SPARK10,6950.0,SHIPPED
ORD005268,28/10/2025,Seattle,COLA33,49933.0,SHIPPED
ORD006264,18/05/2026,Denver,ENER25,4426.0,SHIPPED
ORD004957,2026-08-03,Miami ,JUICE10,12765.0,SHIPPED
ORD006023,2026-01-02,Denver ,TEA50,1492.0,SHIPPED
ORD001904,2025-09-09,Houston ,STILL15,11412.0,SHIPPED
ORD008696,2026-07-24,San Francisco,JUICE10,1309.0,SHIPPED
ORD005788,2025-09-05,Denver ,SPARK10,5467.0,SHIPPED
ORD006793,2026-06-01,Boston,JUICE10,2873.0,SHIPPED
ORD001753,27/03/2026,Chicago,JUICE10,12687.0,SHIPPED
ORD007756,11/09/2025,DETROIT,COLA33,16844.0,SHIPPED
ORD008466,2026-05-18, san francisco,COLA33,21491.0,SHIPPED
ORD001430,2026-03-11,Chicago,SPARK10,30835.0,SHIPPED
ORD001176,2025-10-03,Los Angeles,ENER25,18658.0,SHIPPED
ORD005061,17/08/2026,Miami,ENER25,2734.0,SHIPPED
ORD008598,02/09/2025,San Francisco,JUICE10,2792.0,SHIPPED
ORD004283,09/03/2026,Atlanta,JUICE10,456.0,SHIPPED
ORD003990,12/06/2026,Atlanta ,SPARK10,22016.0,SHIPPED
ORD000614,2026-05-15,New York ,ENER25,14595.0,SHIPPED
ORD001522,21/01/2026,Chicago,COLA33,71558.0,SHIPPED
ORD000296,08/06/2026,New York,COLA33,82580.0,SHIPPED
ORD004991,08/12/2025,MIAMI,ENER25,17881.0,SHIPPED
ORD006188,07/07/2026,DENVER,JUICE10,5773.0,SHIPPED
ORD006186,2026-07-03,Denver,JUICE10,1762.0,SHIPPED
ORD008341,2026-03-09, san francisco,SPARK10,14418.0,SHIPPED
ORD004436,2026-08-06,Atlanta ,ENER25,31762.0,SHIPPED
ORD008251,2026-04-01,San Francisco,STILL15,13612.0,SHIPPED
ORD006624,2025-10-30,Boston,TEA50,17966.0,SHIPPED
ORD001636,09/02/2026,Chicago,TEA50,11385.0,SHIPPED
ORD000059,2026-04-09,New York,STILL15,8233.0,SHIPPED
ORD001541,24/03/2026,Chicago,COLA33,84815.0,SHIPPED
ORD007511,2026-05-06,MINNEAPOLIS,ENER25,5839.0,SHIPPED
ORD008902,07/08/2026,Atlanta,TEA50,2893.0,CANCELLED
ORD002050,24/03/2026,Houston,SPARK10,4433.0,SHIPPED
ORD004009,30/07/2026,Atlanta,SPARK10,14622.0,SHIPPED
ORD004463,07/11/2025,Miami,STILL15,4018.0,SHIPPED
ORD006611,2025-09-03,Boston,TEA50,1498.0,SHIPPED
ORD007169,2026-01-20, minneapolis,COLA33,2015.0,SHIPPED
ORD005196,26/02/2026,Seattle,SPARK10,1633.0,SHIPPED
ORD001104,06/01/2026,Los Angeles,JUICE10,18220.0,SHIPPED
ORD000554,2025-10-20,New York,ENER25,3061.0,SHIPPED
ORD003554,2026-05-06,Philadelphia,TEA50,3719.0,SHIPPED
ORD008180,2026-08-20,DETROIT,ENER25,2436.0,SHIPPED
ORD005675,2025-09-10,Denver,STILL15,12918.0,SHIPPED
ORD004612,26/03/2026,Miami,SPARK10,14099.0,SHIPPED
ORD005313,08/04/2026,Seattle ,COLA33,64345.0,SHIPPED
ORD000835,2026-05-25,Los Angeles,SPARK10,15273.0,SHIPPED
ORD002962,2026-08-10,Phoenix,TEA50,12384.0,SHIPPED
ORD007157,18/11/2025, minneapolis,COLA33,30449.0,SHIPPED
ORD004499,05/03/2026, miami,STILL15,8295.0,SHIPPED
ORD000502,2026-04-10,New York,JUICE10,3194.0,SHIPPED
ORD004135,2025-10-23,Atlanta,TEA50,4109.0,SHIPPED
ORD002651,09/09/2025,PHOENIX,SPARK10,17988.0,SHIPPED
ORD001751,19/03/2026,Chicago,JUICE10,11449.0,SHIPPED
ORD005240,2026-07-02,Seattle,SPARK10,15402.0,SHIPPED
ORD005554,2026-08-04,Seattle ,JUICE10,4146.0,SHIPPED
ORD007799,02/02/2026,Detroit ,COLA33,27946.0,SHIPPED
ORD000624,02/06/2026,New York,ENER25,8884.0,SHIPPED
ORD000985,2025-10-17,Los Angeles,TEA50,9131.0,SHIPPED
ORD004377,2026-01-07,Atlanta,ENER25,1328.0,SHIPPED
ORD008991,11/09/2025,Houston,,350.0,SHIPPED
ORD004138,27/10/2025,Atlanta,TEA50,13278.0,SHIPPED
ORD005018,2026-03-27, miami,ENER25,1697.0,SHIPPED
ORD004792,2026-01-15, miami,TEA50,25167.0,SHIPPED
ORD007135,26/08/2026,MINNEAPOLIS,SPARK10,3444.0,SHIPPED
ORD000149,2026-01-22,New York,SPARK10,14391.0,SHIPPED
ORD004905,2026-02-06,MIAMI,JUICE10,2158.0,SHIPPED
ORD000763,2025-10-02,Los Angeles,SPARK10,34090.0,SHIPPED
ORD003263,18/06/2026,Philadelphia,STILL15,8358.0,SHIPPED
ORD001531,2026-02-20,CHICAGO,COLA33,9466.0,SHIPPED
ORD006391,2026-08-14,Boston,STILL15,2949.0,SHIPPED
ORD001909,2025-09-22,Houston,STILL15,27633.0,SHIPPED
ORD003526,2026-01-20,Philadelphia,TEA50,4883.0,SHIPPED
ORD005559,2026-08-19,Seattle,JUICE10,8198.0,SHIPPED
ORD000750,2026-07-27,Los Angeles,STILL15,4852.0,SHIPPED
ORD001906,2025-09-18,Houston ,STILL15,12235.0,SHIPPED
ORD002524,2026-07-10, houston,ENER25,1655.0,SHIPPED
ORD003679,2026-07-06,Philadelphia,JUICE10,8850.0,SHIPPED
ORD002373,26/03/2026,Houston ,JUICE10,98.0,SHIPPED
ORD004887,2025-12-23,Miami,JUICE10,3591.0,SHIPPED
ORD001720,09/12/2025,CHICAGO,JUICE10,10624.0,SHIPPED
ORD001637,2026-02-11,CHICAGO,TEA50,6734.0,SHIPPED
ORD007449,2025-10-09,Minneapolis,ENER25,15202.0,SHIPPED
ORD004865,2025-09-25,Miami ,JUICE10,7697.0,SHIPPED
ORD004618,2026-04-20,Miami,SPARK10,18135.0,SHIPPED
ORD004488,2026-01-27,Miami,STILL15,1704.0,SHIPPED
ORD008204,11/11/2025,San Francisco,STILL15,14088.0,SHIPPED
ORD003209,2026-01-01,Philadelphia,STILL15,6458.0,SHIPPED
ORD007422,2026-07-07, minneapolis,JUICE10,9883.0,SHIPPED
ORD005191,2026-02-03,SEATTLE,SPARK10,14909.0,SHIPPED
ORD008593,2026-08-19,San Francisco,TEA50,6377.0,SHIPPED
ORD003490,2025-09-01,Philadelphia,TEA50,18548.0,SHIPPED
ORD004607,2026-03-02,Miami,SPARK10,3393.0,SHIPPED
ORD000870,2025-09-15,Los Angeles,COLA33,87624.0,SHIPPED
ORD007560,2025-10-13,Detroit,STILL15,960.0,SHIPPED
ORD005799,2025-10-31,Denver,SPARK10,674.0,SHIPPED
ORD007888,03/12/2025,Detroit,TEA50,2589.0,SHIPPED
ORD005748,20/04/2026,Denver,STILL15,9002.0,SHIPPED
ORD005067,2025-09-12,Seattle,STILL15,15941.0,SHIPPED
ORD005676,11/09/2025,Denver,STILL15,5772.0,SHIPPED
ORD004329,06/08/2026,Atlanta,JUICE10,8577.0,SHIPPED
ORD007457,2025-11-04,Minneapolis ,ENER25,39469.0,SHIPPED
ORD001353,2026-06-04, chicago,STILL15,2307.0,SHIPPED
ORD006656,2026-03-11,Boston,TEA50,11011.0,SHIPPED
ORD000877,2025-10-09,Los Angeles,COLA33,8078.0,SHIPPED
ORD006535,2025-12-16,Boston,COLA33,40202.0,SHIPPED
ORD008800,2026-07-17,San Francisco,ENER25,8315.0,SHIPPED
ORD003732,2025-12-30,Philadelphia,ENER25,15059.0,SHIPPED
ORD002453,19/12/2025,Houston,ENER25,10464.0,SHIPPED
ORD004200,20/05/2026, atlanta,TEA50,6571.0,SHIPPED
ORD008655,2026-03-13,San Francisco,JUICE10,174.0,SHIPPED
ORD003265,2026-06-19,Philadelphia,STILL15,3038.0,SHIPPED
ORD001910,2025-10-02,Houston,STILL15,23957.0,SHIPPED
ORD008106,05/12/2025, detroit,ENER25,13221.0,SHIPPED
ORD006169,2026-04-23,Denver,JUICE10,6330.0,SHIPPED
ORD001785,27/07/2026, chicago,JUICE10,17903.0,SHIPPED
ORD006938,2025-10-06,Minneapolis,STILL15,2917.0,SHIPPED
ORD002991,2025-12-03,Phoenix,JUICE10,3954.0,SHIPPED
ORD003479,2026-07-23,Philadelphia,COLA33,8021.0,SHIPPED
ORD000765,2025-10-09,Los Angeles,SPARK10,13983.0,SHIPPED
ORD004518,22/04/2026,Miami,STILL15,4737.0,SHIPPED
ORD000022,2025-11-20,New York,STILL15,29562.0,SHIPPED
ORD001710,2025-11-03,CHICAGO,JUICE10,11431.0,SHIPPED
ORD006943,30/10/2025,Minneapolis,STILL15,13887.0,SHIPPED
ORD003706,2025-10-02,Philadelphia,ENER25,18579.0,SHIPPED
ORD001230,2026-04-10,Los Angeles,ENER25,18687.0,SHIPPED
ORD000244,2025-12-12,New York,COLA33,132183.0,SHIPPED
ORD005862,2026-05-25,Denver,SPARK10,5011.0,SHIPPED
ORD005245,2026-07-24,Seattle,SPARK10,107.0,SHIPPED
ORD007786,2025-12-24,Detroit,COLA33,32770.0,SHIPPED
ORD003330,2026-02-10,Philadelphia,SPARK10,17067.0,SHIPPED
ORD005319,2026-04-28,Seattle,COLA33,444.0,SHIPPED
ORD006855,22/12/2025,Boston,ENER25,21422.0,SHIPPED
ORD008632,07/01/2026,SAN FRANCISCO,JUICE10,3131.0,SHIPPED
ORD008486,07/08/2026,San Francisco,COLA33,9211.0,SHIPPED
ORD005770,2026-06-29,Denver,STILL15,5229.0,SHIPPED
ORD000987,22/10/2025,LOS ANGELES,TEA50,22239.0,SHIPPED
ORD007330,2026-08-21,Minneapolis,TEA50,13177.0,SHIPPED
ORD002985,10/11/2025, phoenix,JUICE10,8760.0,SHIPPED
ORD008987,2026-06-10, seattle,SPARK10,2515.0,CANCELLED
ORD000611,2026-04-27,New York,ENER25,17225.0,SHIPPED
